{"kgrid":[1,1,1],"a":11.38307142857143,"temperature":0.0,"Ecut":50.0,"lattice":[[0.0,5.691535714285715,5.691535714285715],[5.691535714285715,0.0,5.691535714285715],[5.691535714285715,5.691535714285715,0.0]],"n_electr":8,"n_bands":4,"α":[0.6,0.6,0.6,0.6,0.6,0.6,0.6,0.6,0.6,0.6,0.6,0.6,0.6,0.6,0.6,0.6,0.6,0.6,0.6,0.6,0.6],"energies":[-7.382276118360937,-7.384854273509603,-7.348230080794469,-7.385831896297011,-7.387216546386842,-7.385050279500147,-7.387191475372765,-7.387277885171304,-7.387274045439226,-7.387290184998573,-7.387290085915836,-7.38729034646383,-7.387290448883171,-7.387290450908186,-7.387290453461169,-7.3872904571969835,-7.387290457201209,-7.387290457220905,-7.387290457235977,-7.387290457238933,-7.3872904572389935],"residuals":[[2.586703877700409e-8,2.4018816913031623e-8,5.819460562863708e-9,5.3694240796518825e-9,5.202635361453533e-8,9.473702048551537e-8,3.848310989485664e-8]],"smearing":"DFTK.Smearing.None()","ndiag":[1,1,1,1,1,1,1,1,1,1,1,1,1,1,1,1,1,1,1,1,1],"fft_size":[54,54,54],"eigenvalues":[[-0.1993847704909794,0.17391028171441514,0.17391028541638628,0.17391030939546287,0.1783101609291973,0.2563227074996005,0.25632271916732596]],"n_kirred":1}