{"kgrid":[1,1,1],"a":11.38307142857143,"temperature":0.0,"Ecut":50.0,"lattice":[[0.0,5.691535714285715,5.691535714285715],[5.691535714285715,0.0,5.691535714285715],[5.691535714285715,5.691535714285715,0.0]],"n_electr":8,"n_bands":4,"α":[0.6,0.6,0.6,0.6,0.6,0.6,0.6,0.6,0.6,0.6,0.6,0.6,0.6,0.6,0.6,0.6,0.6,0.6,0.6,0.6],"energies":[-7.382317914528928,-7.3850713045380525,-7.350982255021316,-7.386168821505452,-7.387062166059446,-7.386165963829263,-7.3868858967385975,-7.387050731811888,-7.387212283174489,-7.3872895329310655,-7.387288972882884,-7.387290354721415,-7.387290360054011,-7.387290441064208,-7.387290456960793,-7.387290457138964,-7.387290457212586,-7.387290457232956,-7.387290457238462,-7.387290457239034],"residuals":[[5.2577497550088095e-8,5.8397037011191944e-8,4.045385900963268e-8,6.56994787625278e-8,4.540474084175812e-8,2.494190930538215e-8,3.314579700414306e-8]],"smearing":"DFTK.Smearing.None()","ndiag":[1,1,1,1,1,1,1,1,1,1,1,1,1,1,1,1,1,1,1,1],"fft_size":[54,54,54],"eigenvalues":[[-0.19938476556163115,0.17391029266754718,0.17391029783086243,0.17391030040189248,0.17831016682651965,0.2563227172398973,0.2563227250009471]],"n_kirred":1}