{"kgrid":[1,1,1],"a":11.38307142857143,"temperature":0.0,"Ecut":50.0,"lattice":[[0.0,5.691535714285715,5.691535714285715],[5.691535714285715,0.0,5.691535714285715],[5.691535714285715,5.691535714285715,0.0]],"n_electr":8,"n_bands":4,"α":[0.6,0.6,0.6,0.6,0.6,0.6,0.6,0.6,0.6,0.6,0.6,0.6,0.6,0.6,0.6,0.6,0.6,0.6,0.6],"energies":[-7.382578113999642,-7.386319013919129,-7.383309375966039,-7.387072530512201,-7.387194844410692,-7.3869985039421255,-7.3872875538852,-7.387276390039281,-7.387286236923103,-7.387290085330944,-7.3872903453023975,-7.387290452073263,-7.387290456027028,-7.387290456732726,-7.387290457166083,-7.387290457152627,-7.387290457234494,-7.387290457238108,-7.3872904572389615],"residuals":[[5.2264702786506186e-8,5.3256177221263625e-8,7.041787639213346e-8,4.052275174875739e-8,3.309667337634581e-8,2.6117900916980446e-8,2.9408851423180973e-8]],"smearing":"DFTK.Smearing.None()","ndiag":[1,1,1,1,1,1,1,1,1,1,1,1,1,1,1,1,1,1,1],"fft_size":[54,54,54],"eigenvalues":[[-0.19938477114071956,0.1739102889843973,0.1739102915982538,0.17391029488036397,0.17831015931004257,0.2563227140487167,0.2563227162983562]],"n_kirred":1}