{"4":[2.7458341905035843,1.980578337852181,0.9709438002872495,1.1249715074879028,1.1733524279941772,0.7082141461346906,0.9412242609088066,1.6619133708682594,2.5658861505877524,1.8366617396328435,0.4865105854373534,0.22672566357145482,0.08110231715497865,0.023195797967860844,0.005593691920899702,0.0014419100981591052,0.000537473184456839,0.0001920829878569577,6.843682956951099e-5,2.3992470605772782e-5,7.971076933226415e-6,2.590830622981139e-6,8.727992714857208e-7,1.8404607021125975e-7,5.224445693194562e-8,1.7905134480418906e-8,1.3358633691636767e-8,1.3291875023133632e-8,7.1556554452659096e-9,2.160572090773369e-9,4.726653587820922e-10],"2":[3.6572073395089615,2.380992041475334,3.1093959447756014,3.873526605261839,2.9166101097088495,2.806245073039098,7.347591859066424,7.9796933662378295,3.701929837185759,2.195439150629166,0.6718768953361375,0.31454040000588324,0.11962173521299757,0.0325665615656891,0.010666755562714752,0.0027456383675427635,0.0012963671516721096,0.0004072521090248258,0.00014336797327441997,4.007764888892672e-5,1.1396342323887636e-5,3.769533584255316e-6,1.281141211267077e-6,2.4641242402747526e-7,7.90562548052323e-8,3.4562500665577125e-8,1.6789067958309605e-8,1.9863521943183715e-8,1.107714598698811e-8,2.4284408444421207e-9,6.444544196527666e-10],"3":[2.4348320889425463,2.0067494642916492,0.7305884688620777,0.6845311109284123,0.6929078129496126,0.29820050249702074,0.17926919209112546,0.20254205376950496,0.44804215319971963,0.8323363093262488,0.39230914807267203,0.20407308551307254,0.06432835585674981,0.01715848801670946,0.0035206209028083462,0.0010642415855711728,0.0003336853861545559,0.00011003916610259257,3.8055200812660446e-5,1.1930551778611513e-5,4.015238622745837e-6,1.5855665058828938e-6,5.775756077695153e-7,1.4863043571257617e-7,3.408040712405069e-8,7.470745362046245e-9,2.6034922752093648e-9,1.7410424767266967e-9,1.8038018209547231e-9,1.0331421997684832e-9,3.2274303260727626e-10],"1":[2.79209643097873,1.084623658264594,0.21830204946710136,0.028750794047689706,0.011246143866554547,0.0022698204781151855,0.000631383385954411,0.00016182610463058705,3.71457021119832e-5,4.764353424309357e-6,4.827968416724437e-7,7.834314547212865e-8,3.1408921424634926e-8,1.4357088396251612e-8,1.7647269058151062e-9,5.878710634855418e-10]}