{"4":[3.665679922148451,2.3853312413614236,3.1379159569266797,3.900649701742813,2.9233471107983924,2.8255284070068956,7.474676282982486,8.030282900809878,3.616331440449898,2.122646244686695,0.662854475946885,0.312652520586474,0.11954553887619529,0.03257977144627067,0.01067388345907086,0.0027571576577505915,0.001301302281369529,0.0004092042323229012,0.00014371281794967842,4.000494018842148e-5,1.1313124808127964e-5,3.7394128116347967e-6,1.2681781499661106e-6,2.4377354343380523e-7,7.547440316688996e-8,2.989365411551259e-8,7.910087958941788e-9,1.8462667443586124e-9,1.3706425231776658e-9,1.5595996590492793e-9,6.02105127399555e-10],"2":[2.600959944470249,1.9755208474040729,0.832243752931636,0.8857374952373226,0.9172176178415103,0.4916434727399681,0.5339893281092232,0.9019686789538457,1.7086514197439078,1.5567257065833568,0.4492283484003979,0.21488837179516715,0.07403754415758441,0.021119153442644513,0.004623067126389311,0.0012891092714910168,0.000435737024584714,0.00015604726387019024,5.5212238467026595e-5,1.943624578194353e-5,6.706575744459169e-6,2.2797361235721286e-6,7.468481469304271e-7,1.6941668539353366e-7,4.345286853304248e-8,1.1727537090672067e-8,4.023015664715503e-9,1.3353538026372428e-9,9.674543757574616e-10],"3":[2.6044034151737576,1.9753341980678016,0.8350743570349454,0.8906616664584472,0.9226722838664261,0.49619665786421174,0.5423929166003736,0.9182272284890585,1.7311117721868152,1.5648368447490981,0.45006516273254765,0.21512762729945703,0.07420028928923122,0.021173889565608714,0.0046452684825648,0.0012927811806682774,0.00043796010323487555,0.00015692385124257895,5.553162312033001e-5,1.9554293584969293e-5,6.7408984703626325e-6,2.2878027496858007e-6,7.498223922823682e-7,1.6976599283408987e-7,4.364244682309224e-8,1.182752245524807e-8,4.108563776590976e-9,1.4949145278734784e-9,1.3183358933292983e-9,1.3218775144005714e-9,4.075468563588176e-10],"1":[2.7920965252882053,1.0846236452913807,0.21830203790822927,0.028750786949445262,0.01124614140939122,0.002269819828638382,0.0006313832442692842,0.00016182609721492492,3.714569922213843e-5,4.764350833655326e-6,4.827883654759543e-7,7.832743352630319e-8,3.1328937785135265e-8,1.431979150646453e-8,1.7498193611347964e-9,5.716682986109797e-10]}