{"4":[3.5223414012569094,1.3742560446231005,0.8116830832678947,0.22811550779957046,0.1341580550828814,0.11750962232446109,0.08815954498123268,0.05036015039099781,0.023479673267358385,0.006930925143950069,0.0029985876202940384,0.0008527340917861305,0.000229303148397331,0.00010213196409096414,2.692864398403513e-5,1.210415174472601e-5,3.735277789137819e-6,1.149619353620781e-6,3.2421037572591343e-7,1.0683336812592672e-7,2.7858557285620565e-8,9.385110424358838e-9,1.7192024216439096e-9,7.673136404810464e-10],"2":[2.539443004874808,1.7683149532948694,0.6455509084517819,0.359364010174266,0.2560893799588388,0.17038427655223146,0.10536498876360903,0.04957353030736973,0.013890388160564503,0.004790389470652053,0.0019355172441992202,0.0005386818282964931,0.00013647192304278708,3.325862649634544e-5,1.1740830085018511e-5,3.7096298792208885e-6,1.3992262173917712e-6,5.617175923400877e-7,1.5746953122461597e-7,6.449076656677724e-8,1.9328997092853435e-8,4.784713727592974e-9,1.2941869534084808e-9,3.563124473240726e-10],"3":[2.587449467170033,1.870456042684413,0.7401559096271795,0.5943980482837518,0.5314110881056509,0.24453128069748736,0.11654055923615476,0.050520129664465334,0.013949486068344907,0.004802684038674487,0.001934304263891911,0.000542738759032363,0.0001374717229545832,3.3354027644701665e-5,1.1775416383893976e-5,3.732001731710581e-6,1.4073414681340937e-6,5.656348702043865e-7,1.583966088547137e-7,6.433262654243047e-8,1.9402847473052674e-8,4.798537311080339e-9,1.2945440176152617e-9,3.570189737259607e-10],"1":[2.6823885912244454,0.720733258342329,0.16443979143365284,0.013066741999964113,0.0031850483977344003,0.0005634085998846316,0.0002308248962483186,3.801279166812993e-5,3.4968529029452866e-6,6.27332118769068e-7,2.2492820413958207e-7,5.7306573037426155e-8,2.438766652638539e-8,7.799861951583803e-9,1.7488016377335297e-9,2.8094812668714955e-10]}