{"4":[3.7122573580368186,2.409104974647816,3.297633228789309,4.049521730400742,2.9563447943939347,2.931566666083917,8.247661715144522,8.302838232748346,3.016912588097751,1.467929454795379,0.5327116976789285,0.2737586928514807,0.11532740131924786,0.032406157894117035,0.010661871771188339,0.0028162189294003446,0.0013265588155667982,0.00041990143517484573,0.00014543541269251866,3.9464284646338096e-5,1.0741909733971697e-5,3.513232720101442e-6,1.16560801105932e-6,2.232713359563637e-7,5.703115896249356e-8,2.4413375856103948e-8,7.462103292081574e-9,2.050359116103221e-9,2.51745632276044e-9,1.7032607278624862e-9,4.852185020028276e-10],"2":[2.5174726080147227,1.9852541243347113,0.7699356186307238,0.7755534617184979,0.793983332934442,0.38857149581438993,0.3453003927075369,0.5314764724935306,1.1241049007209702,1.3109128398810215,0.42841495650472705,0.20967445094962117,0.06993290912769881,0.019596814009778245,0.004087917238516586,0.0011933701526141293,0.0003838516606194468,0.00013414026534737066,4.7162339066635466e-5,1.6258964922171932e-5,5.717748374735326e-6,2.048189478312321e-6,6.72773872876631e-7,1.6049542800959612e-7,3.904108851860593e-8,9.894010597856627e-9,3.9596517479596476e-9,2.8676959682931752e-9,2.8975023456448505e-9,1.4627929787537152e-9,3.805949832800011e-10],"3":[2.4144803557612935,2.014384568397222,0.7333365590594965,0.669766979523454,0.6762496559520682,0.27763663312958964,0.13908133214959983,0.1261915149264046,0.2612050223202337,0.5926837482846427,0.3631643537766073,0.19984593361147807,0.06211889622974242,0.01613055489274695,0.0033525002638970856,0.0010200762649650234,0.00032070140507625764,0.00010318956808709716,3.550991794919378e-5,1.047400578199277e-5,3.2939566303397264e-6,1.3123850098490824e-6,5.312520604553217e-7,1.4349882641868202e-7,3.2583496128585286e-8,6.7662228344799194e-9,2.202098146684588e-9,1.4661274889075645e-9,1.5571383887059648e-9,8.619206450964649e-10],"1":[2.7920964895287086,1.084623584085476,0.21830203527836853,0.028750791473525893,0.011246143539962243,0.002269820294901197,0.000631383317427679,0.00016182609285896163,3.714569873991778e-5,4.764321811441886e-6,4.826607281708324e-7,7.825881600688427e-8,2.9877280783549846e-8,1.0108182583371338e-8,1.7357828291225677e-9,5.747134765432822e-10]}