{"4":[3.609532932219945,1.524451470459639,1.210721605161725,0.8683104734384914,0.5958931838226499,0.22536663320614203,0.09846017116958314,0.03865518472838532,0.01910691587643974,0.006174833399265139,0.0028978090565732633,0.0008519982459024339,0.00023039748811920198,0.00010389078225915378,2.754479017544033e-5,1.2489669118960216e-5,3.7846541744475772e-6,1.152611326222004e-6,3.1605439517380823e-7,1.0239829002834856e-7,2.6787748772336752e-8,8.837282733044573e-9,1.3809988071980336e-9,5.614588209421429e-10],"2":[2.456447949584183,1.8027458146608006,0.6141685346754121,0.3649081212919542,0.2945453442606581,0.1827404749464146,0.1021621181049943,0.046390859151746226,0.012677112613923017,0.004632310917464668,0.001863151636024596,0.0005195617030155355,0.0001240137962837308,2.9596306405243404e-5,1.0202467290639428e-5,3.2271786870352125e-6,1.1511003726117314e-6,4.770386625444756e-7,1.3321953981092911e-7,5.673931694610714e-8,1.789233464997129e-8,4.347137063128008e-9,1.161240737470051e-9,3.0332438115479497e-10],"3":[2.354589051183598,1.862375109663769,0.5918417514731933,0.37939159912988757,0.3675690904819452,0.20141149931198454,0.09245910528167768,0.040443577608413384,0.010633489177748518,0.004359887799611569,0.0017662886377007138,0.00048609833009424064,9.915521843433692e-5,2.4669493045261377e-5,7.92977344366722e-6,2.5726976823687535e-6,8.042028949916725e-7,3.2554377303011765e-7,8.06428363989378e-8,3.3849322924746147e-8,1.3782594120370283e-8,3.6801943896705855e-9,9.541550746264316e-10],"1":[2.698565026881673,0.8687268184875395,0.18115115484637975,0.019002666847401213,0.006533508672355989,0.0015326164231056758,0.000467275872620747,8.456904363686612e-5,2.6382383864971293e-5,3.957201197796093e-6,5.508080726521992e-7,2.1111371277290132e-7,4.6756606739407035e-8,1.4352401084153632e-8,2.3851801485311517e-9,6.254573375358687e-10]}