{"4":[2.7051659814433484,1.7770424415555353,0.759555292514147,0.4945966818639887,0.3983428926412658,0.22660688671136311,0.12427208028887295,0.05567121712624838,0.01566022389472625,0.005083604858082163,0.002078004433580407,0.0005785225025485103,0.00015521869129989124,4.049511035424012e-5,1.428378395849538e-5,4.587094836004949e-6,1.8066079944445502e-6,6.831690674672916e-7,1.9261665782036844e-7,7.445014117487391e-8,2.132807615485669e-8,5.575121400797449e-9,1.4927082752097771e-9,4.3536547640213987e-10],"2":[3.6158124926521547,1.7528004998707647,1.63081384865894,1.2920962296881164,0.6810997794907184,0.24798886248069515,0.12582667623801935,0.05919837200050041,0.024318163787115907,0.007016538791521389,0.0029735727429017486,0.0008498967431986563,0.00023337408148543508,0.00010124701742563173,2.72689473003915e-5,1.2071227923490896e-5,3.7353844264641697e-6,1.1686677695176769e-6,3.2569933277634267e-7,1.0770655058016237e-7,2.854945668755181e-8,9.476922528720706e-9,1.7468627561148962e-9,7.865462642570997e-10],"3":[2.358002814306657,1.8085410156232162,0.555098806088972,0.289035460857499,0.18733781510720854,0.12693545345414214,0.08339996392097827,0.04120343120134957,0.011057657372694901,0.004425373305911205,0.0017968988744567168,0.000494778440886289,0.00010594399998271988,2.5861054230607593e-5,8.459362180830047e-6,2.7156112250331163e-6,8.805747748312718e-7,3.628523711013347e-7,9.574594095167633e-8,4.200629891507994e-8,1.5295350931196283e-8,3.855640870947821e-9,1.005280847182462e-9,2.369109089381681e-10],"1":[2.7530876978792236,1.0252271661328443,0.2057959832196146,0.025702703285727546,0.009821350745038588,0.002071055594862466,0.0005804272035941801,0.00013870713769175444,3.45985162643888e-5,4.541960833089092e-6,5.144890994482737e-7,1.416538785926058e-7,6.17572247791048e-8,1.894112020395542e-8,2.384582979975662e-9,7.962770299880892e-10]}