{"kgrid":[1,1,1],"a":11.396357142857145,"temperature":0.0,"Ecut":50.0,"lattice":[[0.0,5.698178571428572,5.698178571428572],[5.698178571428572,0.0,5.698178571428572],[5.698178571428572,5.698178571428572,0.0]],"n_electr":8,"n_bands":4,"α":[0.6,0.6,0.6,0.6,0.6,0.6,0.6,0.6,0.6,0.6,0.6,0.6,0.6,0.6,0.6,0.6,0.6,0.6,0.6,0.6,0.6,0.6,0.6,0.6,0.6,0.6],"energies":[-7.382270464190267,-7.382752135880283,-7.337053564406653,-7.328626907716207,-7.367692895835967,-7.376516211508903,-7.386726971138546,-7.384596079896342,-7.386843555668952,-7.387283096825534,-7.387362180877499,-7.387401477523795,-7.387404072410368,-7.387395467764701,-7.387404934368327,-7.387400567924106,-7.387405413340564,-7.387405608413301,-7.3874056191141495,-7.387405706426048,-7.387405708206122,-7.387405708496338,-7.387405708687355,-7.387405708720632,-7.387405708724415,-7.387405708724489],"residuals":[[4.34419630086716e-8,6.173728912143184e-8,6.336454582626827e-8,7.893033893416901e-8,3.504414440135229e-7,1.3386413310745814e-7,4.41838603835786e-8]],"smearing":"DFTK.Smearing.None()","ndiag":[1,1,1,1,1,1,1,1,1,1,1,1,1,1,1,1,1,1,1,1,1,1,1,1,1,1],"fft_size":[54,54,54],"eigenvalues":[[-0.19988917070848775,0.17272865504939758,0.1727286662017903,0.17272868039416478,0.1759759467547384,0.2550677765277527,0.25506778079383624]],"n_kirred":1}