{"kgrid":[1,1,1],"a":11.396357142857145,"temperature":0.0,"Ecut":50.0,"lattice":[[0.0,5.698178571428572,5.698178571428572],[5.698178571428572,0.0,5.698178571428572],[5.698178571428572,5.698178571428572,0.0]],"n_electr":8,"n_bands":4,"α":[0.6,0.6,0.6,0.6,0.6,0.6,0.6,0.6,0.6,0.6,0.6,0.6,0.6,0.6,0.6,0.6,0.6,0.6,0.6,0.6,0.6,0.6,0.6],"energies":[-7.382606094975893,-7.38449251518162,-7.342118080329002,-7.383731329760691,-7.386900599687765,-7.383214916239897,-7.386652193233551,-7.387083098672667,-7.387298355791607,-7.387393435900329,-7.387391535198862,-7.387390933217477,-7.387402268622648,-7.387405649089125,-7.3874056427704575,-7.387405589771388,-7.3874056914483965,-7.387405706704433,-7.387405708693922,-7.387405708661667,-7.3874057087128175,-7.387405708724437,-7.387405708725171],"residuals":[[7.565132349806899e-8,6.79826617234695e-8,6.289865724637597e-8,3.642517507632212e-8,4.921964933412453e-7,6.898082460927587e-8,6.971546724612689e-8]],"smearing":"DFTK.Smearing.None()","ndiag":[1,1,1,1,1,1,1,1,1,1,1,1,1,1,1,1,1,1,1,1,1,1,1],"fft_size":[54,54,54],"eigenvalues":[[-0.19988917937832593,0.17272864774159247,0.17272865919089675,0.17272866470223083,0.1759759366972174,0.25506776805198406,0.2550677714545053]],"n_kirred":1}