{"kgrid":[1,1,1],"a":11.396357142857145,"temperature":0.0,"Ecut":50.0,"lattice":[[0.0,5.698178571428572,5.698178571428572],[5.698178571428572,0.0,5.698178571428572],[5.698178571428572,5.698178571428572,0.0]],"n_electr":8,"n_bands":4,"α":[0.6,0.6,0.6,0.6,0.6,0.6,0.6,0.6,0.6,0.6,0.6,0.6,0.6,0.6,0.6,0.6,0.6,0.6,0.6,0.6,0.6,0.6,0.6,0.6,0.6,0.6,0.6],"energies":[-7.382129311892123,-7.38281528600302,-7.3383479736479575,-7.3636626258946425,-7.362221936872558,-7.380560286608995,-7.385660311768561,-7.386850182601057,-7.383563733201811,-7.387212030960566,-7.387306897456977,-7.387398696592362,-7.387399278676086,-7.387398579553331,-7.387405221369724,-7.387405585990949,-7.387405614459407,-7.387405688795997,-7.387405701088257,-7.387405707834491,-7.387405708068936,-7.387405708394168,-7.387405708706375,-7.387405708724357,-7.3874057087221345,-7.387405708725211,-7.387405708725254],"residuals":[[1.7979133895958786e-8,2.490806795261643e-8,2.862418049594203e-8,1.801048587575527e-8,3.159557393503627e-8,1.3497094430638593e-8,1.852199738170026e-8]],"smearing":"DFTK.Smearing.None()","ndiag":[1,1,1,1,1,1,1,1,1,1,1,1,1,1,1,1,1,1,1,1,1,1,1,1,1,1,1],"fft_size":[54,54,54],"eigenvalues":[[-0.19988917489095734,0.17272866004628934,0.1727286631528272,0.17272866366873013,0.17597594187436433,0.25506777414243914,0.25506777485253657]],"n_kirred":1}