{"4":[3.2130426507383465,2.154046464737968,1.8235780497770802,2.4707989971024182,2.3454876871576733,1.8749627987173847,3.5857676963484604,5.8788052509233895,5.621154981062413,3.410307961594319,0.855085196762307,0.3844250023753492,0.14370947592856706,0.03964490960195409,0.012038298194420292,0.0027730885766166927,0.0012716967352285303,0.00040366598894155256,0.00015001643127761415,4.878476061804535e-5,1.5248843922702234e-5,4.873285099294831e-6,1.7014004330147878e-6,3.189599791193285e-7,1.0691639424617147e-7,3.630367398726344e-8,1.567719073454835e-8,1.4664767551767889e-8,1.2491314466649927e-8,4.022962968625094e-9,8.96754785646287e-10],"2":[2.4264223843820556,2.0098049297983103,0.729397056559238,0.6772798107995698,0.6846013149201214,0.28926116100550653,0.16247120714415572,0.17198414056936384,0.3856559728444182,0.8607092090429639,0.49964530217317116,0.27220486198787697,0.08552997743337495,0.022493838036373993,0.0046181055501695835,0.0013924489013171612,0.000438606019833473,0.00014369192384855678,4.902925574318815e-5,1.4858780200840964e-5,4.814957023090133e-6,1.907180905114702e-6,7.415113522069652e-7,1.97177107207383e-7,4.552427903684589e-8,1.173595432364576e-8,1.1219352481089592e-8,1.1019367525763265e-8,4.3202177396984266e-9,1.448161790380563e-9,4.212540891028244e-10],"3":[3.3867777353619832,2.2476908828142412,2.2887878610323784,3.069720980208043,2.706133914462734,2.3433645299290364,5.020971932439763,7.4920219295594315,5.997955369377508,3.631816565449698,0.9184850987401499,0.4115412648167306,0.15330715440378415,0.04200706589677601,0.013261611480043897,0.0031273116210907355,0.0014632244733491357,0.0004566397167585344,0.00016935671966649787,5.268160056874059e-5,1.6199539898609776e-5,5.245847080918416e-6,1.816102449348941e-6,3.396792177796166e-7,1.1565969413496886e-7,3.9372789609023465e-8,1.3274013120009874e-8,8.343069254910307e-9,1.0117047456993349e-8,4.0189444578855375e-9,9.66495735524715e-10],"1":[2.7954671115746743,1.08632942426365,0.21854627585930586,0.02882886120163263,0.011289655974406353,0.0022811389984537436,0.0006333319256818633,0.00016275878057040127,3.755007074629934e-5,4.817484469483389e-6,4.904291830838699e-7,8.40011962099073e-8,4.417602633687765e-8,1.5721854340825494e-8,1.7715160164701736e-9,5.850336074391711e-10]}