{"4":[2.55278632457162,1.9804888426793605,0.7922175270865204,0.8227430170600301,0.8509084000103524,0.43897685084103283,0.44103736680218786,0.7333481969584023,1.5715206264365462,1.8319547977730852,0.5861345140091989,0.2855906972023404,0.09672809317649772,0.027339506126958305,0.005788707962719905,0.0016490311766415838,0.00054060252154209,0.0001911145249411153,6.63262327186891e-5,2.3248427370500647e-5,8.158685477361036e-6,2.8566062791418127e-6,9.42789481686292e-7,2.2143963022544881e-7,5.496827163367374e-8,1.4184131474780855e-8,4.758785629704681e-9,1.3744930060093604e-9,4.1453391058376293e-10],"2":[2.84946127904405,2.0015397555008154,1.0997093522364312,1.360991237173389,1.427447517945605,0.940687864961206,1.4175677372290343,2.5936485602787624,3.7783073949846115,2.6572358368802624,0.6964316111589273,0.32063176814957584,0.11695358199835904,0.03317616693976595,0.008516255048499271,0.0020789920652972737,0.0008244510894855851,0.0002871782857133326,0.00010238309258797945,3.5859959393772905e-5,1.173110070999374e-5,3.7523715010996735e-6,1.294862466428392e-6,2.6237516284355987e-7,7.731525322987204e-8,2.3423383773622865e-8,7.622729666991993e-9,1.9532201794479243e-9,5.343991761679235e-10],"3":[3.6066094755270934,2.3663288498199155,2.964285036884622,3.8178762633303376,3.026486573046358,2.9156106582716332,7.561519623837453,9.523879837811455,5.459266495012558,3.371372211699649,0.9461799029005659,0.4312377063520165,0.1615641871686161,0.04389907159647629,0.01415956792911856,0.003552051784995398,0.0016622658997996788,0.0005229193442526773,0.00018781342080624665,5.4305196784223244e-5,1.5886141690045127e-5,5.243580822836783e-6,1.7945089254719435e-6,3.4342703067986154e-7,1.1327008206667024e-7,4.1661357946548674e-8,1.1071006170465257e-8,2.443563007642369e-9,9.672879684522069e-10],"1":[2.7954671676186935,1.0863293059798267,0.2185462455876765,0.028828851511797236,0.01128965339566748,0.0022811379237372216,0.0006333317524399912,0.00016275874693291189,3.755003460682728e-5,4.817096655696051e-6,4.887836653543999e-7,7.789801685428217e-8,2.9895430316614896e-8,8.547853351747136e-9,1.727402449473977e-9,5.720063307455716e-10]}