{"4":[2.4561378027756615,2.0000384405446514,0.7339667448031978,0.7054005749452904,0.7164888371988954,0.32205465717932824,0.22487641644522405,0.29533842832572405,0.6841076340325475,1.2208298843001955,0.5386561575239368,0.27740979704671126,0.0891339502440629,0.024153901948553966,0.004924714687988441,0.0014704453883415808,0.000463239252069998,0.00015603101725798817,5.3483645546039377e-5,1.732819521487685e-5,5.968556073923849e-6,2.2946218745056875e-6,8.09510203259064e-7,2.0511636749926925e-7,4.834987715216222e-8,1.3459532174156286e-8,1.30676468339349e-8,1.2223498474408587e-8,5.185414225570121e-9,1.7423258936588306e-9,4.651521052220253e-10],"2":[3.7192939416117086,2.425871178921432,3.350445906168102,4.195555076828688,3.1297765139122102,3.2055188490048816,9.602568371675844,10.673792504698394,4.00019753647207,1.9217665090556832,0.7007426052781911,0.3618756406675994,0.1552438728628677,0.043869685608360624,0.01422737384529094,0.0037480228034152767,0.0017445861557780797,0.0005576626664559131,0.00019444685435066536,5.315279757363355e-5,1.4451190150858437e-5,4.71501024080313e-6,1.5567265577632245e-6,2.993875289676059e-7,7.57373951942394e-8,3.522511288172363e-8,1.5832208488157564e-8,1.5037283316536773e-8,1.2553473793254554e-8,2.6057458017887168e-9,6.467573384231236e-10],"3":[2.471020345557735,1.9958925443329192,0.7402485636338058,0.7217308736829906,0.7349950053193669,0.3390312580495373,0.25644110221047683,0.358922624315509,0.8285315515810873,1.3532791140638298,0.5495404324782265,0.27888970132376195,0.09057617377571024,0.024797967030009152,0.005065719007975695,0.0015037387093913657,0.00047523610338456315,0.00016181012209967225,5.560182194745311e-5,1.8407665444413706e-5,6.420669614814268e-6,2.422794732061246e-6,8.342326847343307e-7,2.079277687017948e-7,4.88832580381847e-8,1.1584980679023803e-8,4.6214388829540134e-9,3.695570308033538e-9,3.52744955608795e-9,1.727741281382184e-9,4.766897929871723e-10],"1":[2.795467052854471,1.0863292468532864,0.2185462395973944,0.028828849077181504,0.011289652932396095,0.002281137549629589,0.0006333316858097525,0.00016275875691798214,3.75501213096252e-5,4.818066698222382e-6,4.929289890362732e-7,1.0050964821712734e-7,4.75169001901162e-8,1.5819796808343324e-8,1.7828860163074052e-9,5.972188825158754e-10]}