{"4":[3.119697955373161,1.58149479270458,0.8902000417943969,0.3520197366167654,0.18357590839567814,0.14102730981444575,0.12280606291698701,0.06750278283363406,0.021483294823884194,0.006299633021544171,0.0026193064144608685,0.0007408681955748854,0.0002062840740447276,7.269836580940702e-5,2.1440960102812186e-5,8.076498691620261e-6,2.9377894756071444e-6,1.004104274747588e-6,2.96053760134126e-7,1.0287985696776447e-7,2.723431016852495e-8,8.504464568376257e-9,1.9872911637041903e-9,6.938326508147434e-10],"2":[2.343804378935028,1.8003306556248324,0.5390948235766211,0.25990505004829945,0.12272988434302949,0.07302980160353138,0.061446716635665616,0.038010326831506625,0.010662516848898842,0.0043539475120165936,0.0017741661723178603,0.00048735720133179266,0.00010203637458369918,2.503290131273207e-5,8.104588208397451e-6,2.622993016738645e-6,8.302771808178351e-7,3.3594982916792847e-7,8.58738571771803e-8,3.69680114393895e-8,1.4270784018556096e-8,3.73937562398508e-9,9.75663887601601e-10],"3":[3.3694661027886137,1.8244505674859903,1.4355808292822925,1.12510725005962,0.6725055837303077,0.2960954919015742,0.1691786924642324,0.07514073508679145,0.02377608689712439,0.006745289757156008,0.0027748892048270885,0.000794825221111763,0.00022278576718081394,8.447158064572013e-5,2.3781667400703657e-5,9.576690916635859e-6,3.270967992193973e-6,1.1032837980901126e-6,3.222101722659958e-7,1.0939466694226821e-7,2.9042472564103284e-8,9.347038002369551e-9,2.0390589080673067e-9,7.814720243918681e-10],"1":[2.7198248189551615,0.9415535264370783,0.19127287184338007,0.021924601520057183,0.008011527999053608,0.0017945254195227158,0.0005194781070627727,0.00010874761124409346,3.090260448837723e-5,4.2830827764359246e-6,5.466314454536932e-7,1.8510954345912603e-7,9.156956769124021e-8,2.006133684233834e-8,2.5295320399102803e-9,7.320366736437269e-10]}