{"4":[2.48849834019448,1.780715500530593,0.618174311859832,0.3449135028020942,0.2478861133341183,0.1644868310092614,0.10076169180661457,0.04729222373109409,0.013122917494241342,0.0046757564473280016,0.0018846101392485711,0.0005239924375158722,0.00012848483991271417,3.0743277312977825e-5,1.068295577386955e-5,3.3716805604424926e-6,1.2186575220766367e-6,4.972812291702729e-7,1.4059219471259533e-7,5.9046194575099545e-8,1.824241470603379e-8,4.499621898654933e-9,1.213889543274793e-9,3.254397299520394e-10],"2":[2.780972526211907,1.6912359958532943,0.7429646184528481,0.33977795252027965,0.16955073606812002,0.12779049466920295,0.1051791649985513,0.05665272131737952,0.016718919210614698,0.005297573490537151,0.002190785726190519,0.0006067471580804625,0.00016608270451333348,4.6204057517085435e-5,1.5766353724068283e-5,5.162021709778112e-6,2.0232842409546626e-6,7.435017567514639e-7,2.1396911312500246e-7,8.030184235725225e-8,2.2360357365621935e-8,6.167127790086264e-9,1.6257676507104652e-9,4.90067853553843e-10],"3":[3.55540951718945,1.7204264453117417,1.5019699127670614,1.1686782002025036,0.6644306822921182,0.260129613681087,0.1427269569377434,0.06766274917518822,0.025133814292147512,0.007072890693562211,0.0029563578912933032,0.0008404848296224682,0.00023059289361928036,9.712257965618623e-5,2.6042337206984343e-5,1.1369373196888647e-5,3.5949782264238937e-6,1.1585166108828981e-6,3.295067418294005e-7,1.0961883085024035e-7,2.895213621105258e-8,9.671830221626038e-9,1.907261943220592e-9,8.293609297828998e-10],"1":[2.7258425373361455,0.9592066636816573,0.1940419697489882,0.022676425007528086,0.008379490080689046,0.0018544110627041074,0.0005319145589164203,0.00011488571927229665,3.18035572383107e-5,4.347232779083609e-6,5.410421607718751e-7,1.8377519076088611e-7,5.043592108685072e-8,1.524331222594267e-8,2.5041207139854673e-9,7.528612767964631e-10]}