{"4":[2.407683235651713,1.8644949758473737,0.616933649513571,0.43099498682118925,0.4179671118423236,0.2157870291839059,0.10064076188013679,0.043358307300403194,0.01143749793931025,0.004459845761825936,0.0018041024280008953,0.0005011572549209019,0.00011075686227079847,2.651255229537474e-5,8.779538902761749e-6,2.8135671287015375e-6,9.274258322057443e-7,3.824175141074707e-7,1.0412262327729222e-7,4.548684327323887e-8,1.5861756796041972e-8,3.9560697194125086e-9,1.0398169552317067e-9,2.533303005272977e-10],"2":[3.6415491671388454,1.6263411229421687,1.4325011853674068,1.1193451597996045,0.6489019127460687,0.22603250390690718,0.09670056080494674,0.0371665436909929,0.018441220848701933,0.006035302733890185,0.0028722904942174296,0.0008488348161822651,0.00022935577613395495,0.00010210219489735737,2.700511516249548e-5,1.2245061231691737e-5,3.72026130966089e-6,1.152415903062163e-6,3.1526356035779903e-7,1.0161895769148891e-7,2.658704399814493e-8,8.76318574827542e-9,1.3470627272496597e-9,5.352459638042385e-10],"3":[2.391472380783452,1.7824322663546708,0.5574110635846518,0.2702038410293774,0.12408182014405898,0.07726590383245484,0.06702942055679176,0.040838736230782206,0.011625249904247618,0.004488646705200988,0.0018178438035186878,0.0005031705400276495,0.00011392955043317343,2.7230142872845487e-5,9.121354604046775e-6,2.9052175161430293e-6,9.766328319869612e-7,4.031387809237062e-7,1.1117899382743289e-7,4.868110678089964e-8,1.6368986986851344e-8,4.050327479062192e-9,1.071119143509423e-9,2.668569853957698e-10],"1":[2.7226130425394848,0.9499932105782939,0.19257990390992047,0.02228149319743848,0.008186730359071151,0.0018232472122114002,0.0005253985436741384,0.00011166880186587772,3.133847442597926e-5,4.3136230309772825e-6,5.43608920611612e-7,1.8521025582173628e-7,6.827217233443823e-8,1.9435521586358246e-8,2.5295679584253484e-9,7.423759107933553e-10]}