{"kgrid":[1,1,1],"a":10.0,"temperature":0.0,"Ecut":50.0,"lattice":[[0.0,5.0,5.0],[5.0,0.0,5.0],[5.0,5.0,0.0]],"n_electr":8,"n_bands":4,"α":[0.8,0.8,0.8,0.8,0.8,0.8,0.8,0.8,0.8,0.8,0.8],"energies":[-7.288161001877842,-7.301364856834573,-7.302512316619154,-7.302523900221593,-7.30252634284693,-7.302529374496702,-7.302529454856115,-7.302529464963209,-7.302529465015084,-7.302529465044323,-7.302529465044891],"residuals":[[3.276115886416452e-8,6.434633489480118e-8,3.569480824064864e-8,6.157550567716934e-8,1.3283290724355002e-8,1.196716746676263e-8,2.0124548352889343e-8]],"smearing":"DFTK.Smearing.None()","ndiag":[1,1,1,1,1,1,1,1,1,1,1],"fft_size":[48,48,48],"eigenvalues":[[-0.1363402775607883,0.3285885344439998,0.32858853754487455,0.3285885462011399,0.416970506649852,0.416970509562627,0.41697051142306957]],"n_kirred":1}