{"kgrid":[1,1,1],"a":10.0,"temperature":0.0,"Ecut":50.0,"lattice":[[0.0,5.0,5.0],[5.0,0.0,5.0],[5.0,5.0,0.0]],"n_electr":8,"n_bands":4,"α":[0.8,0.8,0.8,0.8,0.8,0.8,0.8,0.8,0.8,0.8,0.8],"energies":[-7.287528250088744,-7.3012782262951905,-7.302483717528911,-7.302472267228842,-7.302526679325537,-7.302529021552409,-7.302529458368373,-7.302529463891931,-7.302529465033661,-7.302529465044135,-7.302529465044847],"residuals":[[4.6118662071662073e-8,2.3725856528104688e-8,1.89891614733135e-8,2.0277816220464828e-8,3.247171313673299e-8,9.394429044659636e-8,9.706483641230016e-8]],"smearing":"DFTK.Smearing.None()","ndiag":[1,1,1,1,1,1,1,1,1,1,1],"fft_size":[48,48,48],"eigenvalues":[[-0.13634029581018134,0.32858851314973647,0.32858851410450113,0.3285885155825223,0.4169704919219026,0.4169704937882363,0.4169704947489362]],"n_kirred":1}