{"kgrid":[1,1,1],"a":10.0,"temperature":0.0,"Ecut":50.0,"lattice":[[0.0,5.0,5.0],[5.0,0.0,5.0],[5.0,5.0,0.0]],"n_electr":8,"n_bands":4,"α":[0.8,0.8,0.8,0.8,0.8,0.8,0.8,0.8,0.8,0.8,0.8],"energies":[-7.287834662717899,-7.301377807256988,-7.302508063036665,-7.3025130920039665,-7.302525948887993,-7.30252930497154,-7.302529460900193,-7.30252946480746,-7.302529465034048,-7.302529465044011,-7.302529465044772],"residuals":[[1.3749973131457802e-8,1.1023284342281178e-8,7.936122838452393e-9,5.559925093086397e-9,1.1086847244084079e-8,1.4059936264680487e-8,1.725116815571973e-8]],"smearing":"DFTK.Smearing.None()","ndiag":[1,1,1,1,1,1,1,1,1,1,1],"fft_size":[48,48,48],"eigenvalues":[[-0.1363402862171955,0.3285885270084721,0.3285885360147116,0.3285885409468755,0.4169704908979094,0.4169704923116718,0.41697049722292107]],"n_kirred":1}