{"4":[2.352523805744426,1.6921526811049625,0.8408285834460909,0.3131244249637254,0.08531981058153983,0.033225526692831214,0.01805625486087686,0.013764405294950096,0.007169120830645647,0.003843080773189752,0.001523157824842039,0.0005566136326070958,0.00019511120159207467,7.080534495995133e-5,2.7072519311378267e-5,1.039445771496755e-5,3.793369965574498e-6,9.616813591777468e-7,1.5427171196022448e-7,3.8932901269774204e-8,1.5004744950023636e-8,3.829831071587086e-9,8.056198897283631e-10],"2":[3.356440566394374,1.1313338902212078,0.7985476198382725,0.3429837499370891,0.15307071951229106,0.10580301173548562,0.07100766229432652,0.030497441594024476,0.016196813060895956,0.007751377832181609,0.002739794502886379,0.0008752996327374292,0.00041088781569140133,0.0001456451521632076,4.322035593068913e-5,1.2434950667944607e-5,4.9769212958881585e-6,1.1864785141460748e-6,2.4220107920847184e-7,8.503590247294689e-8,2.6387444693427145e-8,7.577672104583249e-9,1.8826953062131354e-9,5.92621284439621e-10],"3":[2.1996141163637746,1.802413587549514,0.7584642399313325,0.2801569621557243,0.08143210421648092,0.026689733436767202,0.011289562700912843,0.007748526871982606,0.004590421593719401,0.002823880801778925,0.0012266955139743124,0.0004642322067770376,0.00014252922842626525,5.560352342845725e-5,1.9868247754789036e-5,8.8001170517412e-6,3.2793707975576214e-6,8.016689201804561e-7,1.2864497654168526e-7,2.7030412616681232e-8,9.984420331747207e-9,2.93536375637074e-9,6.431698143873978e-10],"1":[2.397651422381474,0.5962117374492675,0.12216795234991851,0.00810003987516029,0.0016432965810060734,0.000463089110094414,0.00010802379817758112,8.282715509071298e-6,1.368622720249113e-6,3.65939078732646e-7,8.708332067345634e-8,2.80429042833589e-8,5.423329740930946e-9,8.015008909258685e-10]}