{"4":[2.438103526522079,1.9321671349792535,1.0480685512822927,0.6486324165155701,0.7034186605330349,0.3508393427085972,0.1527518846945981,0.06333518606079107,0.01990753072607487,0.01019395586944186,0.0047070290446916815,0.003656564641989721,0.002146948221881337,0.000937155472310853,0.000313696412292657,0.00014284540597758389,4.3298309093000074e-5,2.0001831467873865e-5,7.579215353448557e-6,1.3973922665900114e-6,2.8538619853293377e-7,7.667865944051123e-8,3.138720146355352e-8,6.76082039017351e-9,1.66629398311533e-9,4.0555918843074765e-10],"2":[3.4809352936329305,1.733036292888576,2.2301033614227452,1.4491809319745474,0.7272012954653714,0.39619848695103177,0.19891275163852534,0.10391501332602132,0.056094360070323736,0.028175601539178693,0.012160850552555526,0.010000409399412486,0.0050241694062266905,0.001350473706497526,0.0008029776547140585,0.00023975254538963724,8.576201861901374e-5,2.5944384798763255e-5,9.165612854929782e-6,1.937006520461327e-6,4.4115917673847296e-7,1.61533922679404e-7,5.1791597446384344e-8,1.403417089822558e-8,3.6249524186657866e-9,1.0963891618942415e-9,2.3989249474076675e-10],"3":[2.2856872531773873,2.0387541072501034,0.9367074525509719,0.5789377174752321,0.7196211999026508,0.3352912043380281,0.13201951874059703,0.052613688463024666,0.015247530216058435,0.007438610033375621,0.003204816110496472,0.002216947930739006,0.001383058513293273,0.0007059303710811686,0.0002370036155087983,0.00010437244267926408,3.372348065849079e-5,1.546903582897127e-5,6.605667648666984e-6,1.174454077416904e-6,2.2868910820449452e-7,5.4456970857563313e-8,2.3595375725378298e-8,5.355631387180332e-9,1.360495223909627e-9,2.8000657664798686e-10],"1":[2.496928442648645,0.8823670921873622,0.16619868437612323,0.019351966575078535,0.0063146024402423425,0.0011411732216126773,0.0002951164902865862,4.492390461584783e-5,8.742163863514658e-6,1.2826772794659809e-6,3.856839383032247e-7,7.804386383756876e-8,2.4360929831056714e-8,3.063225053355269e-9,1.06471392968382e-9,1.4302518768851908e-10]}