{"4":[3.376493331097161,1.1192382588186434,0.7704282383864033,0.33069291416468766,0.15280399604719916,0.1082393897179589,0.07196169729200474,0.028719282958454512,0.014711491220757109,0.007233501882755249,0.002706562720246038,0.0008717524241098625,0.0004117257683191307,0.00014721686968562162,4.2680348421135826e-5,1.2368324338299498e-5,4.86475945890186e-6,1.160134879184896e-6,2.304890556881012e-7,7.77576194666991e-8,2.4762522846333928e-8,7.3147829750981784e-9,1.869118217301384e-9,5.94338056415636e-10],"2":[2.1065009271169086,1.9224512179896234,0.7387583622482162,0.25599005212286025,0.08193157537281577,0.02164779480416767,0.0062610001801350805,0.002690540956742581,0.0010787146839192803,0.00036193059031482355,0.0002030407566901204,0.00016433872367723368,7.832824884788234e-5,3.114077975236098e-5,8.70069375246827e-6,2.0566405920859893e-6,5.485278870771146e-7,4.248089370512002e-7,1.069557605549365e-7,1.692337799479858e-8,5.25113361690569e-9,1.8901732457727e-9,4.813696211290163e-10],"3":[2.3306884696365473,1.7046452774025824,0.8289762070817893,0.3088008279386679,0.0845797222872364,0.032212053603330876,0.017071237201581612,0.012997022844569734,0.006857883201099075,0.0037126560290590108,0.0014852191590889012,0.0005454579586540592,0.0001885913829473392,6.919404043310707e-5,2.6219892346017493e-5,1.0262286017770744e-5,3.720616524471777e-6,9.425184670946524e-7,1.5051432811197875e-7,3.727401126692786e-8,1.4380859718892052e-8,3.7149321159984683e-9,7.827079096933497e-10],"1":[2.397651410472085,0.5962116722507986,0.12216793297295743,0.008100039503621275,0.0016432960676836927,0.0004630887556261467,0.00010802375549677341,8.282687713813598e-6,1.3685486410790064e-6,3.660964563793273e-7,8.501990804551592e-8,2.1730810470784552e-8,5.356426396872738e-9,8.028886713010853e-10]}