{"4":[3.5021419427593243,1.7292047806316027,2.2577827007523203,1.472591659437889,0.7203616650153113,0.3839653304282621,0.19040509052128674,0.09805696486466452,0.05642909654147486,0.028953456992508307,0.011849996961810926,0.009307791121234274,0.004885520353137587,0.001326072821551661,0.0008041979070526503,0.00024015865565933683,8.582658810781641e-5,2.565711121811429e-5,9.033815299095234e-6,1.8922245022317177e-6,4.116256428903195e-7,1.4962862798332652e-7,4.8434689941098795e-8,1.3610470967737576e-8,3.584726168913779e-9,1.0904420006808296e-9,2.0189323746614746e-10],"2":[2.1936119801148526,2.167381922631047,0.9337452204265096,0.569584419111071,0.7612063147333124,0.3251126012814041,0.1033629618690103,0.04060343479028461,0.012246578937873459,0.005514477900132829,0.0018557885460618593,0.0007103249163262423,0.0001808878072136449,8.210944111992867e-5,5.230735210242347e-5,4.6380753069525535e-5,1.6261141284194226e-5,3.161865084412574e-6,1.0815382866758174e-6,6.219861286855346e-7,1.5831761277122733e-7,3.931842736546152e-8,1.6458726687569903e-8,4.127085005256686e-9,1.142567150898811e-9,1.943325885416458e-10],"3":[2.416236840508384,1.9430101607148973,1.0305049965076787,0.6382153437086292,0.7046177512655711,0.34797550956974127,0.15000288749039986,0.06187777296414574,0.01924392449929348,0.009807301979609858,0.0045113216444438884,0.003474306175592136,0.002052989198548514,0.0009105297122484747,0.0003035911801194055,0.0001385218015903141,4.226301648293025e-5,1.9484664356915216e-5,7.473187568902966e-6,1.3666919312024392e-6,2.779001288530896e-7,7.35058547996076e-8,3.0365470915883437e-8,6.5657247969901534e-9,1.6165820240056791e-9,3.698001477805132e-10],"1":[2.4969283732467344,0.8823670486754143,0.16619868644564945,0.01935196695393334,0.006314602697959025,0.0011411734357859033,0.00029511667264293755,4.492438206474121e-5,8.74368125398753e-6,1.2898968391936597e-6,3.827002785286685e-7,1.623639565416351e-7,2.5439466680826164e-8,3.0655495836272732e-9,1.0648764775719077e-9,1.4459986508192225e-10]}