{"4":[3.1757874510424084,1.784519335279292,1.846597704211574,1.1483933487248916,0.7652147962661017,0.4648610662106622,0.2308206574051641,0.11487452918688021,0.04610263917943597,0.0227155047493419,0.01089750986255231,0.009728488919763727,0.004644588315901763,0.0013636180817253984,0.0006737310222356749,0.00022335614556697828,7.76234709513587e-5,2.8159079058056362e-5,9.813009496470229e-6,2.1389130257079007e-6,5.227642039160864e-7,1.7773824716213743e-7,5.766427976478364e-8,1.3294643933891017e-8,3.2609481851840155e-9,9.227672454241405e-10],"2":[2.4161903350790586,1.9430363989996124,1.030468085203481,0.6381940455497197,0.7046220023442654,0.34796981708733804,0.14999697435932838,0.061874648440539234,0.019242511954569417,0.00980649004467138,0.004510914104081935,0.0034739289015104364,0.002052790237900045,0.0009104718276685175,0.0003035694904355439,0.00013851225957842354,4.226075316940059e-5,1.9483536240440696e-5,7.472954308426402e-6,1.3666259148065454e-6,2.7788407171088415e-7,7.349922963679175e-8,3.036351811698027e-8,6.565804307013606e-9,1.6185429784420472e-9,3.762504388061226e-10],"3":[2.9584731122824026,1.8159877037750585,1.584884544724992,0.9676337789970544,0.7467662510760704,0.44632475762439194,0.21520219906225854,0.10149003042560407,0.03799265930709541,0.019268213911886035,0.009111179925815916,0.008022976406833195,0.004042501838461492,0.0013057392345090907,0.0005662613763500658,0.0002065549327167708,6.765768148703308e-5,2.7702827998367593e-5,9.430299255128739e-6,2.0282814573165346e-6,4.667786272606619e-7,1.538562964874422e-7,5.2269225538745266e-8,1.1518095686504404e-8,2.818008094073877e-9,7.695223731195487e-10],"1":[2.496928194185116,0.8823670223004485,0.166198673272118,0.019351964824707416,0.006314601569061578,0.0011411727624835869,0.0002951165690792469,4.492448699051156e-5,8.744003037245805e-6,1.291459774338486e-6,3.8456559370277303e-7,1.6788754369345329e-7,2.545946688257911e-8,3.0656162970398768e-9,1.064900584091457e-9,1.447674936308944e-10]}