{"4":[3.0674549149260493,1.3149826500646702,1.03537585620718,0.4046722556339802,0.13618818704659472,0.08122639005034378,0.05585250791323629,0.03325254038228313,0.01715164701187094,0.007835306673256376,0.0025110240903369768,0.0008241266116576996,0.0003647805148124287,0.00012204776358560193,4.576185247617455e-5,1.258581868447536e-5,5.731778170388632e-6,1.2978109933618506e-6,2.7580410812961483e-7,9.471096864641262e-8,2.898893569938782e-8,7.344433351320849e-9,1.6520572061351917e-9,5.031998090095003e-10],"2":[2.3306415981121726,1.7046739275589893,0.828950627205817,0.30879139615939266,0.08457818953487013,0.03220993175905056,0.017069174084574684,0.012995399857936183,0.006857218803035726,0.003712377803245414,0.0014851369387645446,0.0005454335119893135,0.00018857711742357883,6.919046478956837e-5,2.6218014208236596e-5,1.0261982114102867e-5,3.720459426462707e-6,9.424756875957962e-7,1.505062817715353e-7,3.727045842244934e-8,1.437950533528278e-8,3.7146833179570303e-9,7.826589446454136e-10],"3":[2.8604520934339126,1.4408021192475193,1.0571887857079356,0.3931601783689708,0.11830247708991525,0.06568569318099907,0.04442194411434658,0.02887802296765153,0.01433121031701105,0.0068456191664091675,0.0022637587267626035,0.0007632091680043754,0.0003220338772401623,0.00010548628411557846,4.287573139028315e-5,1.2164806353718081e-5,5.500044078952137e-6,1.2491776217867772e-6,2.495783664820422e-7,8.037759608642351e-8,2.633791513516696e-8,6.4327388793069974e-9,1.409436738803364e-9,4.2121003843273475e-10],"1":[2.3976511244808023,0.596211727539229,0.12216796055625273,0.008100038482878555,0.0016432956296272769,0.00046308860765510376,0.0001080237729165878,8.28267571898151e-6,1.3685128523411287e-6,3.66150814081881e-7,8.416869222187154e-8,1.6664981797478735e-8,5.237420392283691e-9,8.021642818261116e-10]}