{"kgrid":[1,1,1],"a":10.185714285714287,"temperature":0.0,"Ecut":50.0,"lattice":[[0.0,5.092857142857143,5.092857142857143],[5.092857142857143,0.0,5.092857142857143],[5.092857142857143,5.092857142857143,0.0]],"n_electr":8,"n_bands":4,"α":[0.8,0.8,0.8,0.8,0.8,0.8,0.8,0.8,0.8,0.8,0.8],"energies":[-7.312379968157755,-7.323966686606446,-7.324841373549068,-7.324841691124787,-7.324853137414461,-7.324857565965659,-7.324857602327454,-7.324857606901418,-7.32485760695231,-7.324857606980278,-7.324857606980975],"residuals":[[2.5657094248703914e-8,2.947554812738538e-8,4.065825641691243e-9,3.2370456227592177e-9,2.3024932577120738e-8,1.8446872305348805e-8,2.301561460170287e-8]],"smearing":"DFTK.Smearing.None()","ndiag":[1,1,1,1,1,1,1,1,1,1,1],"fft_size":[48,48,48],"eigenvalues":[[-0.14630819794591982,0.30354532638623705,0.3035453333148647,0.30354533375239257,0.3913268901246995,0.3913268910676108,0.39132689571201373]],"n_kirred":1}