{"kgrid":[1,1,1],"a":10.185714285714287,"temperature":0.0,"Ecut":50.0,"lattice":[[0.0,5.092857142857143,5.092857142857143],[5.092857142857143,0.0,5.092857142857143],[5.092857142857143,5.092857142857143,0.0]],"n_electr":8,"n_bands":4,"α":[0.8,0.8,0.8,0.8,0.8,0.8,0.8,0.8,0.8,0.8,0.8],"energies":[-7.312303730249763,-7.323883816523885,-7.324844946874272,-7.324856319675506,-7.324857212610132,-7.324857591392286,-7.324857598018814,-7.3248576068625795,-7.324857606965399,-7.324857606980551,-7.32485760698099],"residuals":[[1.528230322451278e-8,2.124351185290947e-8,3.8586512796263874e-8,2.388865844050029e-8,4.1755629510297736e-8,5.599803674561968e-7,2.0598878804903262e-7]],"smearing":"DFTK.Smearing.None()","ndiag":[1,1,1,1,1,1,1,1,1,1,1],"fft_size":[48,48,48],"eigenvalues":[[-0.14630820550624485,0.3035453189124272,0.30354532411557006,0.30354532987322536,0.39132688509264685,0.3913268865670424,0.3913268890823908]],"n_kirred":1}