{"kgrid":[1,1,1],"a":10.185714285714287,"temperature":0.0,"Ecut":50.0,"lattice":[[0.0,5.092857142857143,5.092857142857143],[5.092857142857143,0.0,5.092857142857143],[5.092857142857143,5.092857142857143,0.0]],"n_electr":8,"n_bands":4,"α":[0.8,0.8,0.8,0.8,0.8,0.8,0.8,0.8,0.8,0.8,0.8],"energies":[-7.3123999312053805,-7.323896308438107,-7.3248422932944415,-7.3248461194800445,-7.324852983304418,-7.32485754289425,-7.324857600725543,-7.324857606908278,-7.32485760695347,-7.324857606980684,-7.324857606980872],"residuals":[[4.668822405701982e-8,3.2610969521000106e-8,4.1214632831391475e-8,3.816486551595363e-8,2.3673329375513924e-8,1.6216490158915562e-8,1.9285661203886183e-8]],"smearing":"DFTK.Smearing.None()","ndiag":[1,1,1,1,1,1,1,1,1,1,1],"fft_size":[48,48,48],"eigenvalues":[[-0.14630819745179602,0.30354533434602826,0.3035453364063392,0.3035453372161914,0.3913268882686281,0.39132688958601236,0.39132689378295166]],"n_kirred":1}