{"4":[2.312335671100358,1.726246027758172,0.7737233056279476,0.29585478339294385,0.08294142692665961,0.028623629346274465,0.012279905247631942,0.007361208761355109,0.005011629214667444,0.003427906125956537,0.0015699339470390471,0.0005877847302046764,0.00019462275856717322,7.250057015754088e-5,2.7937731565208765e-5,1.1371409183391841e-5,3.954729866079697e-6,9.864611305742553e-7,1.560632752931422e-7,3.7737154730546996e-8,1.4481449523204266e-8,3.6755195969775036e-9,6.959214938524567e-10],"2":[2.5161051746359924,1.6225975865306974,0.8816918735644065,0.33085094260952713,0.08859214544828836,0.035543380871686694,0.01790574887229582,0.01212056178566177,0.008053283149500138,0.004799756232931795,0.0019392487287503036,0.0006991994257594948,0.0002647714168346833,9.13673559850474e-5,3.7742522717238525e-5,1.279233327269462e-5,4.815054490389349e-6,1.1673538547617703e-6,1.988574201017106e-7,5.635778056596634e-8,2.0843427714407897e-8,4.7804823345081e-9,9.052538644776986e-10],"3":[3.2761902774294107,1.1683529205333258,0.8297743540146213,0.31914442669607584,0.11875734669455922,0.06874790583979173,0.04828715625481117,0.027545359870767314,0.018859520897386156,0.008727665381098444,0.0029773306341767543,0.0010247717387436945,0.0004955805772526466,0.0001631233287101872,5.001698888640516e-5,1.4350583676986443e-5,5.960111274600461e-6,1.3761277017046673e-6,3.047419075416068e-7,1.1098053672891245e-7,3.237619241733693e-8,8.338509221084399e-9,1.721972238398564e-9,5.063584723300672e-10],"1":[2.4298146553178226,0.6095209063962667,0.12854980626652004,0.00860292100494573,0.0017854459748211102,0.0004600398640655659,0.0001273099151805881,1.0257681241557203e-5,1.4371111422231745e-6,3.669339327911693e-7,9.943597245003859e-8,3.45759186983479e-8,6.1058941967138914e-9,9.691627956768798e-10]}