{"4":[2.557513453538097,1.6036407414620695,0.903074779508567,0.3370929213653114,0.09032476664917473,0.03723732976958123,0.01920937233536833,0.013102519897612866,0.008659637219860303,0.005070289948476266,0.002009391976658458,0.0007211656484636839,0.00027840815132709995,9.484734626136449e-5,3.9519476173173644e-5,1.2985917031372435e-5,5.0004564415081415e-6,1.1967928752392597e-6,2.0826942703382969e-7,6.034559127862606e-8,2.1962369908093898e-8,5.004915210074131e-9,9.505353344710924e-10],"2":[2.655526598173511,1.5573076194692348,0.950240341000258,0.35067386949824003,0.09516283776844467,0.04158789835833415,0.02252021852566107,0.015442818381131134,0.010131865033077735,0.005713357668071359,0.0021704513276174027,0.0007728702684333034,0.0003105562808804048,0.00010329916171861109,4.3469823097084895e-5,1.34103395708585e-5,5.439376637314817e-6,1.2600154792967598e-6,2.3115869796078e-7,7.007268913402118e-8,2.446019029043171e-8,5.544756086663867e-9,1.0618698967449332e-9,2.85597737856123e-10],"3":[3.13140792864193,1.267309534095579,0.9549370219740557,0.3635578093301957,0.12124027448216856,0.06407659538647233,0.04128043307770549,0.02567781545860089,0.017559914299392954,0.008369793436582099,0.002830534281052146,0.0009827934823347167,0.00045739937235288197,0.00014915363944099087,5.231804085557659e-5,1.4640062126910537e-5,6.445670135040318e-6,1.429307646301317e-6,3.164252649957368e-7,1.1160685575910427e-7,3.2520907611586703e-8,7.92718051375161e-9,1.5952779591265954e-9,4.6073279975800716e-10],"1":[2.4298145405076146,0.6095209472857508,0.12854982116427963,0.008602919877666513,0.0017854457888826388,0.00046003991125868876,0.00012731017965081395,1.025896431506812e-5,1.4401154820804883e-6,3.6322839204797086e-7,1.59698569399976e-7,4.668603067433411e-8,6.171443907623871e-9,9.903445222392716e-10]}