{"4":[2.7714833462405597,1.4968783143190025,0.9937384934550622,0.3639771374830533,0.10193558754644969,0.04717197102072983,0.02678013317311034,0.018193254801265473,0.011950531593445574,0.0064621540525972776,0.0023507767793422532,0.0008322236010597965,0.0003483001793310417,0.00011392526043693472,4.74885519426247e-5,1.3872441541946177e-5,5.918109516125373e-6,1.3245610564032906e-6,2.5815147838116497e-7,8.180185064352613e-8,2.7127408666196214e-8,6.187072966653384e-9,1.1983127893557748e-9,3.2919557948361996e-10],"2":[2.5877957596618004,1.5896361320901011,0.9182908351276018,0.3414767811525278,0.09171308987817298,0.03853335032450333,0.020199123469962416,0.013823504043976247,0.009107994008016698,0.005268715059565138,0.002059913592059593,0.0007372005103006877,0.0002883545247074663,9.741583083953382e-5,4.0781600651620084e-5,1.3120984908387162e-5,5.136853374601855e-6,1.2172373489764904e-6,2.1527184365936757e-7,6.331208144041332e-8,2.275628420566717e-8,5.1705457337701435e-9,9.843499335523399e-10],"3":[3.0405437637391373,1.3293697180658484,0.9967343665640261,0.3732308457923485,0.11783908256952878,0.060175980942813366,0.03745602900743456,0.02402463515081053,0.016244338921864797,0.007974581684940482,0.002720968213956872,0.0009505542033488526,0.00043148070173695813,0.0001402300842210533,5.2417446280764855e-5,1.4598388235816976e-5,6.507626757337472e-6,1.422967192603387e-6,3.083676884490017e-7,1.0610594439390344e-7,3.168609382085844e-8,7.550224200782111e-9,1.5034617344961e-9,4.2951674020753526e-10],"1":[2.4298145399516007,0.6095208952745091,0.12854980727511575,0.008602920488323302,0.0017854457334662887,0.000460039758474606,0.0001273099500761655,1.0257919327180502e-5,1.437675072085137e-6,3.656494644071715e-7,1.1400316608092584e-7,4.381442527841035e-8,6.148426678024947e-9,9.691960564630855e-10]}