{"4":[2.6474555051911053,1.8727748813152163,1.1806856460835582,0.7618543139556206,0.7067890603110757,0.36201454050322135,0.16708131096442708,0.07366746123882337,0.023188951859863666,0.009762616251667657,0.0037077460747017774,0.0023795396749679933,0.0019374917056419671,0.0010659649966966555,0.0004316469019584479,0.00018777589618456736,5.862725096509024e-5,2.7361759636711015e-5,9.010250277726038e-6,1.7527941571423245e-6,3.6678814257706597e-7,1.1157872330406648e-7,4.1918584388133055e-8,8.091293568350297e-9,1.7899475064582522e-9,4.818892975066356e-10],"2":[2.7481128733741134,1.8533068642629391,1.2862230672805648,0.8236760291075076,0.7175527607618708,0.380645767663891,0.17861933685507347,0.08028984560878565,0.025849754971208002,0.010781724219229447,0.004091008827511643,0.002803929171388461,0.002304374003128302,0.0011636345900866586,0.0004947102718693648,0.00020270451849538975,6.43787457806964e-5,2.93053653163326e-5,9.431923187651967e-6,1.8973710188468467e-6,4.0826255312473055e-7,1.297412035328568e-7,4.6647845448725864e-8,8.978956006580604e-9,1.990812103827136e-9,5.513381244081847e-10],"3":[3.247493161443636,1.7736138704745357,1.8943731749288715,1.2264481268979786,0.7650212411305071,0.4263514051168538,0.21314819649573782,0.10518026711660575,0.03942492542748044,0.015169452599083078,0.005927416817168031,0.005183155878032045,0.00394669391728382,0.001460263398086623,0.0008250864653769732,0.0002529194486097918,9.037884632807551e-5,3.160071137397389e-5,1.0660285277798688e-5,2.304278307990706e-6,5.746100996711549e-7,2.0103575339774717e-7,6.31408912757019e-8,1.3020652528741128e-8,2.910444969618063e-9,8.936052138685166e-10],"1":[2.530061045944452,0.9108962166125474,0.1733869301207812,0.020553083433116043,0.006886798137768908,0.0012422961434255242,0.0003450409910581258,5.597850708284635e-5,1.0785067680308875e-5,1.3951340652193178e-6,3.8365335663830314e-7,7.567512394147583e-8,1.0886391061797874e-8,3.2271024940671804e-9,1.0600187288260059e-9,1.9193974229444712e-10]}