{"4":[2.3997886191506925,1.9619043442383002,0.965997776319422,0.6340605082720763,0.704359794766573,0.3265320636864321,0.1390256533365067,0.05850475047467299,0.017277450998495397,0.007383180130106466,0.002754715865620506,0.0014538409491910934,0.001045023379477063,0.0007492869617609058,0.0002903538903570341,0.0001368552287015735,4.396200691947311e-5,2.0739813904731547e-5,7.77664845147675e-6,1.3773690995384508e-6,2.6985618432493485e-7,6.726109624588812e-8,2.8766370204399105e-8,5.940982841075611e-9,1.3491558903405073e-9,3.2805455187516e-10],"2":[2.605230300672525,1.8827456754074785,1.139498591478113,0.7379062044054855,0.7037836630078048,0.3546475156273616,0.16224760851596906,0.07098071476129825,0.022126063842309106,0.009340630021012352,0.003546544423063897,0.0022118222473478328,0.0017850182496702827,0.0010207090889627897,0.0004063295114410804,0.00018076226628920868,5.6269189092600444e-5,2.6425476965967165e-5,8.82703349463707e-6,1.690013689155736e-6,3.4981450126413103e-7,1.0397850104716135e-7,3.985971345142612e-8,7.724554593508492e-9,1.709037721582995e-9,4.5365639459046115e-10],"3":[3.401025140313039,1.744465200935225,2.0966724054948713,1.3793173977912025,0.7443793243060939,0.3906963869839217,0.19512375425740638,0.09663002377145351,0.04128712264216673,0.016086667056147738,0.006512708727525026,0.0058711177102482625,0.004317826101179456,0.0014931750424072535,0.0009193626073659404,0.00026229786038920323,9.412100169978097e-5,2.961288859207571e-5,1.023757349434681e-5,2.2152442232165702e-6,5.486964633775375e-7,2.0059117658364983e-7,6.311191425420258e-8,1.3774775454255657e-8,3.082652717000356e-9,9.869086320027055e-10],"1":[2.5300610939452146,0.9108961992518436,0.17338692804143627,0.0205530833757854,0.006886798293498094,0.0012422963300647905,0.00034504100331985484,5.5978580426003415e-5,1.078534759304053e-5,1.39690500559395e-6,3.791805388366646e-7,1.0914707776988768e-7,3.358300851016272e-8,3.4325746884296053e-9,1.0628618192499428e-9,1.9207116919128284e-10]}