{"4":[2.8684371670009075,1.8343262367254383,1.423457373083282,0.9068161638911183,0.7346103522327876,0.4026222510782306,0.1918851664819779,0.08832821611805645,0.029215397210046914,0.011983226634581198,0.004544654541012797,0.0033526105766610945,0.0027398643730348303,0.0012626268924430754,0.0005739321842651836,0.00021794194792524219,7.14371392482941e-5,3.1032241938570114e-5,9.903629980113552e-6,2.052948992673646e-6,4.5830250114290413e-7,1.5092978513524708e-7,5.188954975114595e-8,1.0047515607517387e-8,2.2360578658033195e-9,6.322560656652492e-10],"2":[2.678447998824575,1.866231291427597,1.2121170526156662,0.7801552325237572,0.7096042250847236,0.3676357242931421,0.17064047997384788,0.07567744155348846,0.023989556761996916,0.010075273169628859,0.0038259569440856666,0.0025065046982530132,0.002050098759247422,0.0010975307197825866,0.00045067024643187325,0.00019262161624124057,6.03764157669134e-5,2.800466997975873e-5,9.142143080470291e-6,1.7982375860390867e-6,3.7942553215047206e-7,1.1717439374955683e-7,4.340208278221413e-8,8.362644518779123e-9,1.8501893611684475e-9,5.011201591084702e-10],"3":[3.1513173215307093,1.7904928573043717,1.7713188992149478,1.137841117253601,0.7655767008376305,0.43138773631656957,0.21310222431269824,0.10347485379213144,0.03711282300057437,0.014468807612044566,0.005579603054951106,0.004722178468762392,0.0036718180026537512,0.001425018181347658,0.0007628845004835698,0.0002456618526167594,8.654333523423588e-5,3.217562075007938e-5,1.0641069303136065e-5,2.2863523383486895e-6,5.574768554268179e-7,1.9219543677124015e-7,6.131269505797781e-8,1.236556903112107e-8,2.7645029981193873e-9,8.264855494024746e-10],"1":[2.5300610112974775,0.9108961526293458,0.17338691751231933,0.02055308269704997,0.00688679807893794,0.0012422960988948957,0.0003450409786454732,5.597857737857018e-5,1.0785333175210132e-5,1.3968108120997853e-6,3.7936693586418053e-7,1.0737140963378919e-7,3.352281275721571e-8,3.432472616998913e-9,1.0628593669407495e-9,1.9197090990936766e-10]}