{"kgrid":[1,1,1],"a":11.316642857142858,"temperature":0.0,"Ecut":50.0,"lattice":[[0.0,5.658321428571429,5.658321428571429],[5.658321428571429,0.0,5.658321428571429],[5.658321428571429,5.658321428571429,0.0]],"n_electr":8,"n_bands":4,"α":[0.6,0.6,0.6,0.6,0.6,0.6,0.6,0.6,0.6,0.6,0.6,0.6,0.6,0.6,0.6,0.6,0.6],"energies":[-7.381439792423366,-7.3853837299482805,-7.382389012996913,-7.3865384662786955,-7.386560304622178,-7.386539195150666,-7.386568339611387,-7.386570155501292,-7.386570884535011,-7.386570947497113,-7.386570962067864,-7.386570963171259,-7.386570963998635,-7.386570964177248,-7.386570964204763,-7.386570964208223,-7.386570964208325],"residuals":[[2.7090722987307528e-8,1.5825137118450734e-8,2.4315686923436133e-8,1.935782623126432e-8,1.4144812237174546e-8,1.9223893681132832e-8,1.5658988687315397e-8]],"smearing":"DFTK.Smearing.None()","ndiag":[1,1,1,1,1,1,1,1,1,1,1,1,1,1,1,1,1],"fft_size":[54,54,54],"eigenvalues":[[-0.196839933762046,0.1798911714339995,0.17989117208406957,0.17989117270821128,0.19013187529666592,0.2626658573721277,0.26266585819957855]],"n_kirred":1}