{"kgrid":[1,1,1],"a":11.316642857142858,"temperature":0.0,"Ecut":50.0,"lattice":[[0.0,5.658321428571429,5.658321428571429],[5.658321428571429,0.0,5.658321428571429],[5.658321428571429,5.658321428571429,0.0]],"n_electr":8,"n_bands":4,"α":[0.6,0.6,0.6,0.6,0.6,0.6,0.6,0.6,0.6,0.6,0.6,0.6,0.6,0.6,0.6,0.6,0.6,0.6],"energies":[-7.38127999621047,-7.385234705701446,-7.381452144742283,-7.386487720671464,-7.386423982185679,-7.386535324017544,-7.386550257650456,-7.386570633942815,-7.386570843677701,-7.386570851249132,-7.386570884324376,-7.386570961901518,-7.386570963558759,-7.386570964180215,-7.386570964204708,-7.386570964207012,-7.386570964208373,-7.386570964208426],"residuals":[[4.141656029807767e-9,4.946201391975908e-9,4.515648952944532e-9,9.87619322135063e-9,3.4574588626592716e-9,2.9935087481880517e-9,3.4973509588020405e-9]],"smearing":"DFTK.Smearing.None()","ndiag":[1,1,1,1,1,1,1,1,1,1,1,1,1,1,1,1,1,1],"fft_size":[54,54,54],"eigenvalues":[[-0.1968399343764528,0.17989117126893858,0.17989117186942555,0.17989117246640043,0.19013187500349396,0.2626658565017011,0.26266585682490196]],"n_kirred":1}