{"kgrid":[1,1,1],"a":11.316642857142858,"temperature":0.0,"Ecut":50.0,"lattice":[[0.0,5.658321428571429,5.658321428571429],[5.658321428571429,0.0,5.658321428571429],[5.658321428571429,5.658321428571429,0.0]],"n_electr":8,"n_bands":4,"α":[0.6,0.6,0.6,0.6,0.6,0.6,0.6,0.6,0.6,0.6,0.6,0.6,0.6,0.6,0.6,0.6,0.6],"energies":[-7.381062257062682,-7.385038305553422,-7.381151321277899,-7.3865318278502645,-7.38652655443443,-7.386476912129944,-7.386569077541067,-7.386570542464078,-7.386570886245793,-7.386570784856341,-7.3865709232719645,-7.386570962244009,-7.386570962052351,-7.3865709640549895,-7.386570964198068,-7.386570964207744,-7.386570964207824],"residuals":[[2.5472335692153184e-8,4.565431971514624e-8,1.3320711798941209e-8,1.6938568825172398e-8,4.673252013533394e-9,7.493471142674196e-9,8.5902343361621e-9]],"smearing":"DFTK.Smearing.None()","ndiag":[1,1,1,1,1,1,1,1,1,1,1,1,1,1,1,1,1],"fft_size":[54,54,54],"eigenvalues":[[-0.19683993945439315,0.17989116411950223,0.17989116655599235,0.17989116673961592,0.19013187028935782,0.26266585275279913,0.26266585371361956]],"n_kirred":1}