{"4":[2.4610409974902043,1.8350444272016706,0.6513876298098845,0.4368831876983601,0.4006040716205809,0.2158145275902579,0.10837298280684225,0.0476470447999182,0.012949074769727148,0.0047294290809487055,0.001886634936995921,0.0005336219961434131,0.00012815330735093907,3.1196258339476334e-5,1.0923321902251049e-5,3.4653939439709277e-6,1.3165638990648233e-6,5.536882837872854e-7,1.4782487724494278e-7,6.197599391506096e-8,1.915569893933109e-8,4.440931834518033e-9,1.1725621054988316e-9,3.0403915676147845e-10],"2":[3.2076677292052254,1.5707114860241755,0.9880997415854577,0.4866670917871455,0.3471204038776685,0.2331950291795451,0.1588194702619493,0.07505500249172213,0.02344356624988867,0.006701638628281365,0.0027401606702386313,0.0007880083309435889,0.0002255184141861285,8.626596746892386e-5,2.6206769439653576e-5,1.0120767612181361e-5,3.6569303731065572e-6,1.135135493724124e-6,3.268844048339817e-7,1.142791057399112e-7,3.022128171398404e-8,9.161517202988769e-9,2.0275383260593943e-9,7.480278177949008e-10],"3":[3.1919418863895688,1.6817267716273292,1.1210619049782893,0.7255522218932864,0.5225122477054839,0.28403686761530883,0.16874440785801004,0.07523656580114138,0.02280846343937636,0.006587014657351037,0.0026822868613847195,0.0007745435962511082,0.00022220748693964603,8.221070766245552e-5,2.556051950716278e-5,9.65583584993808e-6,3.5630614254999328e-6,1.1168382227813839e-6,3.196333557408762e-7,1.1214013144745673e-7,2.982527407515134e-8,8.90229581944773e-9,1.993020785120102e-9,7.213261756780461e-10],"1":[2.6820415012547327,0.8587103633690915,0.1795328228685514,0.018603967187651105,0.006346896979973634,0.0014901410531511546,0.00045437780755735535,8.105883440776846e-5,2.4861406869524513e-5,3.672512958221834e-6,5.348749262663461e-7,2.0796784117820716e-7,4.187324114676751e-8,1.2154337482653787e-8,2.1729955578049285e-9,5.54048170026104e-10]}