{"4":[2.508511039641516,1.9843589374493162,0.7763564991122001,0.7574162433126678,0.7637336865476123,0.3554600388384391,0.27482801326208467,0.3673393141871088,0.6629258450561709,0.6199658854263247,0.18942567316849643,0.09124670397980454,0.030467138141275416,0.008616151717116407,0.0018249244555234476,0.0005485849294637967,0.0001750447592194627,6.16960241922144e-5,2.357647602319078e-5,7.906459667240913e-6,2.726747524579056e-6,9.676424887577815e-7,3.0224050922209106e-7,7.026251755594836e-8,1.7137067186375096e-8,4.2324122902560806e-9,1.3903920121861714e-9,4.146110984801863e-10],"2":[3.294653265808147,2.157659956003482,1.9897449296675669,2.407137015758586,1.9807982533277881,1.4358281936534762,2.3972230739262987,3.0091405303982337,2.09063156311757,1.159199403883336,0.28828852109866393,0.12878402894756594,0.047687063319330085,0.013196373382921976,0.004341816273983366,0.0010490792762217187,0.0005069002205131631,0.00015864656158666655,5.812309756113678e-5,1.729520826576622e-5,5.308536582444878e-6,1.7294819466778365e-6,5.892110318292198e-7,1.06217126287354e-7,3.568094415223323e-8,1.1772574403354372e-8,3.5017854747994682e-9,8.176785862087932e-10],"3":[3.2458086064249785,2.135590919137871,1.8718305387812881,2.2725204784526034,1.9144909204700065,1.3605611910123285,2.2048945937537563,2.852151268104698,2.0694856342626853,1.1388395517603414,0.28237414051377807,0.1262978629360743,0.04684473742267315,0.012985988657300402,0.004209584633945001,0.0010130329672402914,0.0004854076061680898,0.00015339565119230542,5.640689953910364e-5,1.69602821611127e-5,5.217122305764683e-6,1.693975456548185e-6,5.77568279866412e-7,1.042622408074076e-7,3.4824063857907545e-8,1.1378319953145893e-8,3.430340389641537e-9,8.077738842393957e-10],"1":[2.7754053779905,1.0759106198536255,0.21659379101507695,0.028327575014421767,0.011017473833394513,0.002205298834926092,0.0006221010009118769,0.00015625992907044084,3.52169195973257e-5,4.464801339615122e-6,4.5667089805422424e-7,7.570162501105898e-8,2.9148185076399136e-8,7.973552388229037e-9,1.707045716528386e-9,5.652443031357094e-10]}