{"4":[2.572344889103682,1.9737977578030887,0.8218215670651666,0.8298994616886012,0.8352852663002811,0.4120427816741805,0.3711451926208976,0.5403310267989828,0.8875548550940275,0.6946227495623507,0.19561734821413285,0.0929264476628648,0.031852479150005775,0.00913557492679679,0.0020061421679747667,0.0005847551764755969,0.00019462605412708,7.070596321022334e-5,2.6930355883406008e-5,9.018659282879636e-6,3.0401865677677793e-6,1.0394861373822003e-6,3.2673372808761744e-7,7.318512412726341e-8,1.860103635044367e-8,4.921073553396386e-9,1.714621025443517e-9,6.877812895520963e-10],"2":[3.0904101861720124,2.0680712225172764,1.526739962399475,1.8478897025129175,1.668128955821866,1.1114049852008612,1.6452465466791262,2.309818102091289,1.9337719976787255,1.0526394374066135,0.2615118448317475,0.11758208401028865,0.043713202997593174,0.012204248840156905,0.003725694263484644,0.0008983465494510216,0.0004126291522559043,0.00013592178633701186,5.0179616166624114e-5,1.555867728695301e-5,4.814416138556892e-6,1.5509982209001004e-6,5.294957244458014e-7,9.706788366025014e-8,3.1443547547890515e-8,1.0022348115419033e-8,3.182387824656419e-9,9.309555341718462e-10],"3":[3.4171010160152733,2.213174028618009,2.3032241033083434,2.7416126005879753,2.1207016557709126,1.6163786369090993,2.9279037271398387,3.3679356493752985,2.0804606054369215,1.184664856388523,0.30087217502319946,0.13424650857905807,0.04950449142319701,0.013637716782582972,0.004625552321768596,0.0011384003507944706,0.0005573250224936246,0.0001714150647130697,6.182579814875896e-5,1.7873851723727127e-5,5.432982895629917e-6,1.7883200825789213e-6,6.088321316226851e-7,1.1009563446110908e-7,3.719520053565876e-8,1.2666559454047338e-8,3.632844623307278e-9,8.98106921689448e-10],"1":[2.7754052750876785,1.0759105552720565,0.21659377676376096,0.028327567916160475,0.01101747139491164,0.0022052981431928643,0.0006221008664913279,0.00015625991473586348,3.521692564971029e-5,4.464894101711207e-6,4.570541164622322e-7,7.596317625712494e-8,3.507936198362488e-8,1.452916619583938e-8,1.7445975565533008e-9,5.727752460160911e-10]}