{"4":[2.495378046891021,1.7382254004569875,0.6156101836809543,0.2769674517621389,0.09530027315772029,0.04585750975013246,0.04347727240251622,0.03916977349119666,0.013415696034573037,0.004811770639308162,0.0019403698783848169,0.0005463254489638782,0.00013803517522747118,3.416469344219731e-5,1.2317391677286105e-5,3.914373254275303e-6,1.5547030733734974e-6,6.24272765878625e-7,1.659723292471271e-7,6.806347465707009e-8,2.027554601719133e-8,4.777512612374307e-9,1.2737891194255136e-9,3.452267476682822e-10],"2":[3.051221215283371,1.7337989163302827,1.0411070667030529,0.6893207422941464,0.5090247912408149,0.2793547458461074,0.1603266672798829,0.07075281740427015,0.02060491109256443,0.006163046021549771,0.002509061843557996,0.0007217332159799087,0.00020584915997400052,6.92294601479045e-5,2.2952144352983688e-5,8.152451716295571e-6,3.1964494121814587e-6,1.0277053310878766e-6,2.8942924560104286e-7,1.0345923405017964e-7,2.7878120796634062e-8,7.96291500635688e-9,1.8757541882641595e-9,6.332671885264721e-10],"3":[3.31034217140866,1.491282306136898,0.946796271956239,0.4037162968494987,0.2797439006465566,0.1996619613026833,0.14733603757345487,0.07447705932899008,0.0248557149524236,0.006967954371425884,0.0028588824827415643,0.0008202343922966994,0.00023389002768638031,9.575562429867339e-5,2.7818456036620586e-5,1.1276094288797485e-5,3.8500280467850605e-6,1.1744377170394214e-6,3.3927592077859674e-7,1.1744352652200799e-7,3.09493632007756e-8,9.679089909966589e-9,2.0588055739013264e-9,8.059118895750932e-10],"1":[2.668451649555657,0.7478133448377965,0.16692990959344123,0.014298518861112981,0.003989899386374608,0.0009167260379916766,0.0003421929805004213,5.0147933622940744e-5,1.2485013267548464e-5,3.0039504160419536e-6,5.112418404467272e-7,2.0275137455881918e-7,5.4937095562655715e-8,1.2300173514917375e-8,1.9282698585382893e-9,3.5083850587927635e-10]}