{"4":[2.4919285128356794,1.7416427368868612,0.6155998578370866,0.28148969281752506,0.10685640718402338,0.06080008985144721,0.05915186587260487,0.04353194479357498,0.013584472922077697,0.004821638189186785,0.0019376054269319403,0.000545427529291552,0.00013742594007218472,3.396633794065183e-5,1.2228018186372442e-5,3.885177182214043e-6,1.5396291714352988e-6,6.200608699650109e-7,1.648817907491948e-7,6.771750888161346e-8,2.020850905254521e-8,4.755600304730258e-9,1.2674794476005429e-9,3.426864618600046e-10],"2":[2.8933437332774865,1.648897198054729,0.818476152236475,0.351337274593124,0.1733686631292588,0.13506579717638761,0.11527013487974569,0.06272435049021662,0.018758389218518433,0.005788826894611289,0.0023707491165647836,0.0006720883970034463,0.00018970876556920817,5.9118908533391815e-5,2.0539152179799965e-5,6.986881748586999e-6,2.8453025319932055e-6,9.389965748934512e-7,2.6054734537031046e-7,9.550759291628316e-8,2.6004982961065113e-8,7.144806198474298e-9,1.7672375237380405e-9,5.636052539575733e-10],"3":[3.4746358938726356,1.7643872335019453,1.5326533093428354,1.1806401289491422,0.6762985643690423,0.28584272330100285,0.16265887413260208,0.07537504783482404,0.025641921137289626,0.007135742119370824,0.0029058644515764873,0.0008400913463655987,0.00024150727296776733,0.00010152931136882751,2.922269334140447e-5,1.2075242515571056e-5,3.962532805951321e-6,1.2036451845321292e-6,3.418877253334438e-7,1.1762504613113436e-7,3.132380781066983e-8,9.88141468788913e-9,2.0129969500751616e-9,8.342720719097617e-10],"1":[2.7054422824204933,0.9472209035052921,0.19200973287651682,0.022162256715928592,0.008126879297464036,0.00179369546113561,0.0005170889488765761,0.00010976389175143878,2.970272052844133e-5,3.998083281056538e-6,5.185483570727794e-7,1.7855480758035448e-7,7.815448920750648e-8,1.808193519690966e-8,2.276095140817778e-9,6.683129338443504e-10]}