{"4":[2.568140076851817,1.974299487036129,0.8186148201444,0.8248701888592668,0.830329760286678,0.40814698701656293,0.36451886613108825,0.5286325907276684,0.8739283796147223,0.6904568977696812,0.19521015566143382,0.09280680027552793,0.031765087837476946,0.009104890388736752,0.001994143655214928,0.000582495183948265,0.0001933020280810449,7.012671235147585e-5,2.6722332611814548e-5,8.952078777147118e-6,3.0221071800209527e-6,1.0352610207027978e-6,3.251451411275662e-7,7.30018380108015e-8,1.85059635131076e-8,4.878172208097804e-9,1.6987307729260885e-9,6.816670411530299e-10],"2":[2.967248182080379,2.0220061699451786,1.2928634252885602,1.532273897590399,1.4476311381279072,0.9121593606837952,1.2537152881345368,1.8520426604185325,1.7666201983953351,0.9727982861550996,0.2438755865783248,0.11034711119364851,0.04082200605661706,0.011502999948644416,0.003294647993474678,0.0008110423421341057,0.00035287500477128824,0.00012121559500424902,4.469636543111073e-5,1.4166993251228452e-5,4.4182443826646e-6,1.4206721439065485e-6,4.82657674592065e-7,9.086805813919797e-8,2.8293210588748383e-8,8.808927970371853e-9,2.8281567670653197e-9,7.726020913092873e-10],"3":[3.503386319729389,2.251942135325942,2.539405362552756,2.9733377051518852,2.196127221138229,1.7366063716790476,3.362699404991487,3.5859502096469225,1.9946041400242465,1.1635908943612976,0.3062772690550731,0.13714336483886733,0.05052794343885103,0.013870429180155661,0.004781621821998767,0.0012002023676777062,0.0005898802532063277,0.00018016338806759073,6.388196433986902e-5,1.802304904457876e-5,5.398807698262468e-6,1.792311600984228e-6,6.111937596320822e-7,1.1144416624215098e-7,3.739941004880593e-8,1.3148158278990463e-8,3.6032788278558456e-9,8.167459009678918e-10],"1":[2.775405380078336,1.0759103968634405,0.2165937645962384,0.02832757193224175,0.011017474692170764,0.0022052983218502744,0.0006221008609490938,0.0001562598827839981,3.521692804346445e-5,4.4648387693012925e-6,4.568076722323103e-7,7.571235058327246e-8,3.038481054706524e-8,1.3633794040770085e-8,1.7528736052521195e-9,5.830950119287055e-10]}