{"kgrid":[1,1,1],"a":11.343214285714286,"temperature":0.0,"Ecut":50.0,"lattice":[[0.0,5.671607142857143,5.671607142857143],[5.671607142857143,0.0,5.671607142857143],[5.671607142857143,5.671607142857143,0.0]],"n_electr":8,"n_bands":4,"α":[0.6,0.6,0.6,0.6,0.6,0.6,0.6,0.6,0.6,0.6,0.6,0.6,0.6,0.6,0.6,0.6],"energies":[-7.3818642718672525,-7.385760429406978,-7.382709310229296,-7.386795046496396,-7.386805508009359,-7.386878546183796,-7.386865200513766,-7.3868872566521695,-7.386887691428234,-7.386887657480468,-7.386887707410562,-7.386887707251027,-7.386887708925667,-7.386887709071393,-7.386887709080142,-7.386887709080097],"residuals":[[3.387649844159962e-8,6.11009738878289e-8,4.0013879923659414e-8,4.279052376756068e-8,1.4065418827048747e-8,2.9164507095476358e-8,2.2459399236550095e-8]],"smearing":"DFTK.Smearing.None()","ndiag":[1,1,1,1,1,1,1,1,1,1,1,1,1,1,1,1],"fft_size":[54,54,54],"eigenvalues":[[-0.1978624482339608,0.1774841816259044,0.1774841823578299,0.17748418342430344,0.18537289510140476,0.26011481603628733,0.26011481885020593]],"n_kirred":1}