{"kgrid":[1,1,1],"a":11.343214285714286,"temperature":0.0,"Ecut":50.0,"lattice":[[0.0,5.671607142857143,5.671607142857143],[5.671607142857143,0.0,5.671607142857143],[5.671607142857143,5.671607142857143,0.0]],"n_electr":8,"n_bands":4,"α":[0.6,0.6,0.6,0.6,0.6,0.6,0.6,0.6,0.6,0.6,0.6,0.6,0.6,0.6,0.6,0.6,0.6,0.6],"energies":[-7.381481425752698,-7.384614376367292,-7.359375859704928,-7.386633984766182,-7.386837739493102,-7.386443197225969,-7.386798946214445,-7.386884470791355,-7.386887290650721,-7.386886763456266,-7.38688759310801,-7.386887686382456,-7.38688770611353,-7.386887708945891,-7.386887708850304,-7.38688770907425,-7.3868877090791,-7.38688770907976],"residuals":[[1.0488162728600481e-7,1.0039790491666901e-7,9.044948505645002e-8,9.639966859102475e-8,1.1020772059493815e-7,8.647700294604612e-8,5.305434646207725e-8]],"smearing":"DFTK.Smearing.None()","ndiag":[1,1,1,1,1,1,1,1,1,1,1,1,1,1,1,1,1,1],"fft_size":[54,54,54],"eigenvalues":[[-0.19786245646350642,0.17748416277575638,0.1774841680745513,0.1774841926629631,0.1853728823342516,0.2601148055615496,0.26011481138981096]],"n_kirred":1}