{"kgrid":[1,1,1],"a":11.343214285714286,"temperature":0.0,"Ecut":50.0,"lattice":[[0.0,5.671607142857143,5.671607142857143],[5.671607142857143,0.0,5.671607142857143],[5.671607142857143,5.671607142857143,0.0]],"n_electr":8,"n_bands":4,"α":[0.6,0.6,0.6,0.6,0.6,0.6,0.6,0.6,0.6,0.6,0.6,0.6,0.6,0.6,0.6,0.6,0.6,0.6],"energies":[-7.381284704808794,-7.3856275688088155,-7.382042444373839,-7.386796262326026,-7.386856097341175,-7.386811315844843,-7.386880902078503,-7.386886015119556,-7.386886945016533,-7.386887413681604,-7.386887695234478,-7.386887701210746,-7.3868877068326455,-7.386887708875035,-7.386887709027556,-7.386887709076765,-7.386887709079964,-7.386887709080737],"residuals":[[4.545680944269135e-8,4.80590845774112e-8,7.61389014420189e-9,5.2071904555278405e-8,1.1265171422586443e-8,8.05305565381199e-9,9.536912329240735e-9]],"smearing":"DFTK.Smearing.None()","ndiag":[1,1,1,1,1,1,1,1,1,1,1,1,1,1,1,1,1,1],"fft_size":[54,54,54],"eigenvalues":[[-0.1978624472190124,0.1774841828594912,0.17748418509483263,0.17748418704759766,0.18537289271268406,0.26011481483068816,0.26011481496061806]],"n_kirred":1}