{"4":[2.7011618128488872,1.7703724677134103,0.764045558271313,0.48626303875483456,0.38903448411690006,0.22566306550020201,0.1254538771879766,0.05637070602138295,0.015849025860423336,0.0051552717657680465,0.002095267188904499,0.0005869114430198751,0.00015874885486942878,4.2061642515719654e-5,1.5207700064955508e-5,4.895793383797405e-6,1.991176944717025e-6,7.368893813706162e-7,2.010332746692055e-7,7.75224051698837e-8,2.2176155514621795e-8,5.648938023310418e-9,1.4966730020435781e-9,4.369621393748566e-10],"2":[2.3468926020367853,1.9087938847432566,0.6360410190104557,0.45412707566639865,0.47792778524704216,0.2262062341381335,0.09028379337646178,0.03898299222302026,0.010442980426553209,0.004348772875334347,0.0017242061890702103,0.00048237348225430867,9.44845745582829e-5,2.431714749449048e-5,7.69644681425659e-6,2.4819179767923014e-6,7.607907459647946e-7,3.0947391440285304e-7,7.106534627233935e-8,2.709520575104838e-8,1.2474661883273651e-8,3.548044302501378e-9,9.148680232707745e-10],"3":[3.511809475296638,1.3862253391732295,0.8624298572309308,0.3220710069432604,0.2673681174851605,0.18574628326620063,0.11346495664226296,0.05715746232133179,0.02448888798958965,0.007074158290589428,0.003008023923783399,0.0008590424901818095,0.0002368567130528841,0.00010738763775326636,2.892977303778668e-5,1.2768506223470113e-5,3.923523646975388e-6,1.1706754295794086e-6,3.2793779923377645e-7,1.0941656568771304e-7,2.886338082712929e-8,9.583171085283215e-9,1.7656825873054945e-9,7.86623995821383e-10],"1":[2.674063346281713,0.7393442107228974,0.16602924316047804,0.013915981362409043,0.0037554251168182996,0.0008240670904703993,0.00032220814638740306,4.809567253844537e-5,1.0100718486828032e-5,2.8841947931366903e-6,5.01039784799296e-7,1.922263680844834e-7,8.378355142000428e-8,1.2326085851291071e-8,1.933009140161573e-9,3.2373085420214864e-10]}