{"4":[3.3158742551302502,1.637141968790847,1.1667729415419423,0.7610437250778083,0.5394844800844418,0.27830998713066296,0.16751921308958945,0.07612943304856386,0.024314006524508287,0.006860782950638276,0.002810810482282875,0.0008066175285322966,0.00022898933604352723,9.023399943298073e-5,2.6168215922021773e-5,1.0482725324584073e-5,3.62338761649487e-6,1.149208548125821e-6,3.3223015839812793e-7,1.1439631832541983e-7,3.0261460584756676e-8,9.491672050214096e-9,2.050412162905418e-9,7.878802963441701e-10],"2":[2.3314470462052785,1.8987005563374242,0.6293619351068139,0.4304120868410031,0.4530448337406024,0.2195060851886508,0.08472338801187936,0.037340349369592914,0.010422383042303057,0.00432455684751815,0.0016549598463097273,0.00047131118907587293,8.989667861049674e-5,2.347521017595204e-5,7.471288721102821e-6,2.4215382326916323e-6,7.166747983641096e-7,2.8491325246012176e-7,5.8460034711627617e-8,1.5838372127263162e-8,7.134318662574776e-9,2.9805619078841145e-9,8.535032332414519e-10],"3":[3.147082712900887,1.7313377869967745,1.1205533962829095,0.7667157774687384,0.5480044907858524,0.28707373006448617,0.1652224819680138,0.07288957240378709,0.021759056167608683,0.006383649755656236,0.0026076195199367393,0.0007491248363816601,0.00021305766044309293,7.516006182065907e-5,2.3436590995905697e-5,8.671546958544492e-6,3.245115664525427e-6,1.0587886132399534e-6,3.0387741058819473e-7,1.0651077319646214e-7,2.8480639810234616e-8,8.505075647893337e-9,1.955120734446753e-9,6.858588913296601e-10],"1":[2.71443449375704,0.9573090309533573,0.19352724292639267,0.022585933897276898,0.008338212384108236,0.0018319590003888098,0.0005266815051863197,0.00011343246260913895,3.069348090217318e-5,4.126215178031801e-6,5.236796929332263e-7,1.8067251507969662e-7,4.682529075542635e-8,1.3351479667380254e-8,2.3061946506501554e-9,6.823296099668687e-10]}