{"4":[2.8759469348532343,1.9999258677056908,1.1439984232961278,1.356673340650334,1.3471894074246602,0.8370047791798673,1.1399435200186254,1.813141474150742,2.030836771038045,1.1746367496518983,0.2976316210981928,0.13566688589686893,0.04970046087954402,0.014127508124709523,0.003777532435350548,0.0009394880088118256,0.00038443660850617887,0.00013510872084081618,4.9597864825529765e-5,1.6380715124372428e-5,5.207369519636377e-6,1.6733545195837074e-6,5.683432118909817e-7,1.1141987062080399e-7,3.351252921720185e-8,1.0764338257458898e-8,5.014309000801934e-9,4.620755116407627e-9,3.9188001901287585e-9,1.37146856105459e-9,2.9929937884913976e-10],"2":[2.6920482678275586,1.9718766063533986,0.9208858447344168,1.0054269803933695,1.0217503786200268,0.5661729133792819,0.6482212384006112,1.0451859125956415,1.5135846542756484,1.014177149787693,0.26761646760401264,0.12488538918975287,0.04418517281782761,0.012734149859893868,0.003005380761572605,0.0008118337747546303,0.0002933087182844669,0.00010689785019287653,3.936608855542391e-5,1.3343636937707957e-5,4.39878861249763e-6,1.4494490945197708e-6,4.741749644382362e-7,1.008469989087334e-7,2.7690726674217482e-8,8.8013271764108e-9,5.67729524954449e-9,5.786974584316383e-9,3.597459181414005e-9,1.1592382847993147e-9,2.5875487412798394e-10],"3":[3.536119677156387,2.286962780733914,2.665905657300986,3.219949926762278,2.426049771833106,2.0323321086801753,4.241842318193739,4.584263946344145,2.5240222916553887,1.4878454950397495,0.39702498945487336,0.17819671785609636,0.06595401808387914,0.018062539232645267,0.006094676493150086,0.001524830865444141,0.0007380854907093092,0.00022752515488469176,8.112472833122205e-5,2.3059497937454985e-5,6.861576752472468e-6,2.275644320374626e-6,7.794843468700638e-7,1.4432206500863162e-7,4.926020095250801e-8,1.9555780139935136e-8,1.0241026593960877e-8,1.1836887476678072e-8,6.515383410942009e-9,1.6507652819237658e-9,4.072710416724556e-10],"1":[2.7820543783424077,1.0793704432591817,0.21710765025530604,0.028485311298015868,0.011106415020753506,0.002227929758357834,0.0006262571493107538,0.0001582199132085751,3.6011240296405866e-5,4.566126147809138e-6,4.683796336746654e-7,7.474599769966543e-8,3.1615165378039525e-8,1.4312921998928386e-8,1.7575840469034755e-9,5.75406627611491e-10]}