{"4":[2.7436227492720007,1.975813649963984,0.9745868379505044,1.0915483992730803,1.1055014913805552,0.6344977233166882,0.7701409254675805,1.2467532846082727,1.6742875183104204,1.0609023249156173,0.27543739532999834,0.12755335027677484,0.04565121862680106,0.013129079908542268,0.0032119382258206,0.0008453891934251731,0.0003168330219373759,0.00011487351265430369,4.2197750821422704e-5,1.421283011368018e-5,4.628507692816057e-6,1.5095995059705949e-6,4.999507685618443e-7,1.0358170243659772e-7,2.8980668691118243e-8,8.486988546732732e-9,2.8676899598617577e-9,9.384035908013687e-10],"2":[2.3931065343034605,2.023905106149647,0.7479914223433957,0.6646168456760437,0.6731520470961386,0.2632158400740162,0.10643145372829162,0.06639778180717365,0.09555281597959622,0.23166387396247076,0.1820848481019291,0.10771878664317472,0.03374994690787746,0.008557367323826453,0.0018294242313913682,0.000566551953503243,0.0001768963550661029,5.459012351547752e-5,1.9313966017533777e-5,5.385220750250297e-6,1.5585629103257067e-6,6.039462031738019e-7,2.716492951167784e-7,7.747033137205639e-8,1.7774974872041738e-8,3.528661541640994e-9,1.0930508665459076e-9,8.51937227164472e-10],"3":[3.6457324453030697,2.338528587506652,3.0020748484100697,3.531686587005321,2.5023910670469243,2.210393377830009,5.141958188239901,4.866312095061656,2.0924011900518575,1.2216339181379008,0.37753587619488965,0.17637563956612587,0.06674064977555667,0.018275426886410484,0.006231564712099612,0.0016186956564463156,0.0007821591944490988,0.0002417357353993208,8.363838891549763e-5,2.2731237202753838e-5,6.441869974796575e-6,2.1454917757036175e-6,7.32583688438068e-7,1.3819365116293023e-7,4.3162252093625424e-8,1.6941171706395234e-8,4.438022256905794e-9,1.0118888025402e-9,6.585883595650864e-10],"1":[2.782054058586563,1.0793701802197244,0.21710763208707975,0.028485315257289114,0.011106418629443334,0.002227929735861708,0.0006262570810044164,0.00015821986911416388,3.6011256601634904e-5,4.566188295835701e-6,4.6861621975154615e-7,7.52231044592679e-8,3.541108077120116e-8,1.4773033003383877e-8,1.7482642922111539e-9,5.645809038900965e-10]}