{"4":[2.8178472999583115,1.7074059812023388,0.8017345301635735,0.42489805875726083,0.2893557064161054,0.2001412868446769,0.12971460002996832,0.060890717476979744,0.017450500914168485,0.005485952415267651,0.0022475621130972085,0.000630698617230517,0.00017530606436522958,5.065870494937008e-5,1.7807939919982236e-5,5.8890234327826315e-6,2.3958808477743582e-6,8.383962552717603e-7,2.3265101723938172e-7,8.661681648592713e-8,2.402236782142009e-8,6.469237954263894e-9,1.6612402051230499e-9,5.09133721704463e-10],"2":[2.6635845045716615,1.8157332666806072,0.768647178745361,0.5539701609106779,0.47135557797622735,0.241189544441996,0.12391401982448076,0.05459208638380101,0.015236776493046429,0.00504310617331706,0.0020388351994130513,0.0005728423546578558,0.00015233115917342297,3.914169644887044e-5,1.4191844001821614e-5,4.541448290732688e-6,1.83124710071367e-6,6.960556009206468e-7,1.889142640515535e-7,7.390843251780258e-8,2.1476225633634245e-8,5.352815481704761e-9,1.4274204013470696e-9,4.0880620132766824e-10],"3":[3.4315133499249804,1.5012044779021418,1.0445718317856214,0.5826630442935206,0.45269437859558265,0.244053790390978,0.1500140290728652,0.07235364964734249,0.02559536091146608,0.007123509677347875,0.0029457151499425647,0.0008404170604018887,0.0002354788831165178,0.00010067790083323694,2.7871082994268198e-5,1.1832908988244663e-5,3.82458012839569e-6,1.1782162357232866e-6,3.3787709402894857e-7,1.1490768534134472e-7,3.0320525028745474e-8,9.86370490336502e-9,2.0078582058186093e-9,8.373938326279044e-10],"1":[2.6819089697607277,0.8211029970641556,0.17498346763098374,0.017158830278621983,0.005582465148840866,0.0013360259514746784,0.0004276734705331742,6.970325188112852e-5,2.2263943319989853e-5,3.60559710777286e-6,5.42211860406798e-7,2.1346109693906108e-7,5.590078547462191e-8,1.5345149210353913e-8,2.1785743184671215e-9,4.954584925298024e-10]}