{"4":[3.3839590040584833,2.214018552366183,2.2366652595675256,2.7781784778919745,2.2643150380412007,1.7729681050704629,3.2962434915461833,4.070102260672285,2.700983232371593,1.5307497811709547,0.38456315476010816,0.17150489613927047,0.06352090343878314,0.01750325166535836,0.005760939427654943,0.001389758858843689,0.0006688665477639796,0.0002076560576268275,7.608254759950537e-5,2.261421605550863e-5,6.909385116141575e-6,2.25838730059507e-6,7.738781545020904e-7,1.4106637248914972e-7,4.774093412141326e-8,1.60857303569577e-8,4.756483084259178e-9,1.3719091362786848e-9,1.2645055451589412e-9,1.2835334060650585e-9,3.960938842377897e-10],"2":[2.384493669382637,2.0281977126646327,0.7611289235173343,0.6732010589161227,0.6804754041623493,0.2568956077508197,0.09006117868992453,0.042508871465832376,0.027598191180095398,0.0618054724806654,0.09387644694377917,0.08889892516758581,0.032419768832837134,0.00812191850814739,0.0017744678625909315,0.0005568370693289658,0.00017380590531095865,5.232590529674306e-5,1.856064675722543e-5,4.833231432932493e-6,1.2229543246593526e-6,3.4083215287373305e-7,1.6728508313094332e-7,6.625096447024936e-8,1.7069565238750325e-8,3.2749365416332182e-9,8.692805973932948e-10],"3":[3.187563108202863,2.119916921986165,1.744400840784742,2.1971883058494495,1.9626933046788302,1.4141729586057072,2.3313997640789186,3.262365638012386,2.597180382866787,1.4320894626272156,0.3545450104278203,0.15877857806243897,0.05912177588788996,0.016412833228881284,0.005120121285950427,0.001209929273520716,0.0005652921540639483,0.00018101890758061458,6.716241139420523e-5,2.0892468160481965e-5,6.465457107383757e-6,2.0833453458124017e-6,7.171837334589758e-7,1.3126790415367235e-7,4.344345684157883e-8,1.404532481102861e-8,4.333654797125948e-9,1.1186981750409575e-9,5.724839706431483e-10],"1":[2.782054019680226,1.079370229912393,0.2171076254636708,0.02848530533450667,0.011106414437697274,0.0022279289693379746,0.0006262569728569887,0.00015821989295101353,3.601124921463721e-5,4.566148386050794e-6,4.684584450086867e-7,7.487104060564972e-8,3.304178364963579e-8,1.45393889277213e-8,1.747644387054904e-9,5.645347387977613e-10]}