{"kgrid":[1,1,1],"a":11.336571428571428,"temperature":0.0,"Ecut":50.0,"lattice":[[0.0,5.668285714285714,5.668285714285714],[5.668285714285714,0.0,5.668285714285714],[5.668285714285714,5.668285714285714,0.0]],"n_electr":8,"n_bands":4,"α":[0.6,0.6,0.6,0.6,0.6,0.6,0.6,0.6,0.6,0.6,0.6,0.6,0.6,0.6,0.6,0.6,0.6],"energies":[-7.38152469714003,-7.385644963826868,-7.384195553001666,-7.386721639941763,-7.386748830969378,-7.38679153802344,-7.386797144994372,-7.386811615680178,-7.386812044881931,-7.386812153563923,-7.386812152638031,-7.386812186292943,-7.386812187790109,-7.386812187904569,-7.386812187958482,-7.386812187964733,-7.386812187964829],"residuals":[[2.222749290553537e-8,2.108895740176614e-8,1.0360057086962786e-8,2.5702404891824172e-8,9.618992337287534e-9,1.1491696904485325e-8,9.908299091874181e-9]],"smearing":"DFTK.Smearing.None()","ndiag":[1,1,1,1,1,1,1,1,1,1,1,1,1,1,1,1,1],"fft_size":[54,54,54],"eigenvalues":[[-0.19760739748395648,0.17808408998644298,0.1780840900505587,0.1780840908939031,0.1865588318154847,0.26075084326121833,0.26075084356531725]],"n_kirred":1}