{"kgrid":[1,1,1],"a":11.336571428571428,"temperature":0.0,"Ecut":50.0,"lattice":[[0.0,5.668285714285714,5.668285714285714],[5.668285714285714,0.0,5.668285714285714],[5.668285714285714,5.668285714285714,0.0]],"n_electr":8,"n_bands":4,"α":[0.6,0.6,0.6,0.6,0.6,0.6,0.6,0.6,0.6,0.6,0.6,0.6,0.6,0.6,0.6,0.6,0.6],"energies":[-7.381857455387103,-7.385735715147179,-7.383130653348358,-7.386739675089592,-7.386786267927159,-7.386760440249331,-7.386809352543125,-7.3868116891881925,-7.386811577671816,-7.386812164734314,-7.386812176217098,-7.386812187117172,-7.386812187573238,-7.386812187930332,-7.386812187955375,-7.386812187964163,-7.38681218796474],"residuals":[[5.758373409965028e-8,4.297014800598195e-8,2.3934128710370037e-8,5.375944605504197e-8,1.8447460391909046e-8,2.8830212027241938e-8,1.9051854793695925e-8]],"smearing":"DFTK.Smearing.None()","ndiag":[1,1,1,1,1,1,1,1,1,1,1,1,1,1,1,1,1],"fft_size":[54,54,54],"eigenvalues":[[-0.19760738978712875,0.17808408836730025,0.17808409718894014,0.17808410738887867,0.18655884108272136,0.2607508501714358,0.26075085412703763]],"n_kirred":1}