{"kgrid":[1,1,1],"a":11.336571428571428,"temperature":0.0,"Ecut":50.0,"lattice":[[0.0,5.668285714285714,5.668285714285714],[5.668285714285714,0.0,5.668285714285714],[5.668285714285714,5.668285714285714,0.0]],"n_electr":8,"n_bands":4,"α":[0.6,0.6,0.6,0.6,0.6,0.6,0.6,0.6,0.6,0.6,0.6,0.6,0.6,0.6,0.6,0.6,0.6,0.6],"energies":[-7.381570352697201,-7.385325252960659,-7.373153398760717,-7.386759096354632,-7.386768734040766,-7.386746249376186,-7.386801832273852,-7.3868117280092145,-7.386811763389508,-7.3868119679075965,-7.38681212102456,-7.386812183289136,-7.386812187604878,-7.386812187909237,-7.386812187955619,-7.3868121879615085,-7.386812187964681,-7.386812187964835],"residuals":[[2.8344728294160884e-8,2.245769602859212e-8,2.8082560799475326e-8,1.6391041687181314e-8,7.924193827842244e-9,9.987316866301435e-9,8.46852779822733e-9]],"smearing":"DFTK.Smearing.None()","ndiag":[1,1,1,1,1,1,1,1,1,1,1,1,1,1,1,1,1,1],"fft_size":[54,54,54],"eigenvalues":[[-0.19760739736881533,0.17808408830793235,0.17808409064951553,0.17808409366326725,0.1865588323733734,0.2607508429740513,0.2607508435306785]],"n_kirred":1}