{"4":[2.5076641973840887,1.8974806426721298,0.7134334914080303,0.5791917580509981,0.544812543922482,0.24397155167698076,0.1121039376513362,0.048130975670874154,0.013072083816443916,0.004725661531031696,0.0018848502026771676,0.000534411091029752,0.00012952845235463328,3.128703159508422e-5,1.0972023082159637e-5,3.4807560651988642e-6,1.3110598562279072e-6,5.482891066180249e-7,1.4808121913819654e-7,6.155689057077588e-8,1.9072933424049638e-8,4.480818977528232e-9,1.1889206997518922e-9,3.122430818608565e-10],"2":[3.473901211200203,1.541448538745825,1.1602575521280833,0.7568524335476471,0.54568433323786,0.25589871307228185,0.14781922745904516,0.0707320607442586,0.025700880898319168,0.007165191952273424,0.0029637963839605846,0.000847456131562021,0.0002380870651758453,0.00010337491239913016,2.862260031745814e-5,1.2232306029223376e-5,3.897744873938712e-6,1.1861748795960154e-6,3.372762381237973e-7,1.1455055852215348e-7,3.033671181140676e-8,9.874063454176275e-9,1.9668408385579734e-9,8.388211769393487e-10],"3":[2.810525243994144,1.6618056207617993,0.7597505993121335,0.3097006510766265,0.10948857387680813,0.06666814341647331,0.06716652481318335,0.051689728073353924,0.017204508770156706,0.005495790562864076,0.002263104093614899,0.0006349063202065146,0.0001769139955801024,5.1723072682328566e-5,1.820429302209789e-5,6.037426731201417e-6,2.4666943119668096e-6,8.534023689047209e-7,2.3640301244243172e-7,8.803966412326014e-8,2.4303977957345744e-8,6.550130222952179e-9,1.6768261527688305e-9,5.157037719917732e-10],"1":[2.6873975341104845,0.8638716915749413,0.18016458389509377,0.018797403591891266,0.006447557797832127,0.0015098758932855082,0.00045994737034480923,8.270423071864733e-5,2.5458025656181067e-5,3.7610823256735708e-6,5.392353835101641e-7,2.0811067331138454e-7,4.7762544447581516e-8,1.5060654353419316e-8,2.2408322492329413e-9,5.630427973219353e-10]}