{"4":[3.024628299646043,2.047181254159734,1.3969512767274037,1.7160606610202034,1.6227542670743431,1.077573448701114,1.5957476961052122,2.3839188319130202,2.203982001101957,1.2148739110138995,0.3030582575969413,0.1366362207615314,0.050752762644216416,0.0142277914123614,0.004158541855089861,0.0009984572564013861,0.0004431076477819716,0.00014863543391419826,5.491094923003208e-5,1.7550013823837995e-5,5.4767731868907404e-6,1.756066688041252e-6,6.027966580756233e-7,1.1274950330269498e-7,3.578104603599421e-8,1.1251951431960596e-8,3.5514205336784745e-9,8.771949695259099e-10],"2":[3.1992517627350323,2.1227478551518386,1.7695559308709226,2.2092847341214616,1.9474413189861184,1.3964393710330545,2.286855532648919,3.1385193811472245,2.44164001627689,1.3429467505910622,0.33241814897169536,0.14883161669593778,0.05537608400403744,0.015368521908105306,0.004835758693179621,0.0011476169748506693,0.0005394203059045006,0.0001722881735718644,6.382411331822793e-5,1.9693287555730613e-5,6.0847652783034845e-6,1.964051638282031e-6,6.744911158356466e-7,1.2301227875326782e-7,4.079584542481894e-8,1.3207834635284388e-8,4.035834316910523e-9,9.664413381574628e-10],"3":[3.1196358576981607,2.086706845182349,1.5908048656385636,1.9799225614863964,1.8056892194499232,1.2514371885387103,1.9581907405080956,2.801885071822256,2.349256910905951,1.287812960735904,0.3193665725845637,0.143377782464609,0.05338279770188578,0.014871616852475756,0.004540967319840329,0.0010787752038581943,0.0004961937981258045,0.00016169896247512496,5.9905285883087944e-5,1.8792399588131022e-5,5.828912138120824e-6,1.8740083455991761e-6,6.442285222800297e-7,1.1848382954993372e-7,3.8639362123045276e-8,1.2347130764006313e-8,3.838510293393557e-9,9.429680887698454e-10],"1":[2.7803878652668255,1.078507500664878,0.2169806309226689,0.028445944754584847,0.011084266532763598,0.002222275744982615,0.0006252277247734115,0.0001577337917693152,3.581200175130344e-5,4.540634111460284e-6,4.6531353393195703e-7,7.484481816112958e-8,2.9217536607536037e-8,1.2959381260130956e-8,1.738142213202628e-9,5.621502913304317e-10]}