{"4":[2.5359426622612755,1.9799727819905493,0.7911167000691801,0.7908688659869897,0.8014383070992364,0.3879736392822936,0.3338604596839048,0.4837676420070562,0.8738965986431438,0.778199516859739,0.23006443575359192,0.11046526269755776,0.037299135668155875,0.010603348365671889,0.002264039032630987,0.0006661143507616882,0.00021615317954800164,7.689634188917572e-5,2.874141382728416e-5,9.769199560708381e-6,3.365150324009781e-6,1.176757498927859e-6,3.7212127132263414e-7,8.586115824383966e-8,2.12596308042401e-8,5.453147123101409e-9,1.9530804242640522e-9,9.478218020569024e-10],"2":[3.4062192068377755,2.220635981536434,2.291145976061722,2.809662676023394,2.244070322489507,1.7552775370827158,3.270430368107065,3.917785110412656,2.5133518890988937,1.4292252457588668,0.36097679347253336,0.1610013406469188,0.059545284451944104,0.016398024235486846,0.005452622135148785,0.0013255432772712003,0.0006414565435082675,0.00019845788214585853,7.230566024510142e-5,2.1262308052528314e-5,6.478117900343337e-6,2.1238601885923197e-6,7.264029643039415e-7,1.3221288962756122e-7,4.474063406228707e-8,1.5162345258549354e-8,4.405164159437039e-9,1.1600136176633798e-9,8.425241532014825e-10],"3":[3.1274682080560274,2.090162124452336,1.6077752953423492,2.002261339766792,1.8201927535741422,1.265793032599125,1.9895219598247749,2.8356922474923003,2.3595995805672945,1.2935433045368987,0.3206824487680786,0.14392617262400278,0.05358816486640657,0.01492252339979603,0.004571160731411378,0.001085512857159075,0.0005005177303491707,0.00016275557463302727,6.0303630271265376e-5,1.888726988899603e-5,5.855933919733426e-6,1.8833191210810823e-6,6.474076282234757e-7,1.1894603264582429e-7,3.886869100306098e-8,1.2448834239451315e-8,3.895703278606351e-9,1.0400869835251748e-9,5.881907017176661e-10],"1":[2.78038791994287,1.078507501559315,0.21698062905669513,0.028445945119485512,0.011084266588821239,0.0022222758086064653,0.0006252277333898269,0.00015773378985710007,3.5812008706300616e-5,4.540720192842721e-6,4.6567220014192365e-7,7.536954065008123e-8,3.5290454612356215e-8,1.4710102732853889e-8,1.743126138492475e-9,5.624786909887624e-10]}