{"4":[2.525453680655057,1.9818032099578258,0.7838147932181064,0.778749694567124,0.788979458346119,0.37795389144111746,0.316486498323405,0.45164555298501013,0.8284962620955888,0.762026206242592,0.22878222993187386,0.11014096627759162,0.037022676668249016,0.010495946407693454,0.0022282715804197773,0.0006589786223519502,0.00021246518550702557,7.520284174897859e-5,2.8102269725273955e-5,9.541928196568526e-6,3.298110097013531e-6,1.1614177378907257e-6,3.672552625085304e-7,8.537074022847713e-8,2.1259655122686885e-8,6.309105765072296e-9,5.277541346376344e-9,5.15919340259183e-9,2.5907471084329586e-9,8.555868941139834e-10],"2":[3.566156453945374,2.2958364230520067,2.746483613439373,3.262971445217985,2.394533995884762,2.011570189317696,4.259285378805251,4.394149062717435,2.2702119911957612,1.346166021542224,0.3691979733196723,0.16659858322194945,0.061730431239752366,0.0168927817770618,0.005758465066719986,0.00145848933460599,0.0007089080047486876,0.00021789781055000742,7.685597721785645e-5,2.1510267251608104e-5,6.335829664879202e-6,2.1089244961175662e-6,7.220181528711228e-7,1.338876751183511e-7,4.4711515761304264e-8,1.6905802931686885e-8,6.163528440385162e-9,5.844040903400367e-9,5.190078417893731e-9,1.4702885751212197e-9,3.736552027249439e-10],"3":[2.8855396419835593,2.0013411742977505,1.159024712734777,1.3698416175120312,1.3490968583874743,0.8356286758696062,1.1306300078236449,1.7717510933104594,1.9309732410415712,1.1038639102588217,0.2791808994580656,0.12712806204935337,0.046638629094110054,0.0132449205212009,0.0035741355056695514,0.0008896589279706165,0.000367037296860963,0.0001288782525447486,4.739306313165531e-5,1.5524935188323542e-5,4.916622423245387e-6,1.5803185765188612e-6,5.361344471025637e-7,1.0442572192174315e-7,3.1475098295855374e-8,9.872734461916297e-9,3.882770076268522e-9,2.7584370507816953e-9,2.961996292003818e-9,1.2608918957230965e-9,2.812393942660185e-10],"1":[2.7803878155076434,1.0785073661379152,0.216980619912093,0.028445948446491745,0.011084269127897759,0.0022222759809132466,0.0006252277364066827,0.0001577337637440839,3.581201234078324e-5,4.54068309364987e-6,4.655041721472105e-7,7.503681194522092e-8,3.255354307540346e-8,1.4412037426933498e-8,1.7418176472181885e-9,5.618230441129498e-10]}