{"4":[2.4839759076360384,1.8130733027215782,0.6488714163057406,0.4137420968254781,0.35965060407747673,0.20572678203955164,0.10838024217296201,0.04827052523570879,0.013230878667656713,0.004744269159346196,0.0018964741252174382,0.0005344008315131577,0.00013094426181781818,3.180890428570754e-5,1.1213507046192785e-5,3.5512479529109914e-6,1.3498549498013067e-6,5.596371339224541e-7,1.5129810742878105e-7,6.29258433787098e-8,1.925926988395909e-8,4.5416408860614325e-9,1.2087324431806204e-9,3.2008490568758947e-10],"2":[3.2946235342296313,1.4837545391192841,0.9106256255575468,0.3400119718606905,0.19845631802770922,0.15102527532494434,0.12761970585450502,0.07121377709448998,0.02442576838691013,0.006901481416381013,0.002844216942723755,0.0008127181616103417,0.00022977668594524858,9.273621906589403e-5,2.663439177777329e-5,1.0800418856404152e-5,3.7006675151060295e-6,1.155106364109797e-6,3.350915416909766e-7,1.1547977167721407e-7,3.0390314214374315e-8,9.59442895252763e-9,2.062712626783836e-9,7.98813295971389e-10],"3":[3.085763016059825,1.7281014341961358,1.0596519354898652,0.7027683143770062,0.5145331342390942,0.27991839896821846,0.16129393086205016,0.07125238006936546,0.020968687355784544,0.006229306741403827,0.0025437965800728813,0.0007296983069817674,0.00020741659894859703,7.081395848494957e-5,2.274114675494617e-5,8.209678455515044e-6,3.1497011839562907e-6,1.0290051610390376e-6,2.932336625862713e-7,1.0378345257698016e-7,2.7873404250109004e-8,8.153179905104832e-9,1.9096179696933444e-9,6.526512084186982e-10],"1":[2.6772209337731963,0.795105182016665,0.17204243355912988,0.01616527601756269,0.005041908799547563,0.001212481079293403,0.0004038232024816597,6.231535172407578e-5,1.9623053465401985e-5,3.452857055173843e-6,5.381757274223483e-7,2.1412783481303514e-7,5.335883826572406e-8,1.4346222269711799e-8,2.10286521256236e-9,4.4897819235942505e-10]}