{"4":[2.9834432620085645,1.7349131521923278,0.9689101380989718,0.6236064514095706,0.46843323458563585,0.2653776854499494,0.15231143391292842,0.0675742152710861,0.01950925240799333,0.005930543104033994,0.0024242523030779486,0.0006908937066158689,0.00019524056617331896,6.240099699062635e-5,2.0908497013398892e-5,7.254364604313186e-6,2.8759929247412024e-6,9.587984647020427e-7,2.701142081547652e-7,9.724128285298105e-8,2.6405711073278076e-8,7.478529284953152e-9,1.816884761680452e-9,5.933549829450679e-10],"2":[3.1567386255103393,1.7234996905460995,1.1249007272374338,0.7637029324775538,0.5457623321686684,0.28730376552732795,0.16624948019339744,0.07344732085120359,0.021981783292851696,0.006427673504635268,0.002623171349218704,0.0007547255599433579,0.0002151023891487411,7.665387396061063e-5,2.3916248799081353e-5,8.886593014144396e-6,3.3195485609394808e-6,1.0726929965681526e-6,3.0746808905312627e-7,1.078102669229307e-7,2.8796289529287276e-8,8.590802666450126e-9,1.9631733154996894e-9,6.932352839864804e-10],"3":[3.0973521072344954,1.7851180836178082,1.1284344185482005,0.8241367311006066,0.5838542878697839,0.29295215822754384,0.16284609550253493,0.07119131451409895,0.02084891718312069,0.006210250867905678,0.002530431417468577,0.000727882984215197,0.00020707127938268243,7.011677908998544e-5,2.263530964440145e-5,8.139463680927444e-6,3.1293543737246045e-6,1.0257500451067509e-6,2.916132010229328e-7,1.0318790623340325e-7,2.7799139500881668e-8,8.100187853733151e-9,1.896978648195189e-9,6.47410972081493e-10],"1":[2.735387886561393,1.007802949968844,0.20236255203279466,0.02487097444402296,0.009423039704215923,0.0019934337331974548,0.0005643200060535954,0.00013112072085292027,3.283831018931111e-5,4.283721018405688e-6,5.036140857198612e-7,1.509230084567882e-7,4.961293365832673e-8,1.6523673011388624e-8,2.2475676786984527e-9,7.192253330486027e-10]}