{"kgrid":[1,1,1],"a":11.323285714285715,"temperature":0.0,"Ecut":50.0,"lattice":[[0.0,5.661642857142858,5.661642857142858],[5.661642857142858,0.0,5.661642857142858],[5.661642857142858,5.661642857142858,0.0]],"n_electr":8,"n_bands":4,"α":[0.6,0.6,0.6,0.6,0.6,0.6,0.6,0.6,0.6,0.6,0.6,0.6,0.6,0.6,0.6,0.6,0.6],"energies":[-7.3816339832545586,-7.385578065794029,-7.384410869560189,-7.386590801297342,-7.386647830220482,-7.386640065739155,-7.386652755640752,-7.386653543090609,-7.386653797923204,-7.386653806173996,-7.38665382547035,-7.386653827199677,-7.386653827257722,-7.386653827289351,-7.3866538272907185,-7.38665382729233,-7.386653827292353],"residuals":[[3.939287098210149e-9,4.150424833977841e-9,8.593367330368408e-9,8.88782802740425e-9,3.985325350459537e-9,1.2858238708567803e-9,6.13038114944987e-9]],"smearing":"DFTK.Smearing.None()","ndiag":[1,1,1,1,1,1,1,1,1,1,1,1,1,1,1,1,1],"fft_size":[54,54,54],"eigenvalues":[[-0.19709614261487182,0.1792875798388608,0.17928758118230337,0.17928758199661043,0.18893831769231612,0.2620263599012784,0.26202636080371833]],"n_kirred":1}