{"kgrid":[1,1,1],"a":11.323285714285715,"temperature":0.0,"Ecut":50.0,"lattice":[[0.0,5.661642857142858,5.661642857142858],[5.661642857142858,0.0,5.661642857142858],[5.661642857142858,5.661642857142858,0.0]],"n_electr":8,"n_bands":4,"α":[0.6,0.6,0.6,0.6,0.6,0.6,0.6,0.6,0.6,0.6,0.6,0.6,0.6,0.6,0.6,0.6,0.6,0.6],"energies":[-7.38033063140695,-7.384873232231781,-7.376653988372752,-7.386517871158709,-7.386583854607139,-7.386537378471657,-7.386595425639397,-7.386650832743662,-7.3866537196234585,-7.3866531628176375,-7.386653800492029,-7.38665382022311,-7.386653825969004,-7.386653827212838,-7.386653827260496,-7.386653827290965,-7.386653827292207,-7.386653827292351],"residuals":[[2.089125630926985e-8,3.439688296822647e-8,3.5451691988686704e-8,2.7951022308434366e-8,4.4278862806638526e-8,2.5708655008370037e-8,2.541471302171587e-8]],"smearing":"DFTK.Smearing.None()","ndiag":[1,1,1,1,1,1,1,1,1,1,1,1,1,1,1,1,1,1],"fft_size":[54,54,54],"eigenvalues":[[-0.19709614056215224,0.17928757959634334,0.17928758308975112,0.17928758671901193,0.18893832041464942,0.26202636107588745,0.2620263639904954]],"n_kirred":1}