{"kgrid":[1,1,1],"a":11.323285714285715,"temperature":0.0,"Ecut":50.0,"lattice":[[0.0,5.661642857142858,5.661642857142858],[5.661642857142858,0.0,5.661642857142858],[5.661642857142858,5.661642857142858,0.0]],"n_electr":8,"n_bands":4,"α":[0.6,0.6,0.6,0.6,0.6,0.6,0.6,0.6,0.6,0.6,0.6,0.6,0.6,0.6,0.6,0.6,0.6],"energies":[-7.381354263198303,-7.385404436171722,-7.381815556592128,-7.386613335207867,-7.386625893013968,-7.386640610766657,-7.386644365948962,-7.3866521976068995,-7.386653797163195,-7.3866537906719065,-7.386653805996607,-7.386653824558522,-7.386653827156624,-7.386653827129692,-7.386653827289009,-7.386653827291679,-7.386653827292322],"residuals":[[1.5251032222782452e-8,3.613569524873108e-8,3.2012316623721734e-8,2.6940713651439322e-8,1.320749778728815e-8,4.248307151953252e-8,5.5128138686157455e-8]],"smearing":"DFTK.Smearing.None()","ndiag":[1,1,1,1,1,1,1,1,1,1,1,1,1,1,1,1,1],"fft_size":[54,54,54],"eigenvalues":[[-0.19709613738476095,0.17928757510214882,0.17928759208840653,0.17928759494116503,0.1889383247076856,0.2620263615524696,0.26202636522240697]],"n_kirred":1}