{"4":[2.466609880026334,1.8080752117841152,0.6378160132671656,0.39179118806117735,0.3320376297610779,0.19718286410964858,0.1066893681119586,0.04794406456362466,0.013124164426575996,0.004743875374642266,0.0018944260917836426,0.0005346105715749208,0.00012994880320181925,3.164581413700096e-5,1.1142335012852352e-5,3.5323192776812703e-6,1.348723396998851e-6,5.622370484421111e-7,1.5067755466099465e-7,6.292508810001656e-8,1.929549968075088e-8,4.503283746008668e-9,1.1936618437760238e-9,3.131131723600962e-10],"2":[3.5687122995397402,1.4136350839382918,0.9791589556840591,0.548057646776939,0.47533292020933327,0.22070874546991404,0.09955743467585408,0.039145374571239844,0.019505966382373476,0.006299981287151264,0.0029153932091512172,0.000861979635929017,0.00024040531288658054,0.00011281155509426816,3.0551958286660994e-5,1.357200305492659e-5,4.055862402867277e-6,1.1670328801775814e-6,3.1685968194231277e-7,1.0420144619504177e-7,2.766924016537522e-8,9.030970213336691e-9,1.411339073641713e-9,5.780362494149472e-10],"3":[2.3429447421963823,1.9375253516079505,0.6699594410978957,0.505436696536195,0.54053231200007,0.2362704327964818,0.08627972691358354,0.037691541553889325,0.010573733596155321,0.0043723296822843595,0.001665301236757251,0.0004742030726070963,9.033851046151247e-5,2.3824577505011647e-5,7.587472560120779e-6,2.4346412208258342e-6,7.2048883410949e-7,2.8806004833329176e-7,5.9010306331358556e-8,1.611259717747126e-8,7.461017233918035e-9,3.04823523256261e-9,8.602512682610852e-10],"1":[2.675349608203021,0.8051153678001602,0.1731644244641062,0.01655644638450782,0.005258271228261158,0.0012649909457564978,0.0004123893372123048,6.506871217699921e-5,2.0628337477449804e-5,3.463283685391506e-6,5.369931936127132e-7,2.1350149533308673e-7,4.677406728862836e-8,1.4044051246474001e-8,2.1022986999898998e-9,4.675615066331808e-10]}