{"4":[2.3304028324067403,1.83766984879864,0.5718076163567701,0.3185944698242473,0.2643000963356044,0.16624917142841872,0.08795609120679657,0.04048053101277955,0.010784498679647347,0.004440093703066831,0.0017845121108521196,0.0004937320243961662,0.00010075840002361894,2.573520336113873e-5,8.231065715625012e-6,2.618155439498384e-6,8.418040831815113e-7,3.546683363235373e-7,8.915116071202928e-8,3.865457905982971e-8,1.508742478995218e-8,3.772120129403819e-9,9.662476004971716e-10],"2":[2.8366796699356196,1.7396656816795886,0.850335571312946,0.5200003833107424,0.39664899401138565,0.23871679194034343,0.13855861663848343,0.0623185684511249,0.017666540610469454,0.005540236877656895,0.002260349857234969,0.0006392232700920989,0.00017844947194998876,5.2039029849519924e-5,1.855956268092768e-5,6.155189715042317e-6,2.53396841392525e-6,8.68835906686421e-7,2.3807772386582503e-7,8.862608744588661e-8,2.4587410316203238e-8,6.548894946558204e-9,1.6643438835617073e-9,5.131019088583844e-10],"3":[3.473769196780227,1.47878404767574,1.0485456326086864,0.6019035022357264,0.4733704232054734,0.24236041037381606,0.14183820349314363,0.06889131772782751,0.025737139194128882,0.007187306526214838,0.0029797145939830317,0.0008528577737079905,0.00024021382311372524,0.00010622897745977156,2.944548073766097e-5,1.2630194559047615e-5,3.986606377527735e-6,1.1895082486583609e-6,3.3706270143507496e-7,1.1464230203178523e-7,3.038946615785052e-8,9.880847891334016e-9,1.939685364711711e-9,8.367276658007427e-10],"1":[2.673033380443585,0.7840664925976367,0.17082797081165485,0.015744667263164328,0.00481110831253037,0.0011563979499692133,0.00039182394789595153,5.9297589313216144e-5,1.828641322049534e-5,3.3464838816096913e-6,5.332954132315595e-7,2.134828606559736e-7,4.3512287012246914e-8,1.3219165774770075e-8,2.0479330621861324e-9,4.283795944319116e-10]}