{"4":[2.4625950887985293,1.9965725816787139,0.7483698909365046,0.7104844375368076,0.7184325468397019,0.31883734943159164,0.21232329135340292,0.2537202034792113,0.48884020469230133,0.5673898615196364,0.19474666519104722,0.09548008034436273,0.03099895313828994,0.008587276861240807,0.0017850950366525649,0.0005451405708218262,0.00016997843994339244,5.769140314091567e-5,2.169714900363799e-5,7.1969446789794845e-6,2.516910007618488e-6,9.375174548775004e-7,2.985742898653999e-7,7.178969452361016e-8,1.6954986127079626e-8,3.959939146133993e-9,1.3612172709925613e-9,6.869651735572194e-10],"2":[3.5460071652383522,2.2760865872317444,2.669351238160925,3.1256507653825274,2.275505139849548,1.8530797292434609,3.763864505487277,3.879398325981666,2.0366798743756975,1.2015472185128944,0.325213891436882,0.1463295459763169,0.05404269618086132,0.014806765879843246,0.0051035007306543066,0.0012923476038608414,0.0006331968982985198,0.00019354675581831186,6.815050296443679e-5,1.904088197556999e-5,5.640307523960844e-6,1.878218062001796e-6,6.419202602579575e-7,1.1804629123780324e-7,3.9320287495571614e-8,1.4175944661515102e-8,3.933861285654486e-9,1.2838158364523732e-9,1.5865289685486974e-9,1.1272950203834546e-9,3.274575631766879e-10],"3":[2.9320820524782687,2.01219100830051,1.2332451938378672,1.4587608855583143,1.4019575806402553,0.8752815967151608,1.1911115141901083,1.7994950482962568,1.8064094412149407,1.0059531461524343,0.2530021143825543,0.11475277411455999,0.042327329509972984,0.0119658741959534,0.0033450731678173733,0.0008275552668883018,0.0003524590337452096,0.00012235485131573834,4.5098473090452e-5,1.4470257994952823e-5,4.536728177915092e-6,1.4581674354872225e-6,4.950366674251604e-7,9.441681921592471e-8,2.9017767257654248e-8,9.063658972060006e-9,3.173883960924223e-9,1.5469630218634622e-9,1.8520421456929527e-9,1.094844051281597e-9,2.567374004601986e-10],"1":[2.777063678585271,1.0767776781512122,0.21672370059806775,0.028367076766135296,0.011039794918156438,0.0022109602699229122,0.000623149770715023,0.00015675375725234883,3.541483942466309e-5,4.490065949733333e-6,4.5985593876650444e-7,7.567492003242925e-8,3.4565052776437346e-8,1.453683612326661e-8,1.7390760082785773e-9,5.645305949602049e-10]}