{"4":[2.402554740903624,2.019425662226524,0.7395125018747343,0.6630609080025328,0.6733868124893764,0.2719707233267451,0.12569154645652544,0.0964342246007998,0.1670688377414085,0.3261907566429458,0.17455818260810246,0.09223041808415917,0.028486051670089996,0.007444404434911037,0.0015743261281079592,0.0004883762819105226,0.00015087918789469487,4.735520085359913e-5,1.711130070892607e-5,5.130141126729718e-6,1.6661503626265464e-6,6.905978698604945e-7,2.5731595612562676e-7,6.668021457531544e-8,1.512613059774189e-8,3.1026250069696693e-9,8.972762007082728e-10],"2":[2.8810733211401396,1.9980131830679462,1.1539332193615666,1.3431128434136421,1.3083709670326733,0.7956371589930963,1.0448193189675428,1.6019744687310535,1.7124683117139992,0.9703549491712209,0.24544354134864754,0.11179777217429904,0.04099818322934702,0.011649907418382422,0.003154273929311581,0.0007931475065856436,0.0003278027898417814,0.0001157427418803036,4.266198777485692e-5,1.380232952464423e-5,4.35335414215266e-6,1.4019562502745515e-6,4.7303923912599456e-7,9.177189957798224e-8,2.7570240831948712e-8,8.449846837600569e-9,2.8271589393184853e-9,9.937003546739252e-10],"3":[3.5810161481521616,2.291823589318915,2.7723976491931945,3.2197634882297557,2.298044800442298,1.9017980120857774,3.991791709934975,3.9545241765599233,1.9429336278284426,1.1530633039026597,0.323352106668278,0.14662329707630803,0.05433232190817582,0.014871036707799748,0.005148792269903446,0.0013180740236290872,0.0006457518825264289,0.0001972536657149113,6.880523829594655e-5,1.897442283860245e-5,5.548831832580155e-6,1.8527246404033002e-6,6.338542083387032e-7,1.1731578685523761e-7,3.858237032767199e-8,1.429274567359879e-8,3.984873411002869e-9,1.5767460686864118e-9,2.19955566427708e-9,1.1589368343800827e-9,3.221615738843602e-10],"1":[2.7770636170462346,1.076777669137854,0.21672369275198564,0.02836707158367624,0.01103979276552148,0.002210959915511969,0.0006231496899424334,0.00015675375704668845,3.541482985758634e-5,4.489979382337163e-6,4.59502062286078e-7,7.539881682768251e-8,2.9067483683091613e-8,9.032213328277711e-9,1.7183534573422326e-9,5.657564757860472e-10]}