{"4":[2.5228594822806674,1.9817029390731873,0.7846315292491693,0.7739438079322907,0.7813744025012396,0.3702633331994185,0.30109073219034466,0.4177432412833167,0.7482445200727784,0.674635152175287,0.20190103694905076,0.09701833273229482,0.032601402419762844,0.009250691041386011,0.001969388635826558,0.0005864628483459535,0.00018879141600342878,6.698091179885841e-5,2.5412199175358606e-5,8.56286102801352e-6,2.946248461027037e-6,1.0362922600889965e-6,3.249423243290439e-7,7.51104354528724e-8,1.8471974922303925e-8,4.640498688095381e-9,1.5485494919418193e-9,4.944204985788398e-10],"2":[3.6914525769983797,2.3408360577769622,3.112997725133706,3.5132356379470537,2.347392829341367,2.05026150342282,4.875298254921066,4.124733055305326,1.3975875963144704,0.6676933053660568,0.2453580636814336,0.12642627401152717,0.05252572552026336,0.01483388212775934,0.005213625622888209,0.001394990479130663,0.0006819650451167395,0.0002088060735929206,7.027715764032043e-5,1.8363854578960582e-5,4.967418681996108e-6,1.6373540407712668e-6,5.509574148707878e-7,1.0359890493062255e-7,2.654769763528386e-8,1.140662115642068e-8,3.329247861386891e-9,6.937983021089872e-10],"3":[2.380892087405373,2.030210960911903,0.7634907629117907,0.672575039757848,0.6815802786495653,0.25706170632460407,0.08983298531509384,0.041878685933801105,0.02454979386327942,0.05098887380434339,0.0764283654156658,0.0724164278760872,0.026453078009744637,0.006661461070928292,0.001470886229216883,0.00046521613620723664,0.00014388929766032978,4.279251369380904e-5,1.5243041219897077e-5,3.989280999837567e-6,1.0116246030591563e-6,2.8557955326669273e-7,1.419156981734474e-7,5.494146783383402e-8,1.4048697447098205e-8,2.6857493461735352e-9,6.721523252673254e-10],"1":[2.7770636212935225,1.0767776477427768,0.21672369708670466,0.02836707526941473,0.011039794309025316,0.0022109602330529447,0.0006231497310932814,0.00015675374914431094,3.541483350440761e-5,4.490007202025241e-6,4.596123550725795e-7,7.540643370400695e-8,3.0064681928611e-8,1.3550448718569566e-8,1.7364743281211667e-9,5.644061998652977e-10]}