{"4":[2.4095036261621887,1.8459436727540122,0.6221438489671395,0.40866672142586147,0.3821997877731384,0.2091649629745185,0.10314532726986461,0.04518298416127916,0.012078674723799279,0.00461588103420148,0.0018479459546136105,0.0005196431312786818,0.00011852379268314493,2.8916386579571616e-5,9.786014794591498e-6,3.0985568849047897e-6,1.1122081543771758e-6,4.792901523001396e-7,1.2912569735605398e-7,5.554139540442002e-8,1.793705972990776e-8,4.177498447773275e-9,1.0917813059531636e-9,2.7013886100812017e-10],"2":[3.4340652758046133,1.4640749470655934,0.9880252228700978,0.49663046824294105,0.3960291985243978,0.23099170665468438,0.14543347557311803,0.07149499733544809,0.02576367062548867,0.007163503327265989,0.002959262781470903,0.0008465423917037566,0.00023890732684627485,0.00010398261423689607,2.901941994047529e-5,1.2320642996506426e-5,3.954709027977671e-6,1.188577126203339e-6,3.395689653737361e-7,1.1600594800898766e-7,3.0667226706056574e-8,9.910258131052658e-9,1.993807007698919e-9,8.399471668832347e-10],"3":[2.8745654373178553,1.6986075229633701,0.8465133133719458,0.4546825543376622,0.31820403980271317,0.21601192849531006,0.13787063956060608,0.06387249283413532,0.018327945953521455,0.005681923703070565,0.0023229512352106706,0.000657640725960439,0.00018476815342622447,5.590723002254538e-5,1.9595893470456082e-5,6.591575840649501e-6,2.693121532464611e-6,9.062608230330921e-7,2.5057230167432196e-7,9.230356693737772e-8,2.533453948737039e-8,6.889538399203229e-9,1.7249059637387956e-9,5.422944152548764e-10],"1":[2.6699519795311093,0.747293766358971,0.16687585507071123,0.014270895671495752,0.003971628476877484,0.0009085403322043668,0.0003408980952300342,5.006282017196372e-5,1.2293033617439892e-5,3.008964962559547e-6,5.118433845244263e-7,2.0063119839735893e-7,7.280442078679148e-8,1.2519011848450892e-8,1.936521429373686e-9,3.4838759025165687e-10]}