{"kgrid":[3,3,2],"a":3.01794,"temperature":0.01,"Ecut":5.0,"lattice":[[-3.01794,-5.22722,0.0],[-3.01794,5.22722,0.0],[0.0,0.0,-9.77362]],"n_electr":4,"n_bands":6,"α":[0.8,0.8,0.8,0.8,0.8,0.8,0.8,0.8,0.8,0.8],"energies":[-1.743157285012887,-1.7435491901861593,-1.7436155818256385,-1.7436167155477555,-1.7436167583717928,-1.7436167661713913,-1.74361676657178,-1.7436167666413265,-1.7436167666447373,-1.743616766645311],"residuals":[[6.547634458382007e-8,2.1507428549043308e-8,2.7963265253128367e-8,4.853405326107743e-8,3.852922858753467e-8,4.0602014000387405e-8,3.982727171054658e-8,2.590385441946579e-7,1.7189350655002492e-5],[2.3572253352673955e-8,3.6257920682289844e-8,4.3829286663317444e-8,4.481262849515339e-8,1.0175646620369447e-7,8.67596881722154e-8,8.126172929363386e-8,4.933340199480271e-7,0.01579805883800684],[3.63090455629345e-8,2.545568735036006e-8,2.5448838525848876e-8,2.4747756401313982e-8,2.48673123548495e-8,6.555858066840255e-8,5.771436905710049e-8,6.560730088261117e-8,6.828346180561065e-8],[7.964271857977222e-8,8.841151169375434e-8,5.725707126746777e-8,8.179978588985953e-8,1.580518551288637e-7,1.6527825711999737e-7,3.4632604342446404e-8,1.9073870769125207e-7,1.6349520660722553e-6],[5.8640876596078766e-8,6.745811467246012e-8,8.702260455019788e-8,8.968713688201785e-8,8.978403047036945e-8,1.1005311640681982e-7,6.377704939079844e-8,2.332780401245857e-6,1.9153374330246384e-7],[5.448487020339404e-8,6.715187932197741e-8,4.333000380558527e-8,4.6079489347725215e-8,2.6221557787754414e-8,2.6800207054826092e-8,0.0012026540818154186,0.004531396196416043,0.0023531122241678094]],"smearing":"DFTK.Smearing.FermiDirac()","ndiag":[1,1,1,1,1,1,1,1,1,1],"fft_size":[16,16,24],"eigenvalues":[[-0.09318428251053179,0.10007982887012638,0.11887559414483931,0.5685584379446517,0.5685591225232424,0.5704642304091493,0.5704650816888914,0.6058538752989211,0.657770539244907],[-0.013680605480814671,0.17432703428019447,0.1842574629956007,0.23319458666047904,0.3991138178774661,0.40582692314874347,0.4307875007548224,0.49693945303770365,0.6117041836700441],[0.1384581630448775,0.1404146892517814,0.14041499146337227,0.31552184448989523,0.3155221667301975,0.3222271801869884,0.3426718953852645,0.38277177516517324,0.3827720773276056],[-0.041746684118407686,-0.04174668411840656,0.35080593166237856,0.35080593166238094,0.600924095467172,0.6009240954671966,0.6009248874480833,0.6009248874481714,0.6308714262206612],[0.03660481122661025,0.03660481122661087,0.2660080830160581,0.26600808301606027,0.4209163465254975,0.42091634652550364,0.4752451160358463,0.475245116049057,0.5283036975937916],[0.16934851095748177,0.1693485109574838,0.18670157168491852,0.18670157168491916,0.2209406125972806,0.22094061259728096,0.5622888160396645,0.5623551844013804,0.5766909738118392]],"n_kirred":6}