{"kgrid":[1,1,1],"a":10.26,"temperature":0.0,"Ecut":5.0,"lattice":[[0.0,5.13,5.13],[5.13,0.0,5.13],[5.13,5.13,0.0]],"n_electr":8,"n_bands":8,"α":[0.8,0.8,0.8,0.8,0.8,0.8,0.8,0.8,0.8],"energies":[-6.431890255489825,-6.4350247791365245,-6.435276747832282,-6.4352793287540635,-6.435279454066259,-6.435279460817844,-6.435279460905684,-6.435279460907672,-6.435279460907794],"residuals":[[3.1610701131187406e-9,6.011984101622699e-9,6.916264239175853e-9,8.908433721457598e-9,1.0000544550498865e-8,7.119300166082186e-9,3.6968481359781628e-9,2.5538095088403986e-9,1.2482167419850806e-7,1.430249800768117e-7,8.674157157052387e-8]],"smearing":"DFTK.Smearing.None()","ndiag":[1,1,1,1,1,1,1,1,1],"fft_size":[18,18,18],"eigenvalues":[[-0.16306452859917223,0.2654264705527823,0.2654264742442349,0.2654264779771985,0.3585823481528821,0.3585823490113644,0.35858235078631795,0.407927605435601,0.5687406713358056,0.5687406726263811,0.5787998425648206]],"n_kirred":1}