{"5":[0.18077551081458118,0.029629042122276236,0.01044533867495419,0.0024519032676413124,0.0007914033804351905,0.00012881299693897434,2.4950588263163916e-5,3.978669109554597e-6,7.699644332880983e-7,2.8615959105637985e-7,4.630276772074235e-8,7.047541137826836e-9,1.4029244006149382e-9,2.5771630765838886e-10,3.3674984059759424e-11,4.989811264179216e-12,3.9566643731640436e-13],"4":[0.3044655113244194,0.10851486355389799,0.01790838660750208,0.002601703868941651,0.000495614161406512,8.840790955987056e-5,1.4929201745683965e-5,4.262912711782031e-6,8.95013835728866e-7,8.852353543583625e-8,1.413691073734423e-8,3.4035118410750514e-9,7.562474199868553e-10,1.0142570155750386e-10,1.170495608402901e-11,1.3003493468984595e-12,2.5215836846158147e-13],"6":[0.2021954312673894,0.03459897687490718,0.012416006965564297,0.0029827720609460102,0.0008863493201360363,0.00010709080802630139,2.0745318573408256e-5,3.72672098393988e-6,5.124452002002165e-7,1.844236618417094e-7,4.118020694032192e-8,8.249430287353917e-9,1.839634853952993e-9,2.7299149262582103e-10,3.399754108695809e-11,5.255121222009914e-12,4.231893112756972e-13],"2":[0.6518384798886331,0.15732934213914482,0.01648636972040039,0.0013762033060727887,0.00021516990344727977,4.048914345531703e-5,5.551165783415369e-6,1.6702935424481528e-6,2.9163960180694035e-7,4.6892001499746e-8,7.254429437209728e-9,1.9867199970017924e-9,3.6634566483155646e-10,4.1568819182768505e-11,5.332502281009014e-12,5.630749946348992e-13],"3":[0.5956037117906084,0.17834680995031826,0.022525936741978142,0.00326429383092932,0.0006844232663928394,0.00010123377669249625,1.4359243194740444e-5,3.896298145568481e-6,8.98914886057474e-7,8.516160744028128e-8,1.602426364733725e-8,3.154078127246938e-9,7.245151082988846e-10,9.7740435041859e-11,1.0035675071301398e-11,1.0914708537072174e-12,2.1591932330588343e-13],"1":[0.6456470682856614,0.16523977258444475,0.017928286068107275,0.001482689428683875,0.0002286337957132999,4.3696567607257375e-5,4.78472844348992e-6,7.740181006138595e-7,1.9272820669342644e-7,4.619809360804709e-8,7.284050427960622e-9,2.1018471701817967e-9,4.151609221977401e-10,4.440767171837267e-11,5.548552165249075e-12,5.800663859902251e-13]}