{"5":[1.1511839021558896,0.41703952921938636,0.156076411401154,0.04526752063333196,0.0102760523964784,0.0017496814118855256,0.00019808161693605396,3.161318476461926e-5,7.076758280464506e-6,1.8329591144589445e-6,2.428084570270228e-7,3.514385188288112e-8,9.264732312111707e-9,1.7821211395430406e-9,2.84495519188963e-10],"4":[1.016202964003204,0.20994985792905624,0.07133690016119627,0.0223928305706684,0.0052832799424067265,0.0007658231306467688,0.00014866947323444976,3.42563708133259e-5,5.115324875426215e-6,6.269510303590384e-7,9.087003461465487e-8,1.9127426857695103e-8,3.687551595904044e-9,6.775728407514609e-10],"6":[1.5126704787596215,0.603480550436925,0.2039343298830695,0.056962454271718234,0.01299368975438785,0.002538866089484006,0.000366900638350406,4.983804118843842e-5,1.047953738975913e-5,2.913630991175955e-6,3.761355453149498e-7,6.411900965464498e-8,1.5991671482978285e-8,3.065358248938068e-9,5.602866287920361e-10],"7":[1.5385635545330745,0.6297647936616554,0.2054187026230529,0.05800520490942794,0.0129281427960177,0.002552523966496793,0.0003780101403587987,5.1665231526170314e-5,1.0681154797166133e-5,2.9912101117387866e-6,3.847820710360643e-7,6.712371102664301e-8,1.65908822595442e-8,3.190987883835553e-9,5.7838310381883e-10],"2":[1.5295204029713643,0.4078279026337469,0.11448647727233544,0.03984900256648452,0.006232743865311344,0.0009519553784402508,0.00022368787746366542,3.9664285987469964e-5,7.750059741241814e-6,9.845631156195633e-7,1.3773731660599063e-7,2.728355207184114e-8,5.877921244313594e-9,1.1888053666808782e-9,1.4896773945922883e-10],"8":[1.2649785589874512,0.3543686404074597,0.16528161439334285,0.06815472228261792,0.022768517790521095,0.003610253516839868,0.0007485065531266393,7.246362092636434e-5,2.1044689045005685e-5,4.794157859621754e-6,6.651511862434585e-7,2.4627250174765254e-8,2.2622113614233103e-9,1.3083912196548587e-10],"3":[1.1102990701740392,0.23056918892362835,0.07731653960261953,0.025453956289227433,0.005632124083254769,0.0008948093484586172,0.00016442131378313364,3.805734159836507e-5,6.1992317480174305e-6,7.08631976165955e-7,1.0301924389098118e-7,2.107586213048577e-8,4.35968334524858e-9,7.78445969728856e-10],"1":[0.27971594724861887,0.07185261596120646,0.0185203487940397,0.0013869206279652237,0.00022874025691156904,3.811381710086745e-5,4.587904836319824e-6,3.042380466330915e-7,2.2195255357234097e-8,2.160615154794606e-9,1.3009086342267919e-10]}