{"5":[2.6874699927153065,1.5579822598438302,0.4230352267120218,0.17881116345436765,0.06851738565572667,0.021733518692354528,0.00539676894420623,0.0007483264383713972,0.0005557153894170651,0.0002565815615078295,4.657329019836414e-5,1.8929030256716933e-5,7.689200151130531e-6,3.6078054677609367e-6,1.26219940106525e-6,4.709394674369826e-7,1.2118072751196442e-7,2.5024846896225317e-8,1.4596315238153547e-8,8.333686484692453e-9,1.349936083898137e-9,4.4131860962573814e-10],"4":[2.2022454609643427,0.9955538978661711,0.24774040617610843,0.05607196867926418,0.015240288037944687,0.005925459386584366,0.0017971520973900275,0.0006296065804492383,0.00029337008096980453,7.788075108151802e-5,1.9038362582272667e-5,4.471692512594407e-6,2.2751811287137637e-6,4.7866474835175e-7,6.118333525640926e-8,1.0265788264028874e-8,2.078414242943002e-9,6.785620286686194e-10],"6":[2.3112181821616877,1.1740882852615295,0.5029018975379991,0.22862185685459205,0.10385777992409292,0.030159992966347905,0.01113502168250364,0.0042812151016316325,0.0020416750528466534,0.0005867486194978904,0.0002742088253392919,6.223745325155881e-5,1.759172276849131e-5,1.4972669652657932e-5,3.509245176859467e-6,9.748522854101386e-7,2.0912567619702024e-7,8.3083431190812e-8,6.18130772843341e-8,1.464391490199848e-8,2.7786154954264992e-9,7.292762629583706e-10],"7":[2.296427414585471,1.1646965324368328,0.50061052980683,0.23316447654811806,0.10550363135217684,0.030889963863827693,0.011631279481302083,0.004599224902382574,0.0021122931140547707,0.0006328655829273531,0.000284816183578983,6.571432441997899e-5,2.1284992102832214e-5,1.6578628118823585e-5,3.689379028001353e-6,9.911541671253814e-7,2.349636859167068e-7,1.0995165346809086e-7,7.330386996695384e-8,1.5794430759869677e-8,2.863393008016981e-9,7.722148788909394e-10],"2":[2.7114721938334716,1.3562213192995316,0.43500377619434577,0.08913526855852284,0.026132843336764373,0.011824081991884032,0.002170933315495568,0.0009165130266179772,0.00028976811092727424,8.806163970140687e-5,2.6138141430277103e-5,1.4631441709295574e-5,4.752181717734231e-6,7.799413563133484e-7,1.0113619399672858e-7,1.7956941067465527e-8,5.419598005270894e-9,3.0047990135901456e-9,8.781970481175995e-10],"8":[1.2632030812109432,0.3595391180803165,0.1801071667931149,0.08624248850256104,0.03746859953157534,0.023199975099705773,0.013534722342985054,0.0032237433409042586,0.0003317025762956389,0.00010907467546581462,0.00010480411750912261,5.616857907125299e-5,1.570114912338916e-5,7.72814934688869e-7,6.558952363888867e-8,4.824362611207731e-9,4.935921768985851e-10],"3":[2.0715139148187807,0.9242292066585871,0.2745189808948721,0.06249934289786715,0.01878182130389674,0.007057052702147107,0.001984098171616261,0.0006047325147364366,0.0003122440887622028,8.268625505858123e-5,2.4279075635326184e-5,8.513899034403004e-6,3.747521156590823e-6,5.70421011244799e-7,7.234494934140275e-8,1.2186512388076675e-8,2.700877933655744e-9,1.1147670886918645e-9,4.984097626742008e-10],"1":[0.45296315514520497,0.12312541463510852,0.014993802164867362,0.0030528472764809497,0.0016516034585627286,0.0004062027188173529,5.533314977948861e-5,1.2028852661395687e-5,2.3747654731063553e-6,2.259005741183562e-7,2.7491990712358202e-8,5.192632733015545e-9,2.838274686480767e-10]}