{"5":[0.006801092773233909,0.002640382883989891,0.0024085908142886005,0.12134248522293278,0.0025005529184317678,0.0006073357926530363,7.475842475551153e-5,1.3452086751141275e-5,4.732228905271604e-6,1.4173267561199331e-6,1.6390277051041238e-6,1.540192470925154e-5,1.2848596687665837e-6,2.584561328397569e-7,4.089944515523124e-8,9.501551982047015e-9,1.3359507807068309e-9,2.1435590962172943e-10,2.572398396427069e-11,6.919913371095347e-11,6.52381506060963e-10,1.7908888710552338e-9,8.530165820901644e-9,5.712659192677926e-8,2.3245434481328104e-8,2.009630174251912e-9,1.7083048590840782e-10,5.357768971521409e-11,1.7288529626463225e-10,5.056982674056664e-10,5.4114377866825707e-11,1.1302572736056193e-11,1.0425092344087117e-12,8.709239479395174e-14],"4":[0.38337655850522917,0.2620394675895444,0.4645366820187626,0.1278774359471255,0.017684783016452807,0.004772260640043186,0.0052032324226189515,0.005278158603333597,0.0009044388807169278,0.00014048282276390558,4.189337829496259e-5,7.040311078623926e-6,3.125234184506735e-6,6.465922289715764e-6,1.4979809652020694e-6,2.832811768927237e-7,4.9605940245092426e-8,1.517548692280453e-8,2.992941227288728e-9,2.688655909381449e-10,2.7130940482430782e-11,3.392998604456939e-12,4.561975876582993e-13],"6":[0.00614345063594572,0.0026770405099288725,0.002251602586723222,0.3689246714291036,0.002812668709141599,0.0006702222925941078,8.068458169009338e-5,1.512539369475823e-5,5.4018264152620435e-6,1.5416838352866613e-6,2.0777712670163104e-6,1.3227073159841997e-5,1.3600416737489954e-6,2.7255088091728496e-7,4.518086551641797e-8,1.0443070147383474e-8,1.3917864373089028e-9,2.32286093036475e-10,7.53933868202105e-11,5.74347186441978e-10,5.847693564803996e-9,1.838655532870316e-8,7.047410944116728e-8,1.5855858867675153e-7,2.6464166336324386e-8,2.200509874205197e-9,1.8677777707611478e-10,5.2298682345615116e-11,1.430149291253106e-10,6.638846873508381e-10,5.979468819424877e-11,1.2318736644850069e-11,1.1392690707269495e-12,8.875799927435032e-14],"2":[1.885961915216067,1.8520209861353343,0.9704815863100196,0.14702115444909955,0.0131506596750658,0.004893665661639064,0.008259904951331056,0.001827580417439543,0.00034068654020457203,4.7396099028144075e-5,1.4165905644638995e-5,3.0221411876726956e-6,2.9790593254864014e-7,5.1298006766874774e-8,8.192003753475479e-9,9.419163493246166e-10,1.8723518348811766e-10,2.985181874268074e-10,9.474189885013459e-11,9.732081943133317e-12,9.048880435619004e-13],"3":[0.3636011958007916,0.27467821462715847,0.44752710630877324,0.11940281099604833,0.01666261271348202,0.004190693502941015,0.003526363980925762,0.004444406146505629,0.0008596106158892279,0.000118164267899151,3.3979787354115175e-5,6.681749238357684e-6,5.0716500922385845e-6,7.424091437372636e-6,1.7321110335425598e-6,2.9820648971817106e-7,5.65832353101299e-8,1.782951280854755e-8,2.9842172739075184e-9,2.5922449577554854e-10,2.7995074567394256e-11,3.1405613771438786e-12,3.859278088006331e-13],"1":[2.0164292009846814,1.8982346718456815,0.9867709007398056,0.157745793136417,0.013982988210319736,0.003667511025689742,0.0070092254346364674,0.001931351052822915,0.0003590084092712159,4.743352543980884e-5,1.3303148499634169e-5,3.1616309366108504e-6,3.248828508737646e-7,5.337206766860159e-8,9.13092115777279e-9,1.0321466698287038e-9,3.1964756850612314e-10,5.672874086586132e-10,1.0534314417152606e-10,1.1194374864519299e-11,1.0105261397856676e-12,1.0748562213516081e-13]}