{"kgrid":[1,1,1],"a":11.3,"temperature":0.0,"Ecut":50.0,"lattice":[[0.0,5.65,5.65],[5.65,0.0,5.65],[5.65,5.65,0.0]],"n_electr":8,"n_bands":4,"α":[0.8,0.8,0.8,0.8,0.8,0.8,0.8,0.8,0.8,0.8,0.8,0.8,0.8,0.8,0.8,0.8,0.8],"energies":[-7.381092129590719,-7.38576196661759,-7.383718706476188,-7.386067115519252,-7.386254341616825,-7.386334849033414,-7.386344926733755,-7.38635227103281,-7.386352349058547,-7.386352357363579,-7.386352428614946,-7.386352429492395,-7.386352431165861,-7.3863524313071505,-7.386352431317186,-7.386352431322239,-7.386352431322843],"residuals":[[6.238840523414376e-8,3.871021387702997e-8,2.1095225355116524e-9,1.2765855657569845e-8,3.8171805617210715e-9,4.0967395434348825e-9,2.2806845715461237e-9]],"smearing":"DFTK.Smearing.None()","ndiag":[1,1,1,1,1,1,1,1,1,1,1,1,1,1,1,1,1],"fft_size":[54,54,54],"eigenvalues":[[-0.1961963395437927,0.18140881902583442,0.18140881939886788,0.18140882159975724,0.1931333880610899,0.26427318304320147,0.2642731842313015]],"n_kirred":1}