{"kgrid":[1,1,1],"a":11.3,"temperature":0.0,"Ecut":50.0,"lattice":[[0.0,5.65,5.65],[5.65,0.0,5.65],[5.65,5.65,0.0]],"n_electr":8,"n_bands":4,"α":[0.8,0.8,0.8,0.8,0.8,0.8,0.8,0.8,0.8,0.8,0.8,0.8,0.8,0.8,0.8,0.8],"energies":[-7.3811952139496855,-7.385748689174211,-7.384285235027478,-7.386051945453566,-7.386206744602685,-7.386334699142922,-7.386342531344585,-7.386352337232705,-7.386352291656643,-7.38635242885263,-7.386352422725537,-7.386352430885784,-7.38635243130006,-7.386352431320642,-7.3863524313225,-7.3863524313228],"residuals":[[3.2592646456825196e-8,4.7812312876364744e-8,4.585916367152903e-8,2.0226884043296326e-8,3.130593248637389e-8,3.044735548843594e-8,2.1540897310678547e-8]],"smearing":"DFTK.Smearing.None()","ndiag":[1,1,1,1,1,1,1,1,1,1,1,1,1,1,1,1],"fft_size":[54,54,54],"eigenvalues":[[-0.1961963381756041,0.18140881909988252,0.18140882074576348,0.1814088226371372,0.1931333904404565,0.26427318536991823,0.2642731862664286]],"n_kirred":1}