{"kgrid":[1,1,1],"a":11.3,"temperature":0.0,"Ecut":50.0,"lattice":[[0.0,5.65,5.65],[5.65,0.0,5.65],[5.65,5.65,0.0]],"n_electr":8,"n_bands":4,"α":[0.8,0.8,0.8,0.8,0.8,0.8,0.8,0.8,0.8,0.8,0.8,0.8,0.8,0.8,0.8,0.8,0.8],"energies":[-7.380844547771373,-7.385665879196555,-7.384310358220211,-7.3860264605915,-7.386334835971959,-7.386336155002745,-7.386347803014452,-7.386352256874778,-7.386352315927276,-7.3863524032235315,-7.386352403494044,-7.386352430198216,-7.386352430976565,-7.386352431293956,-7.386352431316552,-7.386352431322544,-7.3863524313227975],"residuals":[[2.4212843908806927e-8,1.8474485176998734e-8,6.612572209506746e-9,1.7058755440819135e-8,1.556528349124746e-8,5.837853143061467e-9,9.928043245519734e-9]],"smearing":"DFTK.Smearing.None()","ndiag":[1,1,1,1,1,1,1,1,1,1,1,1,1,1,1,1,1],"fft_size":[54,54,54],"eigenvalues":[[-0.1961963331881953,0.18140882529285662,0.18140882613767056,0.1814088283782635,0.1931333958151882,0.2642731893473859,0.2642731900855182]],"n_kirred":1}