{"4":[3.560816628518285,1.3263031587671867,0.7774480463450346,0.21831518683653656,0.16584930832203598,0.1594694184294969,0.08295044191508408,0.024785775445726077,0.010404935190502727,0.0029754729679307874,0.001831784391086143,0.000752893538871009,0.00022856837230255444,0.00011334145752594196,3.118623562231523e-5,1.3906361806171662e-5,4.138949040570262e-6,1.1631645938947295e-6,3.0993044376875894e-7,1.0090472341491118e-7,2.6833786353315278e-8,8.666228411222748e-9,1.1523152828613748e-9,2.5562081735152053e-10],"2":[2.3803796953991654,2.0232414131722463,0.7500433113936383,0.65084691987176,0.6642793933785892,0.2557424495391945,0.09118358220204754,0.03847386958748313,0.010426217575646364,0.004354110568193967,0.0017002675733636683,0.0004899103378270028,9.469172610172348e-5,2.472550138963316e-5,7.74109236520207e-6,2.4527829276025454e-6,7.507152443518274e-7,3.132340600297351e-7,7.07517736981953e-8,2.599959000532096e-8,1.2390986415907149e-8,3.5190567314874603e-9,9.065635174737228e-10],"3":[2.292372510958452,1.8154777553531736,0.5453976064736745,0.24608234545960433,0.10079634530577158,0.04031422598217354,0.032095045323566454,0.029893564864538102,0.010042346928731826,0.0043141656350969525,0.0016826046413042264,0.00048134880382713386,9.31933194171613e-5,2.458682113542695e-5,7.72614856168204e-6,2.4466062722706655e-6,7.458710811998053e-7,3.058673086277382e-7,6.594580454479923e-8,2.245270906244185e-8,1.1144078016019298e-8,3.4408960865804107e-9,8.98077055669673e-10],"1":[2.6633506243806804,0.7276081082790465,0.16382539478596145,0.013363527596654027,0.0035221484151151095,0.0007408707510594172,0.00029823503336374346,4.4136307880442744e-5,8.002219071824626e-6,2.552014448457182e-6,4.6950837547695786e-7,1.8416259453883306e-7,2.5535259009429422e-8,4.8717307748851935e-9,1.7983318070517371e-9,4.094907706807775e-10]}