{"4":[3.0294334586281413,2.0392863156021157,1.405883463250592,1.6567010841984875,1.5073393098172156,0.9519213656675326,1.3064426270572749,1.8485675908068306,1.6292884119037743,0.8905663611880891,0.2222044365436255,0.09997671213416556,0.03715786689748412,0.010445830443874317,0.0031186369393840594,0.000763618168246044,0.0003418581368991849,0.00011599754244651278,4.290518509084425e-5,1.3179797210679773e-5,4.082996329292125e-6,1.3169904516001928e-6,4.481383886232997e-7,8.299727098063985e-8,2.622646841226448e-8,8.277774567681275e-9,2.6849498507666482e-9,8.433687917703692e-10],"2":[2.396192116938483,2.022186117626554,0.742218854988925,0.6595890418652399,0.6731463819943315,0.2703105352267593,0.11936532703617365,0.08326936541673657,0.13093908347436287,0.25581482351377755,0.14115874230430475,0.07551232926502167,0.02353501842840247,0.006123145495942668,0.0012998304683886563,0.00040451678428067415,0.00012407597940906548,3.8702978248389415e-5,1.434004716596548e-5,4.273245121771913e-6,1.3810423878392236e-6,5.780422674091437e-7,2.1238568005323878e-7,5.492945465222552e-8,1.2491827021460408e-8,2.5382688141132818e-9,7.395563418159959e-10],"3":[3.4826793689488538,2.230091484735705,2.4653436271171323,2.8356378289200523,2.072363058474028,1.5694922646889473,2.8939034092003713,3.108722328085197,1.7620662370186488,1.0265842220510726,0.2682401223441652,0.11986045145669108,0.044171106240541255,0.012149483272292197,0.004225828227757232,0.0010567525755158281,0.00051997714017142,0.0001599563356762997,5.6678835024010334e-5,1.585677483276444e-5,4.763302203713356e-6,1.5836310454931845e-6,5.418137291389637e-7,9.811867883430293e-8,3.270327199575661e-8,1.1464897234655207e-8,3.2689773542407366e-9,1.015651301358243e-9,1.123323612132195e-9,9.33726602437333e-10],"1":[2.7712282905406385,1.0734769263042434,0.21537413122092425,0.028157534957802308,0.01094141107443492,0.0021756358862304015,0.000618555898529811,0.0001539785085490242,3.457365873712173e-5,4.380896530520716e-6,4.479980920383199e-7,9.517479032215319e-8,5.3930936203577217e-8,1.4803735391017275e-8,1.7746055603954085e-9,6.10208485655776e-10]}