{"4":[3.702488680262035,2.322432690438463,3.1081919977973924,3.3861106991534835,2.168004669395013,1.813387523406492,4.230273004064864,3.4280499181544744,1.0263788895218817,0.35452382188336373,0.11824876564018746,0.04790233763530996,0.02685731889840012,0.010373829743373699,0.004008252329604063,0.0011411586934708406,0.0005709635685096066,0.00017761707254681242,5.909992925631692e-5,1.505242396014474e-5,3.952470333120482e-6,1.2916006976868378e-6,4.317724470012843e-7,7.941169983899262e-8,1.4430685008692796e-8,3.901814738882595e-9,1.7216180190414463e-9,6.006449171594892e-10],"2":[2.3820457585801527,2.0295005478433112,0.756147954495226,0.6632608271138711,0.6768838864681193,0.26155923134827447,0.09850909123016786,0.05212499800448808,0.053523697176417424,0.12533747487580404,0.1127756390987468,0.07084657417484375,0.02273235623235583,0.0057255213694876435,0.0012436200556667362,0.00039019055906672846,0.0001200286617490143,3.618226953537025e-5,1.316378704784363e-5,3.616661274874288e-6,1.0154804782417622e-6,3.9458880646467677e-7,1.8111896392586606e-7,5.190446107151355e-8,1.2026883772210477e-8,2.3295251028442667e-9,6.343254958781114e-10],"3":[2.379697491871332,2.030782243292471,0.7597903851749384,0.6657856319222138,0.6792473225289493,0.2602038258737433,0.09469584547760301,0.04706264677638257,0.03976569537603453,0.09236718906309703,0.09885201262273999,0.06835960727537671,0.02253814237872668,0.005645337612604133,0.0012331613252790211,0.0003882421978730236,0.00011940725802451541,3.5726456284926004e-5,1.2973195358144598e-5,3.49312505946395e-6,9.384417150027442e-7,3.376953856439441e-7,1.6615732831217875e-7,5.060276314643339e-8,1.1925497607524184e-8,2.284226212183869e-9,5.95358991521289e-10],"1":[2.771228417884947,1.073477017376265,0.21537414043031003,0.02815753501645372,0.010941410596120069,0.0021756360923899623,0.0006185559256913808,0.00015397851460717356,3.4573597572709966e-5,4.380219767319849e-6,4.452396188808773e-7,8.806919318265786e-8,3.033367491669345e-8,4.531078163795975e-9,1.6692750716913778e-9,6.082095082324432e-10]}