{"4":[2.9664628244586004,1.6677061539535345,0.9049853007775894,0.4728265933640525,0.3292062387853072,0.22437645466465672,0.14503135043106516,0.06782005577736751,0.019865007096242372,0.006036936451526317,0.0024516871861221656,0.0007020637047482929,0.00020092095391691992,6.551522243920635e-5,2.248528477052571e-5,7.749008222267539e-6,3.1229419363730793e-6,1.004745103742512e-6,2.7829954047871763e-7,1.0089288226792075e-7,2.729200185803815e-8,7.592178476816075e-9,1.8437665084974997e-9,6.004307670050305e-10],"2":[2.3293788932258406,1.8538779934126028,0.5866803076785603,0.3466193862080322,0.3196087933039398,0.188126986733544,0.09053360439873613,0.040232835210456105,0.010654083871778285,0.004408952074474278,0.001763936357660398,0.000497522224311111,0.0001010925633031734,2.6001897965597537e-5,8.230507378552564e-6,2.5958350393024144e-6,8.41935830253899e-7,3.61968565740221e-7,9.106911395248419e-8,3.9307177666452414e-8,1.5199906164456407e-8,3.74582252859032e-9,9.625778664094369e-10],"3":[3.4518739087571273,1.7497400298070944,1.4993484129134875,1.145219478138021,0.6699927056664309,0.28596225319835294,0.16310138357073745,0.07608090057463951,0.025701664162593653,0.007167861172010645,0.002901088387743121,0.0008424547924664142,0.0002448850271452606,0.00010253976394468849,2.9843418018095824e-5,1.207991084759012e-5,4.023616956456586e-6,1.2151479078468543e-6,3.436170835338903e-7,1.1889491212238075e-7,3.1633290012361734e-8,9.89498682496513e-9,2.042558623198311e-9,8.29000666072596e-10],"1":[2.7152029121653762,0.9795989217656454,0.1965715509320859,0.02352032393592859,0.008799815795487779,0.0018800978682189315,0.0005392908089661006,0.0001198646483689089,3.0750376297348975e-5,4.0339780659729175e-6,5.019625686220649e-7,1.662971295241562e-7,9.535002229704736e-8,1.771416080765099e-8,2.3582654505206533e-9,8.195829635236675e-10]}