{"4":[2.70765330725293,1.9681319047316757,0.943616028873504,1.0059104098499707,0.994941627120199,0.5326920174456212,0.5650526137681654,0.8481666348328328,1.1148013275729356,0.7035503163427838,0.18384033488064466,0.08522429020852539,0.03036425082230039,0.008791877091265778,0.0021302053159633913,0.0005852834192322804,0.0002145625154827924,7.964177687466583e-5,3.013320036393667e-5,9.702181898133945e-6,3.1324336736941498e-6,1.031087460704431e-6,3.331846075094671e-7,6.947734343858002e-8,1.9058428249366667e-8,5.47277343887439e-9,1.8317218880360624e-9,5.415188680730261e-10],"2":[3.115696170686731,2.072603124406596,1.577466599410154,1.8760384554995513,1.6471734845602133,1.0783305773813985,1.5584453123722526,2.1247632962832532,1.719812004615266,0.9385996942262346,0.2330226944955443,0.10447549166579587,0.03888382393345604,0.010867116762094424,0.003382359243275841,0.000818992121554346,0.00037918936790736277,0.0001250962081804408,4.621149699100249e-5,1.3987406032718181e-5,4.316383969043787e-6,1.395784022079025e-6,4.7609638375073514e-7,8.679463502735319e-8,2.8064855531670696e-8,8.966361879449012e-9,2.7973115719837473e-9,6.845889262047807e-10],"3":[3.3500967604940945,2.1727648938304798,2.1183821169037937,2.492652372569606,1.9556838800555092,1.4039307802989087,2.3455206790261127,2.798595102869346,1.8340997022056487,1.0323238530645658,0.2588438699393998,0.11536599193322951,0.04265519668722602,0.011799449589848458,0.003982713806908208,0.0009719181784444052,0.0004734432571073815,0.00014796337289413276,5.3710842210046995e-5,1.5531665471688643e-5,4.746250080858869e-6,1.5576419184022597e-6,5.312468801329967e-7,9.54576718731573e-8,3.190113252880152e-8,1.0680274960907082e-8,3.140938312937532e-9,7.499721083872197e-10],"1":[2.7712280731312693,1.0734768985165064,0.21537413295949298,0.02815753256894232,0.010941410126557536,0.002175635673337997,0.0006185558457270712,0.0001539785047994671,3.457362817950444e-5,4.380546986899306e-6,4.465612881060433e-7,8.882858482308574e-8,4.9575971945731404e-8,1.4717806344471985e-8,1.7764996054278701e-9,6.12074123273355e-10]}