{"4":[2.6494669870191676,1.7379680778902253,0.7181827239400506,0.38939591711648003,0.27013209728519194,0.18369772722445007,0.11616918639513513,0.0550840696066312,0.015636245126994748,0.00515025218357639,0.002073491827852848,0.0005848473423886546,0.00015829467116276343,4.181958110449905e-5,1.5576239461097305e-5,5.004869111469512e-6,2.0876360060421785e-6,7.63605884893256e-7,2.0081561965531936e-7,7.839679487487184e-8,2.2520346161384394e-8,5.5147013357419606e-9,1.4675439485496584e-9,4.2103799057105315e-10],"2":[3.074346769575196,1.7226693666131725,1.0610887875542012,0.6976344418151351,0.5125726967744041,0.27989994338169455,0.16064750123379382,0.07170658219628258,0.02113043728523886,0.006296018337134638,0.0025478831903139026,0.0007364415938879474,0.00021218388712310155,7.288258824085851e-5,2.4171085222999037e-5,8.584442000203659e-6,3.3592750536859148e-6,1.064155316093349e-6,2.9779335084250836e-7,1.0636166935358317e-7,2.8577193950231875e-8,8.158959304978293e-9,1.915458141628863e-9,6.492766765974141e-10],"3":[3.247221406310932,1.5047884247769974,0.9312162099553309,0.374936320769959,0.2315431490405777,0.17399783956928191,0.1385486132796829,0.07345385650226387,0.024246372568806785,0.0068895506228337,0.0028082490044972243,0.0008094347532101688,0.00023356550698614112,9.277053010225825e-5,2.7785149728543497e-5,1.0844596552836558e-5,3.842584599181418e-6,1.1719202883703311e-6,3.361741947579688e-7,1.1740552691352742e-7,3.094404640487002e-8,9.4682905872143e-9,2.0708514738911638e-9,7.770809864255908e-10],"1":[2.6671509230119774,0.777876932951177,0.169186847321931,0.015425653406023823,0.004706057217216058,0.0011235405110900409,0.0003842530805792207,5.705404547341523e-5,1.754542491711229e-5,3.22270964717351e-6,5.283708091196737e-7,2.1052241519910323e-7,5.062965042794036e-8,1.3123883388965816e-8,2.1242720479204634e-9,5.275190421171073e-10]}