{"kgrid":[1,1,1],"a":11.31,"temperature":0.0,"Ecut":50.0,"lattice":[[0.0,5.655,5.655],[5.655,0.0,5.655],[5.655,5.655,0.0]],"n_electr":8,"n_bands":4,"α":[0.6,0.6,0.6,0.6,0.6,0.6,0.6,0.6,0.6,0.6,0.6,0.6,0.6,0.6,0.6,0.6],"energies":[-7.380962986455357,-7.385307234535343,-7.385688916056871,-7.386342800307686,-7.386478983622066,-7.386450482416012,-7.386485142356074,-7.38648531367704,-7.386485531896724,-7.3864855711487944,-7.386485627303793,-7.386485629976548,-7.386485630080012,-7.386485630188151,-7.386485630197791,-7.386485630198548],"residuals":[[4.523227615585816e-8,7.337700201973603e-8,1.8568239689048992e-8,5.897347089035252e-8,3.8490385515804005e-8,2.581113804472011e-8,1.932270419455772e-8]],"smearing":"DFTK.Smearing.None()","ndiag":[1,1,1,1,1,1,1,1,1,1,1,1,1,1,1,1],"fft_size":[54,54,54],"eigenvalues":[[-0.1965833485831191,0.18049598170611028,0.1804959847961537,0.18049598908172174,0.19132797279968056,0.2633065070557428,0.2633065092562749]],"n_kirred":1}