{"kgrid":[1,1,1],"a":11.31,"temperature":0.0,"Ecut":50.0,"lattice":[[0.0,5.655,5.655],[5.655,0.0,5.655],[5.655,5.655,0.0]],"n_electr":8,"n_bands":4,"α":[0.6,0.6,0.6,0.6,0.6,0.6,0.6,0.6,0.6,0.6,0.6,0.6,0.6,0.6,0.6,0.6,0.6],"energies":[-7.380979013695126,-7.384991542139325,-7.380137018209833,-7.386434731396553,-7.38643244346366,-7.386429010007441,-7.386481342561877,-7.386484266488845,-7.386485555881834,-7.386485555030411,-7.386485598512941,-7.3864856276657935,-7.386485629709087,-7.386485630141512,-7.386485630195337,-7.3864856301982815,-7.386485630198752],"residuals":[[1.9177432074284712e-8,1.1095385651067295e-8,2.2046974927953185e-8,8.907943093157886e-9,5.095598745822204e-9,8.991563786902513e-9,5.703537957167228e-9]],"smearing":"DFTK.Smearing.None()","ndiag":[1,1,1,1,1,1,1,1,1,1,1,1,1,1,1,1,1],"fft_size":[54,54,54],"eigenvalues":[[-0.19658333271207903,0.18049600016799106,0.1804960017262782,0.18049600297443033,0.19132799229426897,0.2633065201536243,0.2633065217499532]],"n_kirred":1}