{"kgrid":[1,1,1],"a":11.31,"temperature":0.0,"Ecut":50.0,"lattice":[[0.0,5.655,5.655],[5.655,0.0,5.655],[5.655,5.655,0.0]],"n_electr":8,"n_bands":4,"α":[0.6,0.6,0.6,0.6,0.6,0.6,0.6,0.6,0.6,0.6,0.6,0.6,0.6,0.6,0.6,0.6,0.6],"energies":[-7.381164704546018,-7.385316775827349,-7.385289734239933,-7.386400254753971,-7.386441158020144,-7.386474488616634,-7.386477589583663,-7.38648555216232,-7.386485581053403,-7.386485618935762,-7.386485625434818,-7.3864856299572486,-7.386485630155885,-7.386485630190046,-7.386485630197045,-7.386485630198815,-7.386485630198834],"residuals":[[2.8448095070177818e-9,2.795807651352862e-9,5.415861774608961e-10,4.347118532220818e-9,1.3555607031010298e-9,7.853635326895452e-10,1.2865420878709818e-9]],"smearing":"DFTK.Smearing.None()","ndiag":[1,1,1,1,1,1,1,1,1,1,1,1,1,1,1,1,1],"fft_size":[54,54,54],"eigenvalues":[[-0.19658334037169978,0.18049599356019236,0.18049599400514552,0.18049599457005058,0.19132798119291528,0.2633065132217529,0.26330651344374856]],"n_kirred":1}