{"4":[2.520078767417792,1.9816567891150165,0.785344155766406,0.7690629829737702,0.7739469134478073,0.36291528969155445,0.2866045599021006,0.38641707272226594,0.6779845764915516,0.6041006520964336,0.18070157144506188,0.08669561520928298,0.029121641780707534,0.008270691534551499,0.0017656261841289217,0.0005294762321601239,0.00017015227084651117,6.052683765813987e-5,2.3305046202256893e-5,7.787038457158797e-6,2.6667695947250785e-6,9.371479786797052e-7,2.915526245839759e-7,6.71139309834665e-8,1.65264909925189e-8,4.174868744356705e-9,1.497008155765147e-9,7.628219197809515e-10],"2":[3.5390246170980006,2.2626890659127437,2.6325515063136873,3.0300029564223023,2.174347436338107,1.7287256669903772,3.4170112263669132,3.485559624203801,1.8212452372400507,1.0731507573181265,0.29024946505071486,0.1305519564727514,0.048107277692191044,0.013190652233156032,0.004603749911477627,0.0011703489379174562,0.0005776078709489428,0.00017562558591403067,6.152916574421909e-5,1.7083694433452374e-5,5.066402163546867e-6,1.6894858864115084e-6,5.764429890230444e-7,1.0545074559702666e-7,3.5102671329470046e-8,1.262423537600905e-8,3.471073186798266e-9,1.0315287356012086e-9,1.1402534532821746e-9,9.53964410926555e-10],"3":[2.915535452471248,2.0049066023044695,1.20798450872196,1.4018351760822179,1.3372454400291631,0.8151532210958832,1.0687969325588493,1.5898524594827337,1.5971877424904517,0.8887927443638189,0.22403753642605567,0.1017495356767741,0.03746555667186065,0.01061043656067633,0.0029555822244216774,0.0007412969131874042,0.00031414280775184686,0.00011009459915459256,4.0605215852188474e-5,1.2897874532443607e-5,4.034367363737426e-6,1.2996997271405266e-6,4.3838950355754996e-7,8.361720296009679e-8,2.551494502192237e-8,7.848861363656298e-9,2.525989194003965e-9,6.641143622262999e-10],"1":[2.773749830220151,1.0750419206463686,0.2164628898210435,0.0282880266395221,0.010995097544428546,0.0021996350618676717,0.0006210455026973223,0.00015576354816410716,3.501946511039128e-5,4.439743738076258e-6,4.539702032032308e-7,7.599301783449586e-8,2.977895819483697e-8,1.3116091402641766e-8,1.739944126703777e-9,5.742354255179249e-10]}