{"4":[2.8546511432142943,1.9897022863382499,1.117719622679456,1.272052718186851,1.2328552389055143,0.7281497642541408,0.9131328146998156,1.3796482670900403,1.4951463567350527,0.8511535702305859,0.2161068260217273,0.09867190874256514,0.036062342051357194,0.010276561779737216,0.002751177825599032,0.00070451530810979,0.00028752719724636446,0.0001028276831790642,3.800244833231449e-5,1.2183633542323797e-5,3.838609651233949e-6,1.240156089957597e-6,4.148307557474012e-7,8.08519359477874e-8,2.4013028672047247e-8,7.270784088864634e-9,2.3558000806378377e-9,6.147228128464916e-10],"2":[2.845083948670879,1.9876609188541088,1.1045267528332914,1.2528064764090823,1.216870750010816,0.7150038441801215,0.8899326109315873,1.3472407982422572,1.4781608293848785,0.845276236075647,0.21489346206379084,0.0982104699438804,0.03584429315275007,0.01022434936633879,0.002719564936740425,0.000698950556076554,0.0002834776891611048,0.00010167727502258505,3.7596379013165454e-5,1.2070454265497739e-5,3.8079363930102116e-6,1.231040306274968e-6,4.111336915909283e-7,8.042910012254971e-8,2.3780564374455726e-8,7.181955479636075e-9,2.3334022002822536e-9,6.178790393175244e-10],"3":[3.4729973267035317,2.2337215216479462,2.4479496918309587,2.8575121700720816,2.1271121437580094,1.6435302384924078,3.071945967800194,3.341973914208809,1.921698997815661,1.1118443042904202,0.2885832600696063,0.12898339701505995,0.04747151505797209,0.013051202095784998,0.004503884159252897,0.0011255226384000781,0.0005545757221894253,0.00016935820260552075,6.0258814747438466e-5,1.708180436270266e-5,5.1473905287877055e-6,1.705287634845779e-6,5.803400269101246e-7,1.052124761555699e-7,3.5411278856312486e-8,1.2299873395634842e-8,3.4160708865765954e-9,7.778814292479801e-10],"1":[2.773749736770632,1.075042096328768,0.21646291744380972,0.028288031177391457,0.010995098481491068,0.0021996352467423216,0.000621045656581945,0.00015576361691525784,3.5019466608406527e-5,4.439718887565797e-6,4.5387529248881827e-7,7.601654580704409e-8,2.9198436863287286e-8,7.426499551299215e-9,1.7003232291153796e-9,5.662537541896825e-10]}