{"4":[2.453806277705701,1.7849480186299311,0.6191266091340262,0.33928219194001114,0.24413987213238844,0.16313228688029544,0.10101356555407455,0.04769414487680047,0.013165222917678864,0.004762837921154947,0.0019014686138950987,0.0005368088805719314,0.00013058890496387055,3.1961351211323886e-5,1.1292872315546803e-5,3.584570897163878e-6,1.3856119299265063e-6,5.763347690115562e-7,1.530656026146386e-7,6.394778932266152e-8,1.9513366048164442e-8,4.519093203110998e-9,1.1953912361408646e-9,3.129915558872847e-10],"2":[3.499895171558344,1.7247666825793508,1.509799553700652,1.1555645418485756,0.6670191156001241,0.2781261115739583,0.15640961401762027,0.07345478185687837,0.025855830919673983,0.0071904236770960975,0.0029358929435777978,0.0008481999518478837,0.00024381288823881975,0.00010489384532949531,2.9992338439946688e-5,1.2523142161602479e-5,4.0375280393434e-6,1.2083391775911831e-6,3.4140977329457197e-7,1.1733660748235697e-7,3.129874669460997e-8,9.928269838984997e-9,1.983932551687117e-9,8.406517760353838e-10],"3":[2.889547982652767,1.7817457826574497,0.9344502872569802,0.6530926845694782,0.5055274829542503,0.2681405836119247,0.14652185612673788,0.06443557755252653,0.018209610529535538,0.005665605784418544,0.002303710991323174,0.000657285444881588,0.0001848321733049594,5.532893304877974e-5,1.9747341678362974e-5,6.611765732771831e-6,2.726451890592959e-6,9.12260790710365e-7,2.491761325659322e-7,9.204506153613068e-8,2.5434659460202496e-8,6.8038804089069435e-9,1.697640374506417e-9,5.32544105427988e-10],"1":[2.734895783172346,1.0158458636717915,0.20405983070763337,0.025271515985943478,0.009599628514745058,0.0020108078649696136,0.0005690082091917035,0.0001336054164417308,3.2592935441932684e-5,4.222373292601315e-6,4.892133051781508e-7,1.4178603252513362e-7,5.583429336689235e-8,1.7163618467581812e-8,2.1609373324059587e-9,7.146248858584576e-10]}