{"4":[3.4138658265771826,1.627560792188198,1.2685603999684176,0.884523420284545,0.5924817880854873,0.2791158703458029,0.16392743723615985,0.07608046285128148,0.02556909900041577,0.0071067095819029895,0.0029010489337009545,0.0008367205279285847,0.000240178130109739,0.00010092879367654057,2.9145944741184365e-5,1.1988542420702732e-5,3.97509749434607e-6,1.1986958773915387e-6,3.426643835696928e-7,1.1829480585412641e-7,3.136965622975904e-8,9.860180268262299e-9,2.0330120450281147e-9,8.290524498918188e-10],"2":[2.461479296671593,1.8579118334222893,0.6663448478831973,0.4772872545804562,0.4527273163854057,0.22726361476288942,0.10934986084460444,0.0475430904432882,0.012872904785475016,0.004727588881273496,0.001884376092572378,0.0005340809216774169,0.00012740384524119138,3.104046668997078e-5,1.0841820800639426e-5,3.4424281753906953e-6,1.3078150809262302e-6,5.525790029009494e-7,1.4688815928527737e-7,6.164931420318507e-8,1.9133211661947577e-8,4.4123206191691295e-9,1.1618876017342123e-9,2.9923271382517115e-10],"3":[2.9408611694162086,1.6312077757971377,0.8416575566648276,0.3520655861134519,0.17251072252024383,0.134970651813831,0.11719476355049727,0.06446879050928606,0.019503048858201692,0.005950807129385949,0.002435160909023079,0.0006936566895479249,0.00019690213281059666,6.373360946154541e-5,2.180914861428534e-5,7.548239104461935e-6,3.0424530646570728e-6,9.826895610390945e-7,2.7416871927745314e-7,9.964363417598381e-8,2.692740349528022e-8,7.504885355129366e-9,1.819942922182763e-9,5.936366600361925e-10],"1":[2.686373221904836,0.8862516117704505,0.1831215448606368,0.01967505293236171,0.0068954076328437645,0.0015892415234747869,0.0004734012498188343,8.971670731224216e-5,2.6453381764806056e-5,3.754150224358941e-6,5.297135266895955e-7,2.0135421653223462e-7,4.833348419343578e-8,1.516850808876654e-8,2.2151135006286367e-9,5.928892691511085e-10]}