{"4":[3.480150527570033,2.2368778305228227,2.4675871857682186,2.8763130179131333,2.1327760255864194,1.652928354284694,3.107250669211388,3.3585234223723575,1.9136126113654233,1.1094550249377682,0.28894284172937323,0.1291944444512981,0.04754764568521819,0.013068226949788368,0.004515772140399638,0.0011304080157984993,0.0005571365010845598,0.0001700417660474043,6.040987523378987e-5,1.708908714312052e-5,5.142603614715806e-6,1.7049384087256827e-6,5.80346827888446e-7,1.0529925424691817e-7,3.542408834150298e-8,1.2360893640981876e-8,3.470919943312342e-9,9.388780940123142e-10],"2":[2.5006945098218156,1.9858647568338683,0.7726201480766482,0.7484222294722648,0.7538836815175738,0.34695099820270414,0.25950981777366056,0.33730889755041665,0.6077058352781554,0.5786876932753926,0.1788957659225897,0.08624813732839787,0.02869570813823632,0.008102199558982743,0.0017134777564886338,0.000518286305300292,0.00016457670119667873,5.781267921751696e-5,2.2252732345158877e-5,7.430950638345032e-6,2.563190142261676e-6,9.137430201675065e-7,2.8434837314885953e-7,6.62234445867379e-8,1.6092300220636872e-8,3.950648571348734e-9,1.3286142179315563e-9,4.888337400977378e-10],"3":[3.0181079716550867,2.0381941653032833,1.384583778324676,1.6458815234507702,1.517834448697835,0.9714793142013205,1.3606761048021827,1.9523131224055001,1.7458745986887363,0.9526479865501604,0.23789102219088104,0.10733151644412132,0.03981518546536985,0.011172552982807287,0.0033038652856376854,0.0008081095819874976,0.0003612910884506041,0.00012206876347967581,4.50033628082551e-5,1.4054680373580381e-5,4.359603069608422e-6,1.4034675490884388e-6,4.771380842652638e-7,8.847520540617017e-8,2.805908859723468e-8,8.830663965480054e-9,2.837541689536828e-9,8.381373221813971e-10],"1":[2.7737496780640174,1.0750421019607215,0.21646292755824037,0.028288038119914413,0.010995101136056038,0.0021996359920451753,0.0006210457745670933,0.00015576362287729546,3.501949253845191e-5,4.439980962403209e-6,4.549521907396902e-7,7.832350146809073e-8,4.18333554324934e-8,1.4837612725215186e-8,1.7446851034947827e-9,5.746860933169886e-10]}