{"4":[2.812853535887757,1.7489860998447921,0.8433173731386173,0.5265581194106039,0.40759796376195834,0.24067375738840294,0.137791791507263,0.0617564633545534,0.01742072271300606,0.005493269057634749,0.002235409585609005,0.0006335777484358238,0.00017656519291164613,5.082180714343573e-5,1.844598324262493e-5,6.083498969251769e-6,2.5318936769416717e-6,8.656714951858098e-7,2.3431517756838933e-7,8.792198530945914e-8,2.4507631780253136e-8,6.406886947973066e-9,1.6334453894313155e-9,4.993360969290181e-10],"2":[2.769425027018013,1.6648325934662447,0.7418081614429759,0.2970289962997749,0.08858606385609903,0.03587563149830535,0.02310952575729047,0.025501650138621167,0.014519213119833752,0.005261282472011696,0.0022170392174215743,0.0006274149403562211,0.00017470517018249108,5.020821944545294e-5,1.8235268529753562e-5,5.998684466184198e-6,2.502451004608481e-6,8.565769433532468e-7,2.3209828014779203e-7,8.761293395256533e-8,2.4338939210289502e-8,6.351206213113107e-9,1.630631365754717e-9,4.955449659611789e-10],"3":[3.3888247815508103,1.5638594726832482,1.140689450371976,0.7134268271848508,0.519154092170142,0.26773174491636437,0.1622651235886028,0.0759855852825409,0.025517337101905284,0.007091939950912461,0.0029007493050790425,0.0008350037182539314,0.0002391292584761781,0.00010050988507904388,2.8980805048524775e-5,1.192163246353266e-5,3.964949358862369e-6,1.1945325669938669e-6,3.4253108843841786e-7,1.1829413626871475e-7,3.1302609276758814e-8,9.847684266364332e-9,2.0403188083128784e-9,8.270055049462126e-10],"1":[2.6719455977493323,0.8017817966136623,0.17278889155338467,0.016434791465192895,0.005193657542334453,0.0012512104249407586,0.0004084806326049699,6.409947147910216e-5,2.022488739043848e-5,3.4040081516209297e-6,5.340597412311366e-7,2.1344831029521672e-7,3.482731571149571e-8,6.192333108298335e-9,1.9266447389701195e-9,4.60977550698847e-10]}