{"kgrid":[1,1,1],"a":11.376428571428573,"temperature":0.0,"Ecut":50.0,"lattice":[[0.0,5.688214285714286,5.688214285714286],[5.688214285714286,0.0,5.688214285714286],[5.688214285714286,5.688214285714286,0.0]],"n_electr":8,"n_bands":4,"α":[0.6,0.6,0.6,0.6,0.6,0.6,0.6,0.6,0.6,0.6,0.6,0.6,0.6,0.6,0.6,0.6,0.6,0.6],"energies":[-7.3822399460568064,-7.386136964672231,-7.380822164603832,-7.387159439871246,-7.387186977555238,-7.387032789343701,-7.387222435923089,-7.387226829539523,-7.387226073734187,-7.387228998474056,-7.3872291701566795,-7.387229174603554,-7.387229186413506,-7.387229188498283,-7.387229188914233,-7.387229188949748,-7.387229188954891,-7.387229188955038],"residuals":[[3.143673495331219e-8,2.4237196978788552e-8,2.4420597951208244e-8,3.389483446418189e-9,1.5099489530053626e-8,1.4061647394131346e-8,9.634270296464768e-9]],"smearing":"DFTK.Smearing.None()","ndiag":[1,1,1,1,1,1,1,1,1,1,1,1,1,1,1,1,1,1],"fft_size":[54,54,54],"eigenvalues":[[-0.19913195751005572,0.17450292552650892,0.1745029313721896,0.17450293763120334,0.17948102783721726,0.2569518817998084,0.2569518884682878]],"n_kirred":1}