{"kgrid":[1,1,1],"a":11.376428571428573,"temperature":0.0,"Ecut":50.0,"lattice":[[0.0,5.688214285714286,5.688214285714286],[5.688214285714286,0.0,5.688214285714286],[5.688214285714286,5.688214285714286,0.0]],"n_electr":8,"n_bands":4,"α":[0.6,0.6,0.6,0.6,0.6,0.6,0.6,0.6,0.6,0.6,0.6,0.6,0.6,0.6,0.6,0.6,0.6,0.6,0.6,0.6],"energies":[-7.382226247250554,-7.385974758714431,-7.369425911702669,-7.387177970737664,-7.386716465857373,-7.387003430792443,-7.387189755569265,-7.3872103113191,-7.3872285142524685,-7.3872287728360835,-7.387228772234415,-7.387228974868879,-7.3872291531207015,-7.387229184928737,-7.3872291884131815,-7.387229188894124,-7.387229188949052,-7.387229188953741,-7.387229188954899,-7.387229188955109],"residuals":[[2.255494476348547e-8,1.5459417389269066e-8,3.054658468747651e-8,3.92944744204312e-9,7.318410997161267e-9,8.798034223071e-9,7.472575645499138e-9]],"smearing":"DFTK.Smearing.None()","ndiag":[1,1,1,1,1,1,1,1,1,1,1,1,1,1,1,1,1,1,1,1],"fft_size":[54,54,54],"eigenvalues":[[-0.19913197442822123,0.17450291256166522,0.1745029148611694,0.1745029162342127,0.1794810041354467,0.2569518680884177,0.25695187032025335]],"n_kirred":1}