{"kgrid":[1,1,1],"a":11.376428571428573,"temperature":0.0,"Ecut":50.0,"lattice":[[0.0,5.688214285714286,5.688214285714286],[5.688214285714286,0.0,5.688214285714286],[5.688214285714286,5.688214285714286,0.0]],"n_electr":8,"n_bands":4,"α":[0.6,0.6,0.6,0.6,0.6,0.6,0.6,0.6,0.6,0.6,0.6,0.6,0.6,0.6,0.6,0.6,0.6,0.6,0.6,0.6],"energies":[-7.382115200163215,-7.384482768749426,-7.347456779306512,-7.385857986877956,-7.386756162339116,-7.386858498620803,-7.387132577453359,-7.387078078233785,-7.387219894711825,-7.38722790957784,-7.387225944007795,-7.387229040865517,-7.387229153811385,-7.387229185619632,-7.387229188684326,-7.387229188821373,-7.387229188946069,-7.387229188952862,-7.387229188954764,-7.387229188955136],"residuals":[[2.255550511138392e-8,2.5492116477415802e-8,2.7729335191494205e-8,4.2024747607648416e-8,4.227914659925345e-8,5.183918283457929e-8,6.006537472232484e-8]],"smearing":"DFTK.Smearing.None()","ndiag":[1,1,1,1,1,1,1,1,1,1,1,1,1,1,1,1,1,1,1,1],"fft_size":[54,54,54],"eigenvalues":[[-0.1991319718083455,0.17450291293551448,0.17450291581438934,0.17450292453690636,0.17948100579259704,0.2569518674831053,0.25695187234409944]],"n_kirred":1}