{"4":[2.673112750633169,1.9740651543394554,0.8967197442014495,0.9929186603749545,1.0310430283544918,0.5841453281946387,0.6989377740986927,1.1993237558715502,1.9934537395612657,1.525554756006044,0.4141948022357655,0.19466938211351487,0.06841233836452258,0.019696007697090574,0.004536885580680367,0.0012163764118673375,0.00043059566724952883,0.00015518942343275717,5.5620494687664895e-5,1.9450405434176352e-5,6.551196527487117e-6,2.1711220658999993e-6,7.17772389135307e-7,1.5631170813270121e-7,4.203242376785318e-8,1.2467695763121145e-8,5.9667906766425495e-9,5.415891231478832e-9,4.6192001187182105e-9,1.7294208264880996e-9,3.9506216439251443e-10],"2":[3.6535496317359906,2.3723833290121497,3.0854036228244173,3.8104754373492287,2.8420548934375636,2.682004478798104,6.820566259777199,7.184082813037028,3.3001443475485144,1.9594857844093705,0.5991070241501992,0.2789245468101184,0.10595593604322755,0.02895725706447849,0.009525299186407047,0.002445275578693422,0.0011527781139876376,0.00036330177439325466,0.00012790406503668456,3.552427672760917e-5,1.0091889446737694e-5,3.3451898512792933e-6,1.1402901380931835e-6,2.177827512601726e-7,6.858210545013579e-8,2.7303008621772687e-8,8.274067590695295e-9,5.321687563070544e-9,6.7363638150976965e-9,2.097945117302537e-9,5.722386842826199e-10],"3":[2.5659843995488805,1.9778526427187293,0.8054377155618712,0.835964653314098,0.8607177162073602,0.4429139894659828,0.4404780997209939,0.7116992323247964,1.3786168367686864,1.3149859582188537,0.3898704441057347,0.18751525954945245,0.06389897192718307,0.018216280503199588,0.003911053717984997,0.0011131446176017694,0.00036732832923157895,0.0001307987444201767,4.671628642491206e-5,1.627343416140931e-5,5.647966936687837e-6,1.955645402700384e-6,6.352809663329355e-7,1.4669887439716893e-7,3.6795800300625456e-8,9.681645356115157e-9,3.3843739196912235e-9,1.3349925133682172e-9,1.257547252857038e-9,1.1572086424106164e-9,3.503563185538424e-10],"1":[2.790423663382901,1.0836616100214238,0.21772790182343102,0.028681429834867482,0.011216274973436366,0.0022561486128598565,0.0006313090195988391,0.0001606089222365321,3.7013782424119234e-5,4.694936010494106e-6,4.838040597998161e-7,7.477825124583912e-8,3.587600023053514e-8,1.5034080207071713e-8,1.759147017201133e-9,5.583975760045232e-10]}