{"4":[3.669398201672223,2.380378141212458,3.1383621519162945,3.860210271877978,2.853779957845036,2.7158804893703254,7.039652018735937,7.258848399311259,3.1526449983936997,1.8327085926610576,0.5828245080866606,0.2754599635928498,0.10578802868359151,0.028975998131459242,0.00953698116301804,0.0024645437808221825,0.0011610524195350737,0.00036655964894807103,0.00012845297450723113,3.5394871295755475e-5,9.949105939704096e-6,3.293139222479115e-6,1.1183117064043327e-6,2.139749333249673e-7,6.528164606316452e-8,2.6147990495935826e-8,6.935558752515372e-9,1.5316829238938055e-9,8.640265127888811e-10],"2":[2.4421089901642214,2.0041333707656452,0.7321326483928616,0.6908946687525966,0.7009921484575116,0.30602996534832216,0.19248727656680753,0.22627119323766606,0.4942240857322683,0.822374152229673,0.35186743099367174,0.18049521380990383,0.05760868339896012,0.015527805003611242,0.003172618148839025,0.0009547341171986192,0.0002990506766907628,9.950999212009448e-5,3.494833473855074e-5,1.114883223841128e-5,3.8093600699905904e-6,1.4876499491603088e-6,5.226521713514397e-7,1.327585033835662e-7,3.064278042996237e-8,6.778317203250927e-9,2.152040743093927e-9,8.04131982206547e-10],"3":[2.6894415729730343,1.9747667454008413,0.9125184337985198,1.0198943846459894,1.0595526011559047,0.6079957427119158,0.7431753245227216,1.2802328384121033,2.078548854973931,1.552164844622611,0.4180602531394438,0.1959095859502921,0.06912295665942601,0.019901292118536282,0.004635383310001209,0.0012317798808063871,0.0004409232803630656,0.0001588235064215747,5.695253554514381e-5,1.9896980419891564e-5,6.672649863197443e-6,2.201310573748363e-6,7.303614742404037e-7,1.576583357546376e-7,4.2608094725548217e-8,1.2157122454908299e-8,4.063378616960619e-9,1.133059288512357e-9,4.1234894076609644e-10],"1":[2.790423654320373,1.0836617152339652,0.21772792656928353,0.02868144162062264,0.011216279135001539,0.0022561495291702678,0.0006313092304942708,0.00016060896000528885,3.701380221479017e-5,4.6950916104615245e-6,4.844632532521494e-7,7.795981604719439e-8,4.013460209630855e-8,1.5245141244840826e-8,1.761445728040538e-9,5.603760652651483e-10]}