{"4":[2.316839440811256,1.843133534609717,0.5701063825304031,0.3148772879539141,0.26751051503852064,0.16242146858787154,0.07848103210223285,0.03663505049744796,0.010161762509430362,0.004243643835657931,0.001642086516866834,0.0004672115491891881,8.952166747509119e-5,2.2990735650080225e-5,7.29443217329027e-6,2.3996914851768838e-6,7.106576171288381e-7,2.802751854819467e-7,5.8249582504822605e-8,1.6169105809129796e-8,7.243484327305035e-9,2.9736750424236903e-9,8.490356600649171e-10],"2":[3.5858694467563614,1.5817784580144851,1.3105450273966361,0.9737430449689565,0.6200572780612181,0.23769876031697318,0.11737150568478091,0.05437750274599565,0.023674069359688778,0.006968934574410846,0.002993594775350546,0.0008555532026457629,0.0002336400334411725,0.00010361270068572339,2.763246011681545e-5,1.2270960055713989e-5,3.7696796951406395e-6,1.1659414650369146e-6,3.2368866819664483e-7,1.0644527769711924e-7,2.8064150470657137e-8,9.36199396093046e-9,1.6705092594249966e-9,7.488269131318145e-10],"3":[2.647386088850111,1.7494216035006545,0.7028869260397074,0.3953324309900416,0.28379814654951385,0.18709589312819902,0.11455801634493566,0.053453231691874416,0.01514852622711587,0.005007036743369513,0.0020378810152878162,0.0005651763823185911,0.00015031956267991392,3.858496896713573e-5,1.3706884966266108e-5,4.36273978050856e-6,1.712006626185798e-6,6.579396761998776e-7,1.8414866723710062e-7,7.2088988358719e-8,2.0873674371438146e-8,5.343308755910799e-9,1.440330858731773e-9,4.1327151368240167e-10],"1":[2.701482698800457,0.8894584891828883,0.18342883367749369,0.01978411948083782,0.006956164130252736,0.0016056413159600618,0.00048190528791177166,9.09134657894421e-5,2.7638000006461894e-5,4.000062708469221e-6,5.475160043158596e-7,2.0469724897733282e-7,5.503413132845082e-8,1.708378955643565e-8,2.3729233330781647e-9,6.032000895465641e-10]}