{"4":[2.6476039187388705,1.8293693471416945,0.7569242151477859,0.5643498859596328,0.4861976312170403,0.241278423544762,0.12081664009099016,0.05296363397454129,0.01479157659126108,0.004947369152640139,0.002002114326535522,0.0005590015818069732,0.00014688094518092293,3.695873229293417e-5,1.3144260672641172e-5,4.176960950652957e-6,1.624289169561988e-6,6.337872566774307e-7,1.7691046021580201e-7,6.9717711737264e-8,2.0482700585586625e-8,5.171981278795682e-9,1.3942867797227666e-9,3.957970022305407e-10],"2":[3.545786199534038,1.5019689514776393,1.116568480890024,0.7223084595781325,0.5415202906861882,0.2354709363376642,0.12383039617491573,0.05900295126674412,0.024482800338846776,0.007059027750738399,0.0030019076710835176,0.0008538437498470551,0.0002327115156891441,0.00010282719918562929,2.735542067489409e-5,1.2113980151499996e-5,3.748986943609848e-6,1.1632974750235746e-6,3.2637443305126277e-7,1.0786381013173611e-7,2.8356024652965953e-8,9.504413690032315e-9,1.7618766676677986e-9,7.853553552474042e-10],"3":[2.5366991400240773,1.8555936701224849,0.6988107826071019,0.5294741217919788,0.4853933293155193,0.23479343957148513,0.11256423675848216,0.048786272438842294,0.013392787134304638,0.004731405558824891,0.001896521743909913,0.000532428816487717,0.00013232557274102437,3.190069769207854e-5,1.1187239116240671e-5,3.5354368558249466e-6,1.3124185332708461e-6,5.375452678988465e-7,1.49760886761377e-7,6.168001140061865e-8,1.8914135673302754e-8,4.6036616712162355e-9,1.2381574472307226e-9,3.3429180943905397e-10],"1":[2.7095392679621284,0.921205506481838,0.18786266689818573,0.021058204750228477,0.007596844629171848,0.0017171149955664431,0.0005040805317127996,0.00010137917223236893,2.9472365238345612e-5,4.116608580862179e-6,5.440994161652322e-7,1.9138358041841673e-7,8.394850809165227e-8,1.922215432993917e-8,2.4154205781739446e-9,6.456478153740764e-10]}