{"4":[2.3911329580456804,2.024609979997594,0.7561141250108114,0.6733188438986151,0.6779657071214875,0.25724233411520603,0.09200156941572162,0.04590784669514623,0.040136936197000574,0.10430578464082986,0.15765835707428086,0.14405743332577214,0.051671998804144956,0.012860363484712341,0.0027573418887403946,0.0008518062835630181,0.00026967477483671396,8.298974880866723e-5,2.9175684485396193e-5,7.584390312086667e-6,1.932493717869393e-6,5.477749133055415e-7,2.7061633754024484e-7,1.0563540530052383e-7,2.686628118983572e-8,5.1452821856821626e-9,1.339895488958052e-9,5.415914682805951e-10],"2":[3.6721771063695527,2.3817761862895757,3.147700953042474,3.8689136418767345,2.855744843216657,2.7218054952319,7.0792740524522415,7.271711159675289,3.124671292977415,1.8069828215610837,0.5791381607867826,0.2746131647226047,0.10572931110106448,0.02897703371768258,0.009538390944407666,0.0024678633957946265,0.0011624707355734868,0.0003671280018912465,0.0001285450908597215,3.536945366347745e-5,9.92206617683864e-6,3.2830014839809422e-6,1.1139574501437018e-6,2.1319854407574914e-7,6.463764261269444e-8,2.6010195864575547e-8,6.9023787394875365e-9,1.4849077637994008e-9,7.020461047918764e-10],"3":[2.703599451135039,1.975635570716222,0.9266750762299776,1.0440204224515233,1.0848464480060216,0.629229544503149,0.7827059825400079,1.351893720653388,2.1507633794632945,1.5745527923801848,0.4214587043273243,0.19701667349648924,0.06974676917026855,0.02007690564184758,0.004721605314930128,0.0012451927269521619,0.0004500439078536007,0.00016196381365342997,5.81075602365276e-5,2.0279479563467723e-5,6.776118072372195e-6,2.227354557363046e-6,7.41346355198671e-7,1.5889552196694502e-7,4.329878990697884e-8,1.2455776514247439e-8,4.191929170543307e-9,1.2529907993235806e-9,7.254831625141634e-10],"1":[2.7904236989638305,1.083661717585976,0.21772792445182554,0.02868143808939303,0.011216277450061365,0.0022561494162289183,0.0006313091821926367,0.0001606089433986215,3.701377090822161e-5,4.694797978219668e-6,4.832229990592795e-7,7.336726377656448e-8,2.875980305067058e-8,6.8283892007045684e-9,1.707077222160958e-9,5.55925878313731e-10]}