{"4":[3.5824501995784934,1.5793812400158866,1.3027047522194897,0.9638757136716036,0.6176253902347628,0.23832476934395416,0.11856214280937995,0.05518631220954485,0.023824976638041936,0.006987645090638376,0.002994787784137549,0.000855302634213713,0.0002336154770270241,0.00010348563218981542,2.7602337630259235e-5,1.2248468044235725e-5,3.766896433123576e-6,1.1660786562289767e-6,3.2413239018402994e-7,1.0668180714187289e-7,2.8126398960247604e-8,9.386923255949802e-9,1.6855068020153897e-9,7.556638139474557e-10],"2":[2.377802338993002,1.833861971257045,0.5837274977389024,0.35269421513353716,0.308906257420231,0.1853432912709193,0.09569267228081696,0.04249673451745213,0.01118102020729419,0.004429118029070195,0.0017888244578274633,0.0004989668657952528,0.00010882599779411318,2.6411600460191103e-5,8.651022868440642e-6,2.764236133631189e-6,9.121399063604432e-7,3.817239644735747e-7,1.0265190090777545e-7,4.488189667902762e-8,1.5821031889364438e-8,3.904813573352892e-9,1.0207288121598986e-9,2.443550011806507e-10],"3":[2.621749712791355,1.7260142661722229,0.6700557443057036,0.32414519609340664,0.16869057504795562,0.12257467296764216,0.09661907007241158,0.05137897945410158,0.014926442569786067,0.0049715539371286855,0.0020239568110897014,0.0005603670222708121,0.0001483598510353493,3.78583638969285e-5,1.3457704626404401e-5,4.27331794788019e-6,1.6723562604998164e-6,6.461503336016624e-7,1.8078016608188869e-7,7.124732706161995e-8,2.0676297295858806e-8,5.265261483176834e-9,1.4226963461332434e-9,4.05985941480304e-10],"1":[2.6984959710951997,0.8755412490978923,0.18159485928104083,0.019238645046905138,0.006676777527465693,0.0015546010730844479,0.0004720420144154502,8.643377095811052e-5,2.6752595000260566e-5,3.947647304611967e-6,5.492887699905808e-7,2.0569660759210792e-7,7.268690352766447e-8,1.7999012254463747e-8,2.3573860881075655e-9,5.832458450273211e-10]}