{"kgrid":[1,1,1],"a":11.329928571428573,"temperature":0.0,"Ecut":50.0,"lattice":[[0.0,5.664964285714286,5.664964285714286],[5.664964285714286,0.0,5.664964285714286],[5.664964285714286,5.664964285714286,0.0]],"n_electr":8,"n_bands":4,"α":[0.6,0.6,0.6,0.6,0.6,0.6,0.6,0.6,0.6,0.6,0.6,0.6,0.6,0.6,0.6,0.6,0.6],"energies":[-7.381552998383959,-7.385244458705529,-7.37570824435864,-7.386659771623218,-7.386697207246881,-7.386672287457014,-7.386715908577155,-7.386733627083041,-7.386734076300279,-7.386733737594344,-7.386734217184516,-7.38673423020772,-7.386734230607378,-7.386734231254557,-7.386734231278044,-7.386734231282188,-7.386734231282259],"residuals":[[1.9761242549339795e-8,2.0364686586094968e-8,4.522785209503358e-9,2.0806263379517065e-8,5.16291824136059e-9,7.216426302035339e-9,1.3879314297928046e-8]],"smearing":"DFTK.Smearing.None()","ndiag":[1,1,1,1,1,1,1,1,1,1,1,1,1,1,1,1,1],"fft_size":[54,54,54],"eigenvalues":[[-0.1973519697203645,0.17868521065029225,0.17868521470492293,0.1786852163260798,0.1877472968294189,0.2613880176457485,0.261388018395748]],"n_kirred":1}