{"kgrid":[1,1,1],"a":11.329928571428573,"temperature":0.0,"Ecut":50.0,"lattice":[[0.0,5.664964285714286,5.664964285714286],[5.664964285714286,0.0,5.664964285714286],[5.664964285714286,5.664964285714286,0.0]],"n_electr":8,"n_bands":4,"α":[0.6,0.6,0.6,0.6,0.6,0.6,0.6,0.6,0.6,0.6,0.6,0.6,0.6,0.6,0.6,0.6,0.6],"energies":[-7.381700677654016,-7.385641766575665,-7.384755604868697,-7.386657127643256,-7.386715740653416,-7.386710082474228,-7.386726956801448,-7.386733382875278,-7.38673421368993,-7.386734221320119,-7.386734220312022,-7.386734230722145,-7.386734231020913,-7.386734231263892,-7.386734231280446,-7.386734231282286,-7.3867342312823805],"residuals":[[1.0140606856854787e-8,1.4947819159215692e-8,1.3123578266408225e-8,1.4799318434766525e-8,7.072394928003973e-9,1.1761291462459719e-8,1.3864308557824635e-8]],"smearing":"DFTK.Smearing.None()","ndiag":[1,1,1,1,1,1,1,1,1,1,1,1,1,1,1,1,1],"fft_size":[54,54,54],"eigenvalues":[[-0.19735196240711964,0.17868522180296476,0.1786852223413418,0.17868522277626625,0.18774730493628186,0.2613880241748354,0.26138802445054987]],"n_kirred":1}