{"kgrid":[1,1,1],"a":11.329928571428573,"temperature":0.0,"Ecut":50.0,"lattice":[[0.0,5.664964285714286,5.664964285714286],[5.664964285714286,0.0,5.664964285714286],[5.664964285714286,5.664964285714286,0.0]],"n_electr":8,"n_bands":4,"α":[0.6,0.6,0.6,0.6,0.6,0.6,0.6,0.6,0.6,0.6,0.6,0.6,0.6,0.6,0.6,0.6,0.6],"energies":[-7.38132663837004,-7.385295726657933,-7.377189574493851,-7.3866739300383575,-7.386610754702131,-7.38667255787917,-7.386692039084737,-7.386733422044225,-7.386734045144701,-7.386733862344867,-7.386734196790909,-7.386734227646629,-7.386734230877414,-7.386734231255869,-7.386734231280535,-7.386734231282086,-7.386734231282382],"residuals":[[2.749820982463203e-8,3.152746258714571e-8,3.770316792005414e-8,2.93316337982517e-8,2.2427059623020687e-8,2.5745846221118925e-8,2.346171971606781e-8]],"smearing":"DFTK.Smearing.None()","ndiag":[1,1,1,1,1,1,1,1,1,1,1,1,1,1,1,1,1],"fft_size":[54,54,54],"eigenvalues":[[-0.1973519650614483,0.1786852161503176,0.17868521882412944,0.17868522085669425,0.1877473016913363,0.26138802269076555,0.26138802325636046]],"n_kirred":1}