{"4":[2.578826476983529,1.7791099312302474,0.6911658442113124,0.4206722533159508,0.33779562871267105,0.2041170016449097,0.1150184494991038,0.052197182452631455,0.014563926313181895,0.004937005054118474,0.0019862486732644155,0.0005585045147060943,0.0001451491361233995,3.645456950775711e-5,1.3248742655150688e-5,4.221047435952544e-6,1.6952702976938022e-6,6.611590527903849e-7,1.7721665174817597e-7,7.098764913141022e-8,2.08818770718836e-8,5.048387829232994e-9,1.349726146345732e-9,3.7665306881254947e-10],"2":[2.9674147851197197,1.6447959512115282,0.8691994879983073,0.40134765850976556,0.24352651307745074,0.18430171798391962,0.13576760479242056,0.06668093531741,0.019736756832003474,0.00598059302191877,0.00245172427890664,0.0006967639083940349,0.000197150724427398,6.41767411359446e-5,2.142421794145275e-5,7.480403933492711e-6,2.96649955657812e-6,9.75090982368463e-7,2.750999670187628e-7,9.915047122750304e-8,2.675401578907716e-8,7.602439689846827e-9,1.841032225939417e-9,6.041532898502414e-10],"3":[3.356026605465055,1.5448754005497567,1.0674095259286434,0.6054100844170381,0.45521386601176317,0.25558526057783615,0.1608867608233954,0.07568696213647283,0.025111628617942167,0.007009984182655414,0.002877418355067028,0.0008248048898722828,0.0002341103324359419,9.638984220276243e-5,2.7577285635151738e-5,1.1314315048116193e-5,3.8052417561146314e-6,1.1747775192235672e-6,3.388461927238643e-7,1.1657608380242292e-7,3.076964998946201e-8,9.742402090440531e-9,2.053007961583399e-9,8.163991831560894e-10],"1":[2.672353548354162,0.7591257511795152,0.16813592609530192,0.01475089413391141,0.004247696701859209,0.0009965349124647117,0.00036059081014072766,5.300950478002839e-5,1.4546324967532202e-5,3.1694617038989874e-6,5.248517263416178e-7,2.052229827810293e-7,8.757658135209808e-8,1.3254579890577943e-8,1.9878397905715563e-9,3.7538262900027637e-10]}