{"4":[2.9461980776124572,2.0178668556157886,1.2560851817377567,1.5027492822957147,1.4475212696368047,0.9176059530557676,1.2771126131901138,1.9420039639381186,1.938735393186086,1.0798377488705593,0.27120283239295623,0.12287764087769393,0.04538730300655864,0.012812400027003722,0.0035998951449125595,0.0008832307892185474,0.00037819804829246074,0.00013043016917185533,4.806623484166899e-5,1.548438901809662e-5,4.857380876387011e-6,1.5592726131363892e-6,5.313320371602379e-7,1.0115470934363646e-7,3.120988423027653e-8,9.667927755462014e-9,3.0890789761575097e-9,7.783532286296574e-10],"2":[2.6255619607854532,1.9705554678710278,0.8623499834948861,0.9018175675188553,0.9115887902723554,0.4745847447440459,0.4820990530652272,0.7442108135866746,1.1559064652788238,0.8323155599926555,0.22593436867744945,0.10646289601991828,0.03706347507716527,0.010675714874257542,0.002417384546469228,0.000680972859611364,0.00023508754478880075,8.594982852747189e-5,3.215613885944228e-5,1.0841423800411744e-5,3.6163363920983967e-6,1.2130976752657128e-6,3.881663104658155e-7,8.490451948049385e-8,2.2233480906733092e-8,6.094117211184365e-9,2.0351120562379636e-9,5.743964586555009e-10],"3":[3.509773445459081,2.264605525775868,2.5728166705540296,3.06568372687673,2.2982100444024782,1.8609909276781202,3.7050544996603376,4.00648743121744,2.2468890187884596,1.3130496155965041,0.3456543743840675,0.15478872504597496,0.05714208475887346,0.01567394508334479,0.005339078334110734,0.0013341109161428086,0.0006508806649119674,0.00019970994788511706,7.117099345407722e-5,2.021920457476591e-5,6.052328799387114e-6,2.006435303676763e-6,6.856856962709143e-7,1.25683910014329e-7,4.220899063641079e-8,1.4845995687117709e-8,4.060339445249289e-9,8.956556970874669e-10],"1":[2.7787244810201814,1.077643256105815,0.2168526366360745,0.028406529341732493,0.011062057985983406,0.00221661891973249,0.0006241919114196354,0.00015724504933333332,3.5613192722020504e-5,4.515254820956495e-6,4.623713593694725e-7,7.510768520720014e-8,2.8965407685974578e-8,1.0499782731448016e-8,1.7279013903577835e-9,5.642178837100549e-10]}