{"4":[2.867914322520104,1.6422317958851569,0.7873329444650634,0.30773005255388597,0.10247141632346554,0.05590202264435614,0.05394162238150864,0.04808132795373249,0.017703890944938544,0.005659059429697755,0.002337746374973319,0.000659690253327642,0.00018531582126786813,5.6659501747862944e-5,1.9626715796394764e-5,6.63048569549641e-6,2.693648202086747e-6,9.070181437005103e-7,2.5261661557048913e-7,9.285580431649754e-8,2.535598348700031e-8,6.970585801795165e-9,1.7460721669242431e-9,5.505355799622152e-10],"2":[2.612992621933733,1.870978613913562,0.7718516708460286,0.6207520122471366,0.5477338502354169,0.25067885129590517,0.12081104943610856,0.05247346760581605,0.01450839966463999,0.0049317706182543655,0.0019777441505870884,0.0005601049085465244,0.00014495161479817837,3.616383435683529e-5,1.3136323386862096e-5,4.192465238823558e-6,1.6786756103837575e-6,6.581677204689957e-7,1.7594572738922744e-7,7.021766113446454e-8,2.0825452688394514e-8,5.016900498142887e-9,1.3381382434799574e-9,3.727584852664802e-10],"3":[3.439138166272803,1.6191367316453311,1.2670260213348485,0.8872705091084309,0.5931359519927974,0.2731576401390989,0.15943801171461003,0.07456382121978379,0.025588785748875235,0.007116939227504303,0.002919769376528772,0.0008382255029683952,0.0002379869320966871,0.00010048888485057509,2.841470585826919e-5,1.1871093972633283e-5,3.8819599129799186e-6,1.1894786107858934e-6,3.400633655227915e-7,1.1642955926366446e-7,3.0855719290056416e-8,9.868559631402505e-9,2.021138691531854e-9,8.347623330291044e-10],"1":[2.6986558551364763,0.9174392623581057,0.1874482549491318,0.020917535107395524,0.007520051132939911,0.0016979866606820872,0.0004971344079851762,9.992747021120509e-5,2.8472628199516912e-5,3.936763600854216e-6,5.29243279812565e-7,1.9473993151853004e-7,4.670618318398602e-8,1.4204121640813684e-8,2.2771134292430015e-9,6.353868493245054e-10]}