{"4":[2.6301184485067255,1.970386408505529,0.866261688372533,0.9080273085786936,0.9177554750861054,0.4794847954737098,0.4905852251415963,0.7588749399633845,1.1705030684013797,0.836524112652251,0.22646871517467648,0.10663183603890569,0.03716940965209249,0.010708860596163265,0.0024324125236272545,0.0006835635469123398,0.00023675955665173029,8.660747744813203e-5,3.238666856624391e-5,1.0914193174438753e-5,3.6356976970074545e-6,1.2178198487287114e-6,3.901082290434772e-7,8.512447981069345e-8,2.2361611149060088e-8,6.176929072610206e-9,2.1465193509430673e-9,8.193615826304034e-10],"2":[3.0399981757155525,2.051502828515331,1.4265310531517161,1.7432334228325221,1.6277752893728872,1.079032797348895,1.5913091538691613,2.3340937054936575,2.0973084679826113,1.1496026195597908,0.28640780607553334,0.12903832828910924,0.04795006298950566,0.013428073254127253,0.0039702385471785135,0.0009549929357889361,0.00042779391802406485,0.0001429465477336756,5.281979880473697e-5,1.672980094090355e-5,5.206377274736692e-6,1.6715153609034636e-6,5.727261289147948e-7,1.0650072240239741e-7,3.3994441451283575e-8,1.0765600840793752e-8,3.508020790758132e-9,1.1940464496740525e-9,1.2043532643162282e-9,1.0941504230872285e-9,2.9209700281479107e-10],"3":[3.4483361349098645,2.2361466901582236,2.400070846368685,2.8947448728095133,2.2421024359703865,1.7672051743404427,3.352227139897765,3.8342061090506765,2.326196343655054,1.3359966181617848,0.3419087961743819,0.1526072732805074,0.056340659945270925,0.015493489929183363,0.00522427591561785,0.0012856907410657846,0.0006260336592037129,0.00019271308598668827,6.953551105708073e-5,2.0120138271762882e-5,6.09396507764858e-6,2.0079621264447725e-6,6.856983039429487e-7,1.248651120237913e-7,4.220522959860285e-8,1.451686743425698e-8,4.170244359980135e-9,1.1832406023720218e-9,1.1050471214814327e-9,1.1078332857210268e-9,3.4946074320388696e-10],"1":[2.7787244258693673,1.0776433060456592,0.2168526526859002,0.0284065340299079,0.011062059114255689,0.0022166195606633057,0.000624191992961791,0.0001572450631279811,3.561323453005322e-5,4.515731059234384e-6,4.643571270995472e-7,8.304343086826142e-8,4.417101346455821e-8,1.5066378599925503e-8,1.7437849839348777e-9,5.652811585000073e-10]}