{"4":[2.3175622523669723,1.8530536828132185,0.5819540125706678,0.33411555344068766,0.30271215057130996,0.17871291208448548,0.08396161549581685,0.038360916962285344,0.010487332446713396,0.004370584560095857,0.0017165967990402792,0.00047923271940148544,9.326833259177537e-5,2.4336105727564496e-5,7.714230979385e-6,2.475466415972492e-6,7.548783962486983e-7,3.0582362913354814e-7,6.808303443801776e-8,2.4887610301514506e-8,1.1914907644349874e-8,3.5160851742411537e-9,9.077229063957003e-10],"2":[3.6537154140131163,1.7396813735878531,1.6991186182569975,1.3468824542943467,0.6827131175276453,0.23437499304344978,0.10152957453260994,0.04031370572435623,0.01986776291112355,0.006388089711422144,0.0029053951865970185,0.0008595076515932099,0.00024248049347399856,0.00011126058814975538,3.061517025455448e-5,1.3439737412740038e-5,4.036879132511058e-6,1.1818559383430315e-6,3.171085542308993e-7,1.0442767299099024e-7,2.8057273800120076e-8,9.06723880707922e-9,1.4183052576617558e-9,5.945486089062114e-10],"3":[2.4590662192725365,1.7700880850672938,0.6089198373411282,0.31160155716169896,0.18719469662906071,0.13125505316702785,0.09321884439834505,0.04698272098740413,0.013152825669062748,0.00474170169808934,0.0018972981619963252,0.0005334604446758693,0.0001304386242339649,3.17895440386405e-5,1.1206923851414512e-5,3.5475664628613434e-6,1.353306380556907e-6,5.616128757358431e-7,1.5129925740017613e-7,6.319554491613779e-8,1.92891614689781e-8,4.529267118831105e-9,1.204055132171561e-9,3.176278901277065e-10],"1":[2.7366300348157044,1.0124820248613005,0.20328748691721338,0.025097363650992008,0.009526606977498242,0.0020064213120668793,0.0005676021445733615,0.00013271348282844141,3.289350626821264e-5,4.277738384399252e-6,4.988179807880462e-7,1.4713675941516296e-7,4.8337953318973583e-8,1.6205741019690733e-8,2.2162172374350665e-9,7.19071141225754e-10]}