{"4":[2.3878832657091,2.0265411753750455,0.753136487653094,0.6656466253754919,0.6748632772867393,0.2608836035717374,0.10054230705376137,0.05684521539901537,0.06804494993405497,0.16666862698937204,0.14832777116795723,0.092021629678343,0.02913033327436203,0.007353778903626127,0.0015914620327932719,0.000496942678109734,0.0001544164745558936,4.696031459890199e-5,1.6685516344469663e-5,4.585229759299639e-6,1.2908624750825691e-6,4.854157769092011e-7,2.274576456183491e-7,6.657585665656557e-8,1.5392437069476008e-8,2.9929045902124434e-9,7.909416809981808e-10],"2":[3.6919220797177488,2.347342343459947,3.126537653015926,3.5624063912904487,2.404239988875266,2.1246211560518073,5.10685472966381,4.368873647898343,1.5009222731387901,0.7298831511041429,0.2663409015180716,0.13635628283730017,0.05621616606423159,0.015818327011843377,0.005513176271516353,0.0014709333924084922,0.0007160833483680278,0.00022017471984157985,7.439664292319793e-5,1.9529722821481477e-5,5.29605402105038e-6,1.745984307604417e-6,5.874517995654749e-7,1.1067638232438184e-7,2.8778823759004366e-8,1.2351659590675546e-8,3.5683550945770163e-9,7.486305657533711e-10],"3":[2.530208342588341,1.9806481788000403,0.7883941852488112,0.7831999225234009,0.7920985364984431,0.3796269619857858,0.31825784213254,0.45196821956413386,0.8117286407440059,0.7246079144940978,0.21517772214868242,0.10333525175608409,0.0348218457846089,0.009892213222077586,0.002109874828116893,0.0006243024737047158,0.00020188454617876998,7.176081132782523e-5,2.7023537522065153e-5,9.145845305782768e-6,3.1476555034547813e-6,1.1032594527792722e-6,3.4739672003024147e-7,8.018604772455516e-8,1.979064725681758e-8,5.0077572913983255e-9,1.6684619502670857e-9,5.129814226234374e-10],"1":[2.778724437208126,1.0776432347044236,0.2168526425027746,0.028406532515963836,0.011062059359773843,0.002216619212002469,0.0006241919460839727,0.0001572450450834248,3.561319446725315e-5,4.5152532290620725e-6,4.623584705223125e-7,7.510884053587425e-8,2.903578125114057e-8,8.801017237784523e-9,1.7166307870790601e-9,5.630923428468523e-10]}