{"kgrid":[1,1,1],"a":10.92857142857143,"temperature":0.0,"Ecut":50.0,"lattice":[[0.0,5.464285714285715,5.464285714285715],[5.464285714285715,0.0,5.464285714285715],[5.464285714285715,5.464285714285715,0.0]],"n_electr":8,"n_bands":4,"α":[0.8,0.8,0.8,0.8,0.8,0.8,0.8,0.8,0.8,0.8,0.8,0.8,0.8],"energies":[-7.3701673967322545,-7.376442684339681,-7.376995288912352,-7.376970865308325,-7.377019286725821,-7.377022582251962,-7.377023173304529,-7.377023226237915,-7.3770232273389995,-7.377023227426025,-7.377023227438762,-7.377023227444865,-7.3770232274454965],"residuals":[[3.8062241126504186e-8,3.314533193210238e-8,1.7592491300836742e-8,4.364593952353654e-8,1.876315280572204e-8,1.7999676428693928e-8,1.2914362584070945e-8]],"smearing":"DFTK.Smearing.None()","ndiag":[1,1,1,1,1,1,1,1,1,1,1,1,1],"fft_size":[54,54,54],"eigenvalues":[[-0.1811547077602402,0.21740100985551974,0.21740101023177058,0.21740101118806532,0.26447094190092973,0.30214594247134635,0.3021459433308243]],"n_kirred":1}