{"kgrid":[1,1,1],"a":10.92857142857143,"temperature":0.0,"Ecut":50.0,"lattice":[[0.0,5.464285714285715,5.464285714285715],[5.464285714285715,0.0,5.464285714285715],[5.464285714285715,5.464285714285715,0.0]],"n_electr":8,"n_bands":4,"α":[0.8,0.8,0.8,0.8,0.8,0.8,0.8,0.8,0.8,0.8,0.8,0.8,0.8],"energies":[-7.369832572858952,-7.376396476500002,-7.376993388432526,-7.3769277773651005,-7.377007750687861,-7.377022347526571,-7.377023185156206,-7.377023225715252,-7.3770232273445195,-7.37702322740183,-7.377023227443818,-7.3770232274453145,-7.377023227445482],"residuals":[[1.4323408529317038e-8,3.473097842680082e-8,2.2636602036788095e-8,2.189020902329181e-8,4.1498385938494604e-8,6.069282573834456e-9,7.716275096920083e-9]],"smearing":"DFTK.Smearing.None()","ndiag":[1,1,1,1,1,1,1,1,1,1,1,1,1],"fft_size":[54,54,54],"eigenvalues":[[-0.1811547046399175,0.2174010125648705,0.2174010143421083,0.21740101447477286,0.2644709460266576,0.302145944258573,0.30214594501069525]],"n_kirred":1}