{"kgrid":[1,1,1],"a":10.92857142857143,"temperature":0.0,"Ecut":50.0,"lattice":[[0.0,5.464285714285715,5.464285714285715],[5.464285714285715,0.0,5.464285714285715],[5.464285714285715,5.464285714285715,0.0]],"n_electr":8,"n_bands":4,"α":[0.8,0.8,0.8,0.8,0.8,0.8,0.8,0.8,0.8,0.8,0.8,0.8],"energies":[-7.369794590411373,-7.376320642650317,-7.376977429252106,-7.376902880497752,-7.377011749002206,-7.377020375213702,-7.377023196034061,-7.377023225996426,-7.377023227360299,-7.3770232273555525,-7.377023227445136,-7.377023227445475],"residuals":[[1.955516839598844e-8,2.3136675605502008e-8,9.070643868855305e-9,1.9339155311343505e-8,4.04328127660237e-9,7.94059415303345e-9,4.744209289701824e-9]],"smearing":"DFTK.Smearing.None()","ndiag":[1,1,1,1,1,1,1,1,1,1,1,1],"fft_size":[54,54,54],"eigenvalues":[[-0.1811547081300765,0.2174010053264592,0.21740100836402587,0.21740101166312853,0.2644709431623154,0.3021459437993042,0.30214594442215326]],"n_kirred":1}