{"4":[3.3974471651470277,1.9732788770965046,2.0439365797587166,1.6333488299905168,0.9380694603333127,0.455650927981851,0.3954383829644351,0.4211051648496991,0.28869728632923347,0.22643428195496343,0.07325069882027498,0.033124559925695254,0.011740193963266803,0.003397567069874716,0.0015657726496582664,0.00041466284088412686,0.0001962700127444617,6.00272089895049e-5,1.913595930412458e-5,4.662579010371269e-6,1.369740936433441e-6,4.728420602901701e-7,1.524698061328955e-7,2.5598687964546906e-8,7.360389991100527e-9,2.690305773312055e-9,7.593654844120267e-10],"2":[2.319684926624827,2.0667569452658774,0.7952011060328781,0.6372949681200366,0.6993763190639803,0.27180208563879116,0.09604849755697088,0.04121058751587497,0.013219782628217642,0.009892593049134967,0.010773486128573566,0.01230803768951764,0.005559359793095172,0.0015891591993586974,0.00039342705070578675,0.0001311546375522623,3.5434031492193496e-5,9.225531613054266e-6,4.103961767456026e-6,1.3468380889570459e-6,4.309855282781523e-7,1.9263758313470733e-7,5.699494083206408e-8,1.2951016637540348e-8,3.190782336198793e-9,6.367948960085111e-10],"3":[2.9288836628872446,1.9305302896784566,1.284375241295743,1.072103442909656,0.8295527700421688,0.3963883143727479,0.2496470362032523,0.20937083818822846,0.19189713722562415,0.1794450253648302,0.05849613661170745,0.026760113527726434,0.009802915353703852,0.0029235860211056872,0.001004512065464658,0.0003077669217886047,0.00012771033857854469,4.967584325914602e-5,1.6346422021265497e-5,3.963700991434573e-6,1.1242159751215372e-6,3.8001902493603635e-7,1.1896488287289257e-7,2.055758007977407e-8,6.060782726322895e-9,1.8703067454463895e-9,5.85556964735658e-10],"1":[2.6828312208757708,1.0219547482901514,0.2028082790829573,0.025580090059804023,0.009559067265124826,0.0018004503630983414,0.0005467398779739305,0.00011834714349239414,2.445553643666979e-5,2.9610724088100928e-6,3.462746094848856e-7,1.0924978368188586e-7,3.8602359085169496e-8,9.606594560182513e-9,1.828029349181929e-9,5.253376719460549e-10]}