{"4":[2.6467323469034536,1.713947245203086,0.8152347542633303,0.428124828126113,0.3107379802148096,0.21530625185814548,0.13275370104757148,0.06295160621010766,0.017984921229640786,0.00604460014728962,0.00229276653624238,0.0007029880872857122,0.00021367088811907273,6.699836104716926e-5,2.9664111456409968e-5,9.570074192087039e-6,4.072492697415846e-6,1.115037978864858e-6,2.487979693998237e-7,9.666170895609139e-8,2.80448055071652e-8,5.897512462206075e-9,1.3998008037487448e-9,4.079877895360809e-10],"2":[2.678988065999303,1.672707609210631,0.8102382679636065,0.3729622245589925,0.21168286993359592,0.1664142814521664,0.12324050028233306,0.06364930095866704,0.01857928268812365,0.006194166611210768,0.0023504714559236996,0.0007206357831899759,0.00022319990480118568,7.140882249771949e-5,3.163326029648216e-5,1.0015671108944123e-5,4.277136477622001e-6,1.1459047202088693e-6,2.607103824491312e-7,1.009610699165716e-7,2.889603090620652e-8,6.16888794297546e-9,1.4454691402953594e-9,4.287540158492395e-10],"3":[3.3484741956369044,1.5353263225398333,1.3061894728179504,0.8713933454980703,0.5901954585240327,0.3019617563872149,0.1716650769591106,0.08439798019696124,0.029414221129778522,0.00836742941314114,0.003125278715077794,0.000993155753877941,0.0003660485316137246,0.00015414009207060105,4.957788421414551e-5,1.6451816757293148e-5,5.8836930810331705e-6,1.405652109641561e-6,3.8200240640161157e-7,1.4274206426102637e-7,3.793025617499578e-8,1.0083032671064098e-8,1.859119378533268e-9,7.184123719452891e-10],"1":[2.59312589071111,0.8131676468059448,0.16808985185186243,0.016523874904298675,0.005530396256906144,0.0012746716886229367,0.00038493830037142866,6.210558953294026e-5,1.724514410542107e-5,2.34787342687499e-6,4.861033849333366e-7,1.6108155412072738e-7,2.6503232638240097e-8,8.377422786865524e-9,1.6510763553840213e-9,5.368235093276245e-10]}