{"4":[2.7045824874923126,1.9272189381651192,1.0178095657845496,0.8547356285698409,0.744782673905791,0.33484974345062396,0.18594946881153498,0.1326536002438744,0.12674294951244416,0.13801607424736304,0.0498589371558871,0.023381645268166197,0.008450915433876325,0.002587192129647406,0.000737019931607206,0.0002498913665844945,9.148948900471048e-5,3.968086267512333e-5,1.4048453710949592e-5,3.2999942832378637e-6,9.216475164386655e-7,3.139288031538109e-7,9.613394234689432e-8,1.7912546452666623e-8,5.026050632882595e-9,1.4369237951486428e-9,4.5264512980189666e-10],"2":[2.7474565930916484,1.9252171485238674,1.0617058122481462,0.8912496316535771,0.7592745237698454,0.34592151975430135,0.1970122161552673,0.14572040154410798,0.139449426494203,0.14628698566665949,0.051451364169555536,0.02396863121901367,0.008706717529854111,0.002652719263846659,0.0007838543804659855,0.0002611029438941644,9.806574084560641e-5,4.182935881484365e-5,1.4493053652103026e-5,3.4285551857136e-6,9.586113451682233e-7,3.2570311139809344e-7,1.0042295871716664e-7,1.8390538200671996e-8,5.222316700405391e-9,1.5187937187833223e-9,4.781205924069677e-10],"3":[3.406604293626715,1.9739889989578443,2.0606576165977106,1.6444909438842894,0.9377652491449304,0.45461449935736087,0.39814893551197517,0.426670261818756,0.28945850826282316,0.22560421854138654,0.07332231430619619,0.03319313481402625,0.011760367224155363,0.0034015206059153607,0.0015751042257654184,0.0004165359220091204,0.0001972329144034835,6.008534777970172e-5,1.913315003899934e-5,4.656539797291873e-6,1.3659154257581968e-6,4.7231409917949345e-7,1.5266625022945596e-7,2.5665270711086024e-8,7.3576018948961146e-9,2.698801798519989e-9,7.487968770677832e-10],"1":[2.6828311645531713,1.021954687664625,0.20280827328118298,0.02558009069520398,0.009559068066886493,0.0018004504819180418,0.0005467398988746778,0.0001183471357887269,2.4455530578928183e-5,2.960991308344675e-6,3.4604981308735e-7,1.115912748506635e-7,2.519024977578644e-8,8.569745084380615e-9,1.8234643475324302e-9,5.252612519019913e-10]}