{"4":[2.874441725636263,1.9270860448282714,1.2115672071258068,1.0136426223024382,0.8076653894962846,0.38116222316926424,0.23303319154753796,0.18899535928658784,0.17654885712447543,0.1697706182405227,0.05634967676882087,0.02588561873238703,0.009479648061441321,0.002843917123534573,0.0009354212742046753,0.00029394342748151575,0.00011859314739462424,4.7535819499424915e-5,1.5799780189587196e-5,3.807665686234286e-6,1.0738369990692086e-6,3.6330230558653276e-7,1.1343633045048259e-7,1.9888984728617786e-8,5.81278958679997e-9,1.7651694940875163e-9,5.551670049481018e-10],"2":[2.869544498336773,1.9268383491409646,1.2052534523199108,1.0085440358019773,0.8057035663038146,0.37977775836030964,0.23156657644359047,0.1872102716577238,0.175146553223851,0.16888764626717578,0.056157102301645216,0.025807907799033695,0.009450074024742993,0.00283665154531718,0.0009292919244692987,0.00029269042340697156,0.00011777860235688685,4.73340624119124e-5,1.5749928642979257e-5,3.7933262838513747e-6,1.069298988112967e-6,3.6180307410029643e-7,1.1293403396825972e-7,1.982933102168979e-8,5.790197140970684e-9,1.7557773637361338e-9,5.526278038216395e-10],"3":[3.255823696830948,1.9612543274457297,1.794470105886061,1.4605880809890133,0.9288763183239935,0.4581712435625391,0.35259451790227375,0.34707997607452984,0.2688221878265227,0.2248127851242607,0.07023926870965407,0.031640870066752244,0.0113339820001659,0.0033067867726093753,0.0014116076799904197,0.0003847133857076778,0.00017902403983405284,5.840709588818633e-5,1.8825171016622786e-5,4.625662177770485e-6,1.362381567625804e-6,4.6276688649880864e-7,1.4619131105405955e-7,2.4331710380250655e-8,7.195116834231026e-9,2.4635214653770554e-9,7.314736836429916e-10],"1":[2.6828310986978847,1.021954751536638,0.20280828335613893,0.025580090825270744,0.009559067371713772,0.001800450696343434,0.0005467399078631726,0.0001183471452693818,2.4455528945770263e-5,2.9609971371526893e-6,3.4606761315798054e-7,1.113697202387675e-7,2.6529615762919296e-8,8.887990517961862e-9,1.8250404137557916e-9,5.25317288181796e-10]}