{"4":[3.3353072651296505,1.5217246733924628,1.2685683937766792,0.8275140275793057,0.5719505228755968,0.30028307974215784,0.17234769553475035,0.08476114078444659,0.029333063899700834,0.008351071811391227,0.003119433147979796,0.000990563727519518,0.00036434469855140314,0.00015299894491486944,4.949098258368455e-5,1.638908943905481e-5,5.889050077564547e-6,1.407148337004632e-6,3.8311051277357544e-7,1.430923936631007e-7,3.793332856018546e-8,1.005154881549931e-8,1.86042618062688e-9,7.164836197538138e-10],"2":[2.2675467857514544,1.934549699614736,0.6764035498105548,0.4226121494964837,0.46819901800880553,0.2347513586474315,0.09269572607881048,0.04046374288401448,0.011490016113735327,0.0048283339932234685,0.001784824492347142,0.0005525268798411575,0.00011179566426551103,3.33920859793699e-5,9.682836786385298e-6,2.7082759627159718e-6,9.54637873161435e-7,4.899013670411358e-7,1.2304180463666144e-7,5.006362679407076e-8,1.8080395312126166e-8,3.7159619382375255e-9,9.139632493632646e-10],"3":[2.9017914807471326,1.7437145552261226,1.0754158218248544,0.6989891171151541,0.5437692430128763,0.30200856163571455,0.16439646099465738,0.07474396864882905,0.021645543093893077,0.006890137534600544,0.002587850517743429,0.0008093760741448033,0.00026532772006238205,9.250425058460253e-5,3.9245420397896515e-5,1.191969415422588e-5,5.09520714735446e-6,1.2700405483191983e-6,3.104529376293821e-7,1.1769565260742556e-7,3.227562857623454e-8,7.3249343765823035e-9,1.588233606251333e-9,5.093501370387705e-10],"1":[2.620218097586912,0.910415452212466,0.18169557217833993,0.02035585345716076,0.0073115568127263076,0.0015336464677631117,0.0004532300136624946,8.723372735923625e-5,2.0978633826040994e-5,2.625391444798781e-6,4.4530538490351405e-7,1.5641451294465624e-7,4.253780900257227e-8,9.863461729197894e-9,1.7569297906877555e-9,6.119491877218589e-10]}