{"4":[2.80947043530912,1.6456739047720919,0.898601337148231,0.4308491947125579,0.2789098686522208,0.2124238448585091,0.14339722973803004,0.07058656605782339,0.02066138457609879,0.006678315596322529,0.002522187989519855,0.0007802365178404309,0.00025239631228986866,8.583274136069476e-5,3.710127107555554e-5,1.1340943071410183e-5,4.86134700380941e-6,1.2330747967061548e-6,2.962493582054013e-7,1.1317213032431609e-7,3.132670832524011e-8,6.9926927104575405e-9,1.5612247410365335e-9,4.885570033317574e-10],"2":[2.8079003612885827,1.6566098822628827,0.9070412155396135,0.45154853999658784,0.3079623737758064,0.22600601005109444,0.1463062178477904,0.0706868472676933,0.02059017821887637,0.006659648700837119,0.0025148888188764092,0.0007780891967729018,0.00025126090246642023,8.523833907648327e-5,3.6905929508100914e-5,1.128954039844571e-5,4.840346567555761e-6,1.2300188644337729e-6,2.947356881346365e-7,1.1262030926458531e-7,3.122505519326974e-8,6.95682369809253e-9,1.5552211706870727e-9,4.857584035280913e-10],"3":[3.1737525637551816,1.4824619795117144,1.0398315254085049,0.5106716596249391,0.3595938946859243,0.2545374057063614,0.1685258862689093,0.08477135012801491,0.027382485949088826,0.008011742539169382,0.002994981022590962,0.0009458360360754273,0.0003372421357318722,0.00013498170604779277,4.777821356646438e-5,1.523367181559188e-5,5.885673411322628e-6,1.4059681067396778e-6,3.8197912934226627e-7,1.4236236100738989e-7,3.7200550512063484e-8,9.405192818264114e-9,1.8312964193387624e-9,6.682422596537526e-10],"1":[2.578098295016689,0.6800276576793288,0.15330282573332293,0.011324147713937355,0.0027562669700362937,0.0005537403334351635,0.00022530472577161965,2.8325575048579383e-5,3.7408545288751907e-6,1.3491943343986234e-6,3.2277067149969e-7,1.058432715619682e-7,3.105113293835754e-8,7.265164385572885e-9,1.3091897699832973e-9,3.7626602610193916e-10]}