{"kgrid":[1,1,1],"a":11.021428571428572,"temperature":0.0,"Ecut":50.0,"lattice":[[0.0,5.510714285714286,5.510714285714286],[5.510714285714286,0.0,5.510714285714286],[5.510714285714286,5.510714285714286,0.0]],"n_electr":8,"n_bands":4,"α":[0.8,0.8,0.8,0.8,0.8,0.8,0.8,0.8,0.8,0.8,0.8,0.8,0.8],"energies":[-7.373896996159106,-7.3796741960043235,-7.380186755801476,-7.380137904127688,-7.380209113617262,-7.380210885595291,-7.380211358558208,-7.380211469597841,-7.380211471347099,-7.3802114715689875,-7.380211471617514,-7.380211471626501,-7.380211471627076],"residuals":[[2.6628830343419134e-8,6.184100825946393e-8,3.5107254981296186e-8,3.0605162937877754e-8,1.6466572557534007e-8,1.4159565167833667e-8,1.4610540692427193e-8]],"smearing":"DFTK.Smearing.None()","ndiag":[1,1,1,1,1,1,1,1,1,1,1,1,1],"fft_size":[54,54,54],"eigenvalues":[[-0.18504281936465858,0.2080076804139802,0.20800768201937062,0.20800768393225605,0.24583117879122424,0.2923043216517875,0.2923043226064357]],"n_kirred":1}