{"kgrid":[1,1,1],"a":11.021428571428572,"temperature":0.0,"Ecut":50.0,"lattice":[[0.0,5.510714285714286,5.510714285714286],[5.510714285714286,0.0,5.510714285714286],[5.510714285714286,5.510714285714286,0.0]],"n_electr":8,"n_bands":4,"α":[0.8,0.8,0.8,0.8,0.8,0.8,0.8,0.8,0.8,0.8,0.8,0.8,0.8],"energies":[-7.373373135149482,-7.3795363444902335,-7.380157060133936,-7.380088172395096,-7.380207048961228,-7.3802092585045305,-7.380211399186377,-7.380211469916429,-7.380211471493817,-7.380211471571137,-7.380211471624786,-7.3802114716268346,-7.380211471627176],"residuals":[[1.8632301306319706e-8,3.6399094383406443e-8,4.200137672358728e-9,1.778913895569193e-8,5.604893314687455e-9,4.906974616365413e-9,5.854256857052911e-9]],"smearing":"DFTK.Smearing.None()","ndiag":[1,1,1,1,1,1,1,1,1,1,1,1,1],"fft_size":[54,54,54],"eigenvalues":[[-0.18504281588248828,0.20800768432183303,0.20800768802237957,0.20800768967183192,0.2458311808519896,0.29230432156936104,0.29230432403329365]],"n_kirred":1}