{"kgrid":[1,1,1],"a":11.021428571428572,"temperature":0.0,"Ecut":50.0,"lattice":[[0.0,5.510714285714286,5.510714285714286],[5.510714285714286,0.0,5.510714285714286],[5.510714285714286,5.510714285714286,0.0]],"n_electr":8,"n_bands":4,"α":[0.8,0.8,0.8,0.8,0.8,0.8,0.8,0.8,0.8,0.8,0.8,0.8,0.8],"energies":[-7.373603264916094,-7.379593448178957,-7.380131411513229,-7.380092020313365,-7.38019797443701,-7.380208834306133,-7.380211101384553,-7.38021146834731,-7.380211471307597,-7.3802114715078755,-7.380211471624151,-7.380211471626865,-7.380211471627219],"residuals":[[2.4590288496167667e-8,1.6497901384790678e-8,2.7854349510832195e-8,7.56946381065002e-9,1.1077477918810326e-8,5.2361171349452804e-9,5.2520998900310005e-9]],"smearing":"DFTK.Smearing.None()","ndiag":[1,1,1,1,1,1,1,1,1,1,1,1,1],"fft_size":[54,54,54],"eigenvalues":[[-0.18504281807930065,0.20800768237173275,0.20800768394935956,0.2080076855015463,0.24583117937748233,0.29230432206495255,0.29230432318475785]],"n_kirred":1}