{"4":[2.3352666071019765,2.0565103703895296,0.7836862161534315,0.6428107836006515,0.6921578416259277,0.2686466743044725,0.09593087393294517,0.041691934890889924,0.015913505462609237,0.018736223321335416,0.022401746540134788,0.019380105093912112,0.007189428350055703,0.0019357530541729998,0.0004600026611873141,0.00015136333881672146,4.208336631790332e-5,1.1398898718550192e-5,4.854920543671229e-6,1.5190446652578363e-6,4.904680619966058e-7,2.2265104091431385e-7,6.931378374468168e-8,1.6417773604083618e-8,3.950120830001596e-9,7.765084172985273e-10],"2":[3.345717431533621,2.0163241475575098,1.9753781435361046,1.7108115465562694,1.0670042482341013,0.5549900805018881,0.567635701121473,0.6367802711727026,0.4410812815012875,0.30903054907738525,0.08818561671222941,0.03925225821565519,0.014109960303031828,0.004045368292947232,0.0016932205151570685,0.0004468835937437309,0.00021625216739777625,6.754256314416656e-5,2.2181233629210704e-5,5.572779670085749e-6,1.6636078948963285e-6,5.64445973949607e-7,1.831730814678623e-7,3.092256748210569e-8,9.498201163102351e-9,3.306849272756908e-9,9.510327220377033e-10],"3":[3.046702066707129,1.9665652245216034,1.446308338279709,1.2889064414627196,0.9639716559403884,0.48333661197975447,0.38762264491080106,0.41758847424402734,0.37396486848640015,0.27281395557514565,0.07681464175686965,0.03444717868509713,0.012645718788760783,0.003682681095784014,0.0013066286009577772,0.00036656871212762884,0.00016394000444125228,5.876436653609605e-5,1.9823722869055866e-5,5.030012255574442e-6,1.4778992598785807e-6,4.946626723085292e-7,1.5771111654831235e-7,2.7184109931186708e-8,8.330306033109514e-9,2.6418451616500093e-9,8.249697929930494e-10],"1":[2.704180796252693,1.035047022647316,0.20581238052462916,0.026202346730268455,0.009902361731978252,0.0018857299523842488,0.0005668227702610122,0.00012702894781017215,2.6756177730034458e-5,3.269343068937341e-6,3.6270489209175844e-7,1.084891375295858e-7,2.5204810209842555e-8,7.788801456520605e-9,1.8727636603997642e-9,5.74779209415238e-10]}