{"4":[3.495278840061262,2.039145690643179,2.2734429926935027,1.9188613334861888,1.0729191955331663,0.5555087624353233,0.6780094943035756,0.7699117072098998,0.4262180409351765,0.2832031409465068,0.08907613087255523,0.040459673117833245,0.014501266555301217,0.004124376908442788,0.0018482278089399632,0.0004847822740937986,0.0002364394855318749,6.994219289899462e-5,2.234333846102115e-5,5.469326172860329e-6,1.5804626367989875e-6,5.4936903038853e-7,1.8518870147746896e-7,3.1885398444703526e-8,9.431311365622223e-9,3.5612718735219708e-9,9.454264672489376e-10],"2":[2.59397510253154,1.9482839387484088,0.8976469862048012,0.7865802451516601,0.7341896690520197,0.3210059683602143,0.1813153252762404,0.14622941214816404,0.1712778401560572,0.17357134751177022,0.05733463072869349,0.026864720667708127,0.00947199864157066,0.0028727800217727196,0.0007176335370295334,0.0002403298763924474,8.185001519335745e-5,3.505911661552032e-5,1.4017856468178562e-5,3.453955356498898e-6,1.0122276446780996e-6,3.4719542330579483e-7,1.0294729453709859e-7,2.0880420366944295e-8,5.602587804497794e-9,1.5108023924945692e-9,4.962953205065989e-10],"3":[2.69807858146636,1.9377669177224655,0.9894423086606152,0.8752244286194335,0.7778075048640242,0.35276778033639605,0.21878899203694224,0.197424263410783,0.2249418363154544,0.1992196167345785,0.06138289146285851,0.028266249224182166,0.010168983750579185,0.0030699988995857228,0.0008325862070046415,0.00026892028471527725,9.86545851567296e-5,4.1654270344985837e-5,1.544197372456943e-5,3.828568917560301e-6,1.111921699592444e-6,3.7654929439664097e-7,1.1503198513624973e-7,2.2214074253760996e-8,6.210044466678976e-9,1.7641851901071542e-9,5.666346347800642e-10],"1":[2.7041806939607107,1.0350469851651727,0.20581238750779893,0.026202352235272355,0.009902364189589919,0.0018857306137526552,0.0005668228732848368,0.0001270289785564737,2.6756310486600147e-5,3.2707246869120248e-6,3.672452252154514e-7,1.1171541405382121e-7,6.539509838375792e-8,1.0951955682670801e-8,1.8883195749711014e-9,5.753527989525916e-10]}