{"4":[3.4586429639144574,1.6290423069580164,1.5277459251724037,1.1214392010240626,0.6608995208537755,0.2870297235101591,0.15514043796130206,0.07641890091957997,0.0286442714550109,0.008087561887503597,0.003096647027181842,0.000962247997261513,0.00033757896998260433,0.0001499692280547266,4.566936745341236e-5,1.6032062429566323e-5,5.373641896663765e-6,1.3369448937722844e-6,3.596183561506044e-7,1.321862268956764e-7,3.596433168455077e-8,1.0222364693146462e-8,1.906265811398264e-9,7.782608770232161e-10],"2":[2.561231717640788,1.8182108545343705,0.7879443070876189,0.5314034487678578,0.4793572470853293,0.2501184073213234,0.12664496243683168,0.05649180597066569,0.01581607362122329,0.005462456490923444,0.0020937890664075023,0.000631039112437142,0.00017526599398985526,4.990180338551384e-5,2.081239429164872e-5,7.051923618526432e-6,3.0580593249986885e-6,9.52661806918026e-7,2.1137674635557165e-7,8.354998354644807e-8,2.477628221385908e-8,5.159520079303031e-9,1.309675508666072e-9,3.606819565302001e-10],"3":[2.6206638691734003,1.6715431708603101,0.7343421599499994,0.29968255715157005,0.08893796720585535,0.035890461527142994,0.024065011387276212,0.0272653532047494,0.014684745028382585,0.005569866237178744,0.0022109109982870927,0.0006636369372471079,0.00019496789028948506,5.838005747041684e-5,2.511788210897032e-5,8.166671728929861e-6,3.5390629419975662e-6,1.033020739426622e-6,2.3778004254244937e-7,9.313203393739734e-8,2.6723836741139852e-8,5.772479424716312e-9,1.4390281995360265e-9,4.145795978598303e-10],"1":[2.644931190871721,0.932381863943862,0.1859452344937568,0.0213065523198803,0.0077619704386842694,0.001622980918987953,0.0004789862838926251,9.627847871197105e-5,2.3358538539178844e-5,2.939863593754832e-6,4.5142509769826714e-7,1.720827089062479e-7,8.300808243551844e-8,1.1688860710083469e-8,1.943486793861853e-9,6.906489539276216e-10]}