{"4":[2.49877007289221,1.970362012150794,0.82771102874148,0.716830871900061,0.7019094742854128,0.29709580655592044,0.1516731208747847,0.10527262888932136,0.11831485554619756,0.14326511288771862,0.05364937843337413,0.025770353525503522,0.008866201021061318,0.0026647025937195333,0.0006241095254714066,0.00021308854264337352,6.738045344339731e-5,2.806444090918471e-5,1.243049827825882e-5,3.089243541135837e-6,9.206272345535189e-7,3.222063441142804e-7,9.240916981440976e-8,1.964276783554384e-8,5.05797157764098e-9,1.268270406266664e-9,4.016472827500461e-10],"2":[3.5711616645754423,2.04997382247423,2.4342309642295588,2.0230082853914935,1.0623510253380408,0.5426145680068611,0.7479366425820694,0.8597552634802126,0.3847375008203683,0.22041302495912402,0.08042635629958647,0.03908638024042123,0.014423357290075135,0.004113867601267634,0.0019091977846010734,0.0005030498406361564,0.0002444704689255838,7.058152667225006e-5,2.2054487417064337e-5,5.233902707534559e-6,1.4134202537576208e-6,4.942633669723064e-7,1.7471972373593655e-7,3.1147130303231246e-8,8.596660416414157e-9,3.51540638937131e-9,8.933982730242394e-10],"3":[2.487637540486462,1.9739401275105661,0.8203196526251134,0.709234272159952,0.6986207100254884,0.29462124867235584,0.1484221832278708,0.10079362594043968,0.11183746132032554,0.13889639530296252,0.053180390673924605,0.025649300728922537,0.0087940899085119,0.0026367580773261254,0.0006136911383941811,0.00020972260069395041,6.571447925503976e-5,2.716070539886126e-5,1.2204721625929792e-5,3.042421401331681e-6,9.091589853626185e-7,3.1924298046627263e-7,9.118711609968774e-8,1.949099970588749e-8,4.993655646405256e-9,1.2391486543277674e-9,3.89593456436626e-10],"1":[2.7041808266967156,1.0350471531366303,0.20581239631246095,0.02620234665545358,0.009902360865672052,0.001885730031130293,0.0005668227921186284,0.0001270289821857107,2.675621573800556e-5,3.269775499643599e-6,3.640891558666896e-7,1.0258508798807263e-7,5.7547677590326556e-8,1.0900077095343383e-8,1.8876194568298396e-9,5.750682809216077e-10]}