{"4":[2.2770592557322087,1.909823398586489,0.6493080361762233,0.39557761995798646,0.4214096769632706,0.2216879071525492,0.09102002178310929,0.0398316562623101,0.011127045358270526,0.004680007982205618,0.0017598890429175924,0.000536030023202631,0.00010741373808842897,3.1069606703421765e-5,9.163258454191497e-6,2.62390891137241e-6,8.948821661036957e-7,4.397749951951028e-7,1.1131072396851068e-7,4.6914320997731314e-8,1.7303655004152192e-8,3.7115027976288735e-9,9.262484889342217e-10],"2":[3.2769507813284706,1.5327729407692257,1.168154446372034,0.7073514007600356,0.5117063144843597,0.288293351307621,0.17267087886674434,0.08376426343794546,0.02758335636589042,0.007849389842428712,0.0029935299910419377,0.0009256481579767005,0.00031638151299164603,0.00013249073834158636,4.3887389391353514e-5,1.4844411095007655e-5,5.415141294258452e-6,1.3594461056873362e-6,3.755012074896553e-7,1.3814961265956306e-7,3.624447937439808e-8,9.756166389323684e-9,1.936875049805584e-9,7.387322837496898e-10],"3":[2.9680025246108026,1.5693059742138475,0.9235115757163842,0.3888102521543512,0.2108431006765143,0.17042380185405548,0.13588707024764876,0.0735922338479286,0.02266665891998463,0.006973497456311172,0.002673818793755343,0.0008167142988861933,0.00026419437157679227,9.614428912561854e-5,3.763225522561512e-5,1.1843350598661556e-5,4.9276972222337435e-6,1.2622353006229386e-6,3.297854697737046e-7,1.2339630878148698e-7,3.286948001807269e-8,8.058133309142584e-9,1.778034936671326e-9,5.95470437963074e-10],"1":[2.6047892720836927,0.7647501045588816,0.16358047508801796,0.01474754316939174,0.004597441244834638,0.0011036746513226833,0.00035590065035214625,5.088494430441355e-5,1.5245437190658434e-5,2.4052651036587805e-6,4.972771967954908e-7,1.730562394651149e-7,2.3281596143558353e-8,6.533865784480934e-9,1.7114323533439267e-9,5.220652597277175e-10]}