{"4":[2.417840508312196,1.7413549793537744,0.6395261739019665,0.2792534371123448,0.09534307468841222,0.04454073051992211,0.04066155549966946,0.03858229709805383,0.013769281331544824,0.005168847916627363,0.001993214439443645,0.0006004399067310297,0.0001565037577391557,4.32788303539208e-5,1.6799132357850177e-5,5.8557761670841345e-6,2.5697458490079065e-6,8.637497362664438e-7,1.9183102811780874e-7,7.721337103864493e-8,2.314129135028236e-8,4.702827066361826e-9,1.2071420926530247e-9,3.152828613639501e-10],"2":[3.4638456602939995,1.3333006874588647,0.941675975416661,0.4901382662284441,0.41319966853811996,0.2321120739660882,0.12192184321116731,0.0578087577193339,0.026406901716020167,0.007880689141081884,0.0031392426549781325,0.0009720296987762616,0.00034333856539558105,0.00015913259563798187,4.558424347051764e-5,1.6627236148480696e-5,5.222558251340308e-6,1.2704951323689132e-6,3.281124134241574e-7,1.168508032963217e-7,3.345616262065664e-8,1.0124067155251417e-8,1.786543917148058e-9,7.429858307455572e-10],"3":[2.4901377327253593,1.9488156997928034,0.8041317218620302,0.6602070166896001,0.6376095554102323,0.268539256914927,0.11992745524535439,0.05172460840163195,0.014223114442568244,0.00518124488442047,0.001977977474836743,0.0006022128823908905,0.0001541415268092487,4.240031712924829e-5,1.628553616259987e-5,5.697733476879039e-6,2.508154990705923e-6,8.525307466819615e-7,1.8589430613469013e-7,7.39426099325751e-8,2.265958821007262e-8,4.588075571457109e-9,1.174465286519998e-9,3.0546183823851757e-10],"1":[2.60645153590374,0.7783454754727145,0.16509156339816103,0.015260362872084852,0.004864069728853979,0.0011598972625421165,0.00036735284403718345,5.4372594218172796e-5,1.625578674348599e-5,2.4571146298554243e-6,4.998467057656648e-7,1.8879305610209543e-7,7.528585635614105e-8,1.0186711736559014e-8,1.7749106769883133e-9,5.398574976371059e-10]}