{"kgrid":[1,1,1],"a":10.835714285714285,"temperature":0.0,"Ecut":50.0,"lattice":[[0.0,5.417857142857143,5.417857142857143],[5.417857142857143,0.0,5.417857142857143],[5.417857142857143,5.417857142857143,0.0]],"n_electr":8,"n_bands":4,"α":[0.8,0.8,0.8,0.8,0.8,0.8,0.8,0.8,0.8,0.8,0.8,0.8,0.8],"energies":[-7.365525167764369,-7.372560788305081,-7.373191546028827,-7.373195524711983,-7.373195280966419,-7.3731996844544865,-7.373199929959529,-7.373199959702527,-7.373199961410302,-7.373199961429425,-7.373199961447854,-7.373199961449145,-7.373199961449254],"residuals":[[1.0299874258258785e-8,1.714402612405447e-8,2.037509314275396e-8,5.315671295667857e-9,5.4671398163391706e-9,1.4056282930354373e-9,1.0785146367632903e-9]],"smearing":"DFTK.Smearing.None()","ndiag":[1,1,1,1,1,1,1,1,1,1,1,1,1],"fft_size":[54,54,54],"eigenvalues":[[-0.17717450487283887,0.22707396091919319,0.22707396189715548,0.22707396317598388,0.28367351001837826,0.31225229887332845,0.3122522992027284]],"n_kirred":1}