{"kgrid":[1,1,1],"a":10.835714285714285,"temperature":0.0,"Ecut":50.0,"lattice":[[0.0,5.417857142857143,5.417857142857143],[5.417857142857143,0.0,5.417857142857143],[5.417857142857143,5.417857142857143,0.0]],"n_electr":8,"n_bands":4,"α":[0.8,0.8,0.8,0.8,0.8,0.8,0.8,0.8,0.8,0.8,0.8,0.8,0.8],"energies":[-7.365615040947035,-7.372454068862432,-7.37313119891218,-7.373037102263343,-7.373179094569149,-7.373198887818173,-7.373199898874081,-7.373199955862628,-7.373199961219731,-7.373199961395177,-7.373199961446872,-7.373199961449112,-7.373199961449239],"residuals":[[1.6290672826739128e-8,2.4586314937415485e-8,2.3824723982202023e-8,1.7377072122189463e-8,7.513408049952288e-9,6.580634608342806e-9,5.639533499683644e-9]],"smearing":"DFTK.Smearing.None()","ndiag":[1,1,1,1,1,1,1,1,1,1,1,1,1],"fft_size":[54,54,54],"eigenvalues":[[-0.1771745017298303,0.2270739626838032,0.22707396386132592,0.22707396427847407,0.2836735162079944,0.31225230330466885,0.3122523034847484]],"n_kirred":1}