{"kgrid":[1,1,1],"a":10.835714285714285,"temperature":0.0,"Ecut":50.0,"lattice":[[0.0,5.417857142857143,5.417857142857143],[5.417857142857143,0.0,5.417857142857143],[5.417857142857143,5.417857142857143,0.0]],"n_electr":8,"n_bands":4,"α":[0.8,0.8,0.8,0.8,0.8,0.8,0.8,0.8,0.8,0.8,0.8,0.8,0.8],"energies":[-7.365466289596411,-7.372476570516497,-7.373124708862621,-7.372965859521358,-7.373194589924079,-7.3731996606983685,-7.373199931634998,-7.37319995802963,-7.373199961318646,-7.373199961418688,-7.373199961446133,-7.373199961449136,-7.373199961449245],"residuals":[[8.350182083367064e-9,9.360136043794362e-9,9.204064473919164e-9,2.2799719090610615e-9,8.388826436151028e-9,3.3310810929448723e-9,3.4288757864974393e-9]],"smearing":"DFTK.Smearing.None()","ndiag":[1,1,1,1,1,1,1,1,1,1,1,1,1],"fft_size":[54,54,54],"eigenvalues":[[-0.17717450684715952,0.2270739584821873,0.22707395898818514,0.22707396011282197,0.2836735071951251,0.31225229712193,0.31225229765962975]],"n_kirred":1}