{"4":[3.0398282397145033,1.914741656394094,1.4597725733114861,1.143259378846568,0.815627566957182,0.3883376685780775,0.22396719377005822,0.15766132210167044,0.1178645551617761,0.13120959217144218,0.05218867275541448,0.024491869523414797,0.008941337234636797,0.0026955869815876296,0.0010551067346642783,0.0003150143968593288,0.00013211149574861718,4.926272562001923e-5,1.570621716745209e-5,3.6968461350331657e-6,1.034878509507617e-6,3.5151593189442685e-7,1.0919549111696734e-7,1.8237715497068407e-8,5.161321870459911e-9,1.6555518864631323e-9,5.104614853272956e-10],"2":[2.6888643416569047,1.9177920524442758,1.0254070435179334,0.8241305373862032,0.719545099984991,0.32061095931808936,0.1611973838856315,0.09159042623892753,0.0625924957274293,0.08036157375637305,0.03924115840009071,0.019499157449654803,0.007121997039967985,0.002238695833171559,0.0006566189193949885,0.00023400562686459213,8.327269057558123e-5,3.702216465244555e-5,1.2798731766569274e-5,2.841520198127594e-6,7.605827817093964e-7,2.593612486242206e-7,7.965504615477674e-8,1.460022597868068e-8,4.0203050669054056e-9,1.14810238403029e-9,3.5190543823479335e-10],"3":[3.1827592634142414,1.9198172417866397,1.6750308461412269,1.296282000283471,0.8445200124983274,0.4025171204875557,0.24719067250389712,0.18931139565664748,0.13990509134238635,0.1476345266039693,0.056826087082979614,0.026400796933587063,0.009506755771662894,0.0028358764822032523,0.0012219945778087946,0.0003430639895854882,0.00015046437852927826,5.190311022896626e-5,1.652756409741246e-5,3.928694738128828e-6,1.1242053669783766e-6,3.82760526866702e-7,1.1901085606239965e-7,1.966519543126811e-8,5.48801568600176e-9,1.8485597961467522e-9,5.596799040897729e-10],"1":[2.661950515062022,1.0082291400512333,0.198271352280279,0.024873205881327895,0.009184186398905645,0.0017014062108619344,0.0005238299823987327,0.00010836975719845103,2.2204597457305485e-5,2.6401678105584404e-6,3.4118695278293236e-7,1.1707668859488137e-7,3.047755866831553e-8,8.215320985687358e-9,1.9231558833056003e-9,4.885797747615669e-10]}