{"4":[2.987524335676148,1.6309518218763384,1.0993132288896292,0.6255048560311676,0.4675236358869312,0.2944459412162201,0.16996455469560945,0.08121019340826817,0.02472739210989802,0.007786376458675817,0.002834677871286828,0.0009105733708764665,0.00032565771916152653,0.00011961419312067887,4.848963560962256e-5,1.4283668386391239e-5,5.965415883647133e-6,1.4044635511498868e-6,3.514269025753236e-7,1.3192194059064894e-7,3.5331526784302484e-8,8.061249695713345e-9,1.6104837861053563e-9,5.274710608582338e-10],"2":[2.665339345418207,1.8036838513158506,0.9237535115538543,0.6196447085683378,0.5391029240242297,0.2808629608931779,0.14197191598509695,0.0641144948422574,0.01838059063215217,0.00629847626451138,0.002333573979257081,0.0007322223464836792,0.00023029566304837214,7.472386848066794e-5,3.348846991236285e-5,1.078470581263945e-5,4.440716037965537e-6,1.1741996121842544e-6,2.501441891974027e-7,9.508689796147235e-8,2.836227703387996e-8,5.763668812875554e-9,1.3138686552872737e-9,3.801919218176865e-10],"3":[3.120228146643501,1.5563852910649887,1.1472068878458654,0.6506343769904577,0.4753100671450079,0.2976719730583123,0.1762331714314588,0.08622418087584262,0.027436726671273656,0.008309685178389353,0.0030133277483624155,0.0009752703029224807,0.0003630053331538554,0.00013931459277371746,5.1892029795215046e-5,1.559941079321211e-5,6.269728770409161e-6,1.4599391038403474e-6,3.8194255149643466e-7,1.429453047376035e-7,3.7440517400038996e-8,8.940079839517397e-9,1.7009764788478885e-9,5.836767134085811e-10],"1":[2.590275476958233,0.870050427045196,0.17325002728609737,0.018604028398132855,0.006540723057633196,0.0013947094614552426,0.0004135621799474666,7.325499552382572e-5,1.8121217257048196e-5,2.270329629952719e-6,4.605061514368886e-7,1.463242531894932e-7,2.4555727801969822e-8,7.658245007026329e-9,1.7475551445732371e-9,5.706218445399233e-10]}