{"4":[2.5122596336972767,1.9530196088730214,0.8781925727419676,0.7096295446639284,0.6899119025989968,0.2929871041516198,0.1353069131344798,0.0676437629477007,0.037851982779948834,0.05140012561429871,0.03202502298311131,0.017384821805868825,0.006240330155523225,0.0019740781151158754,0.0005033277367539363,0.00018679625315223345,6.047719705782504e-5,2.7677260561746776e-5,1.1113361158075262e-5,2.3868824650517183e-6,6.376376629486349e-7,2.2101243738175933e-7,6.566625197446568e-8,1.2973292099892187e-8,3.4359638699225443e-9,8.927774677165337e-10],"2":[3.495655498155849,1.924567833607521,2.1959935546565656,1.641530730368111,0.8346475132873699,0.36012052034538816,0.26495017490268064,0.28543521435874886,0.18791978297087983,0.14296272774899774,0.05880054076579795,0.028514085312073653,0.010187716419617654,0.0029803142133644645,0.0015426935442373196,0.00039531333429298213,0.0001775045255482273,5.262529208596258e-5,1.644955354635264e-5,3.828187036342434e-6,1.0496885064e-6,3.7628234883998174e-7,1.2707552797849698e-7,2.2001107992687665e-8,5.535527018293084e-9,2.197112223942182e-9,5.87991483967852e-10],"3":[2.5646975077817635,1.9384903252305952,0.9174332410253732,0.7409835186379273,0.696794329329809,0.29999968519351183,0.14249090678112775,0.07417057054168245,0.04488824069573645,0.06045419266050293,0.03436563214262438,0.017998476406762765,0.006492490115244312,0.002057950701205198,0.0005450487090820659,0.00020143658969331286,6.722391495550279e-5,3.0765492473121915e-5,1.1660832052070684e-5,2.52260416248252e-6,6.730494403374113e-7,2.3160437146655386e-7,6.968025896938585e-8,1.3450762686622168e-8,3.6077780969420145e-9,9.691428809947228e-10],"1":[2.661950475842056,1.0082291582974818,0.19827135707341015,0.02487320638540648,0.009184186461720822,0.0017014062777821934,0.0005238300072632783,0.00010836976320878585,2.2204599192233732e-5,2.6401846119364656e-6,3.412216988778223e-7,1.1665631803431891e-7,3.31792927148381e-8,8.290453013473616e-9,1.9236001046222243e-9,4.885901966970185e-10]}