{"4":[2.9986073893372023,1.5994495894850003,1.0751419954667067,0.5803062610678198,0.4248848023748365,0.2822470990057582,0.16868788291259987,0.08174576690061411,0.02508702801991164,0.00786135885497495,0.0028614985757447133,0.0009193004473135747,0.000330740784046247,0.00012223709745583683,4.9030206093409506e-5,1.4466410557330256e-5,6.017595543554932e-6,1.413060262728708e-6,3.5639106779322013e-7,1.3373166486105504e-7,3.5662950343234384e-8,8.190013054552874e-9,1.6276599071878014e-9,5.365641439157559e-10],"2":[2.27471790591426,1.8051804857934324,0.6126380684634019,0.2679144743372181,0.11275026953571464,0.06461510261214429,0.057893342682349795,0.04088360747054601,0.01243204322023668,0.005088851946238858,0.0019117278090246058,0.0006065748538131387,0.00014338044515141136,4.280147776220471e-5,1.4192907618890501e-5,5.255515630929061e-6,2.443554228725799e-6,8.225297974449512e-7,1.7338033957485216e-7,6.649400601627463e-8,2.1350532562017673e-8,4.053236187120234e-9,1.0011267498906513e-9,2.464254974855115e-10],"3":[3.181121786901594,1.4861202270796277,1.106264125489763,0.5943212012065622,0.4296541988153092,0.28081018153892995,0.17316863159868195,0.08712012630867348,0.028716843048361352,0.008542870794206282,0.0030993282033588703,0.001003827295651079,0.00038113974536957163,0.0001493977850972563,5.295578674626573e-5,1.621264181133803e-5,6.3221039489951565e-6,1.4723866677789566e-6,3.9147247176452936e-7,1.465450083602911e-7,3.8235650336028896e-8,9.361021584520793e-9,1.742832772676439e-9,6.117772815850862e-10],"1":[2.561218111908394,0.7147812971540003,0.15421594899907684,0.012709284898782954,0.0036972048272728843,0.0008984200006725853,0.0002966984627455923,3.6848130713041435e-5,1.0287464434387709e-5,1.8408232378819937e-6,4.6924690910156164e-7,1.3423586830119338e-7,1.688449427902364e-8,4.887699640980957e-9,1.4425627211834665e-9,4.5661692438851337e-10]}