{"4":[3.058793077012352,1.9154506279992598,1.4874684197945196,1.1631961058338336,0.8203173958663544,0.39101998817080175,0.22728728464829281,0.16173641386382923,0.12083917939087455,0.13361934314586116,0.05284171544067418,0.0247594229312541,0.009024414336081433,0.0027163818901744467,0.0010777031014545858,0.00031890117217874247,0.000134682124528029,4.9693046085369726e-5,1.5835099587358694e-5,3.733539153620159e-6,1.048405915661102e-6,3.5614570390363074e-7,1.1061997978319575e-7,1.843413328728053e-8,5.211797380229736e-9,1.6818651981258091e-9,5.177285596030904e-10],"2":[2.360283167389988,2.0280834868944755,0.7886752754599015,0.6287543472654425,0.6817754122471843,0.2793529976923065,0.11423867109864147,0.049793259169764896,0.018568700630275912,0.020540066987484475,0.020128166031535655,0.014691031110018555,0.005409478009774971,0.0016380572948337816,0.0003926384805252595,0.000137513993247084,3.924276488816576e-5,1.538212464689711e-5,8.358576807725464e-6,1.910014161901848e-6,5.19643055898373e-7,1.9016859632432175e-7,5.3733264792336066e-8,1.1426185583138398e-8,2.901060357891154e-9,6.522019274422048e-10],"3":[3.256754688208353,1.9218517345660682,1.7918980153949884,1.3771000569817533,0.8523893350529251,0.4032777192283549,0.2569354403643455,0.20688559077447768,0.15102170110322463,0.1539872197713113,0.058871676508379635,0.02726612308548908,0.0097450129985647,0.002892415704615165,0.0013043274305114471,0.00035652277789663004,0.00015879465982323178,5.2726236194333124e-5,1.678882965376689e-5,4.0005567481657835e-6,1.1542948281970376e-6,3.9454328252854144e-7,1.2313978276535335e-7,2.0347532567247275e-8,5.6019831364833765e-9,1.9433672532448277e-9,5.785237275732744e-10],"1":[2.661950505489845,1.0082291710478026,0.1982713584462947,0.02487320646980363,0.00918418641795452,0.001701406332707345,0.0005238300126585349,0.00010836976960141862,2.2204619996032425e-5,2.6403957002725013e-6,3.416689688724554e-7,1.1289623792796908e-7,5.030999561331001e-8,8.493696699987462e-9,1.9247425210326826e-9,4.886107105062124e-10]}