{"4":[2.4369928292121488,1.7373612162793257,0.6990680495014528,0.3219593281457577,0.17376499884085764,0.13003736752108402,0.09880307860001997,0.05311541131003464,0.015527919780329918,0.005656792678415163,0.0021011354092010104,0.0006588278453034705,0.0001861652687569166,5.697483836521589e-5,2.378344494038508e-5,8.67038025345148e-6,3.536645037665008e-6,1.0236171431562304e-6,2.0840346956654717e-7,8.059330420129328e-8,2.5096721584387982e-8,4.851053108482428e-9,1.171256599390077e-9,3.154681371295228e-10],"2":[3.472551773685372,1.6353953560933752,1.6930017486610094,1.2357303497207819,0.6816967587522044,0.28935928465285293,0.14736944999799825,0.07282265284031669,0.030154160861670616,0.00892024013077145,0.003274012383755121,0.0010780501554755499,0.00043486001977145603,0.00018090759079500825,5.395172873350522e-5,1.755424475004963e-5,6.06950122295265e-6,1.4056251306179375e-6,3.536028427842333e-7,1.3261772253351948e-7,3.763693912794364e-8,1.0257993690246215e-8,1.7531795165196962e-9,6.458638797615768e-10],"3":[2.4839886306535326,1.7000786089587774,0.710523118810857,0.2966184657533945,0.09562138396751609,0.046171751105314116,0.0416930958035195,0.04090550856530725,0.01554433663032705,0.005776390195052223,0.00216666111047691,0.0006771939616877615,0.00019924270928994525,6.195617884499079e-5,2.6779768094983625e-5,9.387260397403979e-6,3.811539646981552e-6,1.0728880100549943e-6,2.2114846956664357e-7,8.547101866444823e-8,2.618557593268688e-8,5.12808515076617e-9,1.2245313780740268e-9,3.3714737222314534e-10],"1":[2.601031706210861,0.9003849458674926,0.17790248028366992,0.019848836367481037,0.0070864885185282275,0.001464486852020074,0.0004350882015649379,8.062810413824909e-5,1.908255495041676e-5,2.3477792552704826e-6,4.429666853944496e-7,1.455922669029864e-7,2.1451544254947675e-8,6.0022522380291165e-9,1.7616062436375835e-9,5.814841281399575e-10]}