{"kgrid":[1,1,1],"a":10.557142857142857,"temperature":0.0,"Ecut":50.0,"lattice":[[0.0,5.2785714285714285,5.2785714285714285],[5.2785714285714285,0.0,5.2785714285714285],[5.2785714285714285,5.2785714285714285,0.0]],"n_electr":8,"n_bands":4,"α":[0.8,0.8,0.8,0.8,0.8,0.8,0.8,0.8,0.8,0.8,0.8],"energies":[-7.348236471594322,-7.35679518221472,-7.357483919140402,-7.357486803667755,-7.3574884248728605,-7.357493809801769,-7.357493928219807,-7.357493936408149,-7.357493936637901,-7.357493936648678,-7.357493936649428],"residuals":[[3.359837746506995e-8,4.8756710447241553e-8,2.01621069817038e-8,1.852979092909306e-8,2.0256491435454507e-8,1.0876323229221856e-8,0.002146558719087392]],"smearing":"DFTK.Smearing.None()","ndiag":[1,1,1,1,1,1,1,1,1,1,1],"fft_size":[50,50,50],"eigenvalues":[[-0.16463421564774833,0.25787616558481397,0.2578761696025601,0.25787617478654357,0.3442638839151706,0.3442638861721948,0.3447643363096996]],"n_kirred":1}