{"kgrid":[1,1,1],"a":10.557142857142857,"temperature":0.0,"Ecut":50.0,"lattice":[[0.0,5.2785714285714285,5.2785714285714285],[5.2785714285714285,0.0,5.2785714285714285],[5.2785714285714285,5.2785714285714285,0.0]],"n_electr":8,"n_bands":4,"α":[0.8,0.8,0.8,0.8,0.8,0.8,0.8,0.8,0.8,0.8,0.8],"energies":[-7.348325584337097,-7.356766671210977,-7.357457994012005,-7.357402573746748,-7.357481617366934,-7.357493615134437,-7.35749393062709,-7.357493935329391,-7.357493936632421,-7.357493936648295,-7.35749393664921],"residuals":[[3.644488276664055e-8,6.357951272347756e-8,6.245112289303119e-8,2.3824124716589812e-8,4.1642142231164426e-8,4.577103926519574e-8,0.011139931605310422]],"smearing":"DFTK.Smearing.None()","ndiag":[1,1,1,1,1,1,1,1,1,1,1],"fft_size":[50,50,50],"eigenvalues":[[-0.1646342163703906,0.2578761588644084,0.2578761654271061,0.2578761696326803,0.3442638896287331,0.34426389248378747,0.3445104309151991]],"n_kirred":1}