{"kgrid":[1,1,1],"a":10.557142857142857,"temperature":0.0,"Ecut":50.0,"lattice":[[0.0,5.2785714285714285,5.2785714285714285],[5.2785714285714285,0.0,5.2785714285714285],[5.2785714285714285,5.2785714285714285,0.0]],"n_electr":8,"n_bands":4,"α":[0.8,0.8,0.8,0.8,0.8,0.8,0.8,0.8,0.8,0.8,0.8,0.8],"energies":[-7.3480966419351175,-7.356565735701354,-7.357473252853067,-7.35748189329336,-7.3574795746143185,-7.357492901458052,-7.357493888370022,-7.357493932267227,-7.357493936588355,-7.357493936639354,-7.357493936649181,-7.357493936649671],"residuals":[[2.613275419647526e-8,3.28241170705139e-8,2.980251617900031e-8,2.1172648215056157e-8,9.730279955954985e-8,2.5797038859563373e-7,0.00021867102745607288]],"smearing":"DFTK.Smearing.None()","ndiag":[1,1,1,1,1,1,1,1,1,1,1,1],"fft_size":[50,50,50],"eigenvalues":[[-0.16463420710349033,0.2578761751222785,0.25787617678883573,0.2578761785420928,0.34426389551439107,0.3442638963265365,0.3442647250052433]],"n_kirred":1}