{"4":[2.4103998411464627,1.7552084888033597,0.7749406028468685,0.38543901245067663,0.29879666435503804,0.220432650028727,0.1335526187730328,0.0641665065033939,0.019263914916718104,0.007377820697094267,0.0028346869442671227,0.0009279410128434393,0.00027999911231318313,9.293896754728748e-5,4.008344634315674e-5,1.4179445381774376e-5,5.480989931066273e-6,1.383359885220334e-6,2.468897623358062e-7,9.02495011213042e-8,4.4477890009539954e-8,1.7579786141791774e-8,1.1709868448717826e-8,2.6673452412439144e-9,6.19834610310907e-10],"2":[2.760921342719229,1.5488772723344433,0.9103487491190438,0.3374907587041736,0.09714797296815596,0.043198302644143795,0.02592274438608962,0.024581833446539834,0.01792849110859048,0.00825619643505713,0.0030453583060042425,0.001043785245701768,0.00040089452680201624,0.00013828508917286325,5.9966951938333256e-5,1.751139548920098e-5,7.257278127969279e-6,1.6246154732155057e-6,3.499017467390695e-7,1.2944257438822272e-7,4.194614571287909e-8,1.3902322479935481e-8,1.1476370255412628e-8,3.1966269879747285e-9,7.340601086898818e-10],"3":[3.2037285604588766,1.3705775893563241,1.0706898168641175,0.5515606208389199,0.39565882755478354,0.29446752839064105,0.18646666194805223,0.099775664459289,0.03611594550927009,0.011451808668363657,0.004084737860225888,0.0014731974597492657,0.0006288321938700935,0.00022596725244871743,6.886094168418304e-5,2.1249244137914145e-5,8.234504919961855e-6,1.7965300578060481e-6,4.5763074308238237e-7,1.7449013791657424e-7,5.0920970659008216e-8,1.6949619759645253e-8,1.1017814132507776e-8,4.4271956865328164e-9,9.229758778556568e-10],"1":[2.5260046864985206,0.7784841844053336,0.174365754304716,0.02660940895799563,0.014675160120495743,0.005061800456529943,0.0013602519822255832,0.00030868752557260804,6.875262995975046e-5,2.4880516510338225e-5,4.709377937579493e-6,1.7587157008186819e-6,2.3514997926227278e-7,3.075787148292106e-8,8.164200735688425e-9,2.253791732838441e-9,3.075033161348217e-10]}