{"4":[3.167265693451738,1.8399084736944546,1.6936759345745092,1.1721986942693587,0.7637487691153285,0.3815590053918894,0.19519226508305473,0.09533188979041204,0.03156140355833384,0.011132937368972392,0.005536900774550015,0.006092239480096927,0.004946306661339037,0.0019496966659999354,0.0009849792800254358,0.00029109262073174087,0.00011535783276632012,4.1749269636079885e-5,1.295518380304736e-5,2.9005288705233117e-6,7.658725277432689e-7,2.6339911151014216e-7,8.019565737342089e-8,1.333245991583504e-8,2.894823545869927e-9,9.332710476838882e-10],"2":[2.261812887394199,2.1095540559925245,0.8438124063901596,0.61146459476377,0.7314349278311117,0.29007485236707276,0.09768306338607914,0.040925692558077466,0.01208514841104637,0.005153287477218243,0.0018002225830752972,0.0006380922483320521,0.00015988876933966965,0.0001161814431648297,0.00011748158710046243,7.778549141170235e-5,2.212485203808154e-5,5.07734037643145e-6,2.648247856558131e-6,1.0170317320516414e-6,2.4138983337673357e-7,8.206840924519704e-8,2.8733808013436076e-8,5.801832647307484e-9,1.5384172122664105e-9,3.4090533589274493e-10],"3":[3.0803075653014793,1.8489137462698007,1.5760479267460428,1.0940130081056747,0.7568378138256638,0.37999447111441115,0.19182417209218583,0.09216208854370349,0.029604266580107494,0.010615593427768117,0.005149835800455377,0.005454263903761409,0.004613588627504147,0.001887698213929035,0.0009024551957325914,0.0002805743834895414,0.00010884838555201864,4.147306453082907e-5,1.2716866762596289e-5,2.819066381571757e-6,7.281132414726094e-7,2.492899764521956e-7,7.658943428938577e-8,1.2643371584012156e-8,2.8066652239829698e-9,8.840606960926564e-10],"1":[2.602352343798913,0.9672808407742428,0.18790476463043715,0.022882491236252873,0.008158171523065074,0.0014661713400015816,0.00044992364930791936,8.31341714154882e-5,1.6418606664220085e-5,1.951185335445917e-6,3.422679800781691e-7,1.1099760326708828e-7,5.062092807645015e-8,5.9460328307582425e-9,1.550031560836367e-9,3.3873082984766983e-10]}