{"4":[3.44251056471979,1.3021097445689922,1.1600077160454392,0.7968107030087713,0.5534368559718401,0.27807102357230995,0.12899784031730338,0.05114678627687865,0.026239465555217095,0.009603692616810142,0.0036171776141432172,0.0012897736185458356,0.000605683735320434,0.00022021378783753628,6.203110111802826e-5,1.9402143104545925e-5,6.921907230025541e-6,1.4853445170663157e-6,3.0705311722995136e-7,9.800561993616925e-8,3.40344142864117e-8,1.0340096383103737e-8,1.7344115159441804e-9,4.543553538679789e-10],"2":[2.320902027871416,1.8487412467654336,0.7405098818389643,0.40745880055340505,0.39990009844264085,0.24168041173670543,0.11912284903762378,0.05275159408595175,0.014871703047390265,0.0059011995859880265,0.0021112760610770675,0.0007086137286154066,0.00019377637472880508,6.600092823762373e-5,2.5204325563508364e-5,1.0702524644500478e-5,4.058725404408877e-6,1.0798534561470815e-6,1.8989445218563044e-7,6.108887286574717e-8,2.2788239514106596e-8,4.383574359517784e-9,9.095880607772e-10],"3":[2.209043307952089,1.871401291650442,0.660628419459575,0.29900292091441305,0.22412631646759176,0.16299258605231554,0.09409242467376432,0.04480589512431805,0.012666317946805897,0.005394124553394111,0.0019443297798099387,0.0006534370647803187,0.00015228580306426303,5.003445878866805e-5,1.52446063713914e-5,6.130575813508326e-6,3.035345134364642e-6,8.948373739935383e-7,1.6466971858963699e-7,5.0437813468691336e-8,1.966502707382467e-8,3.762271643408001e-9,8.148093765387396e-10],"1":[2.524003742361482,0.7973590670606909,0.16402508098883778,0.018884271093920373,0.0071127891608539304,0.0016957175360797847,0.0006081936208658606,0.00018636270163680535,6.693750019869706e-5,2.4487074119001072e-5,5.016332041077858e-6,1.2893087248056418e-6,1.6271188963540317e-7,3.332404936133579e-8,1.181466878398412e-8,2.3199996658864774e-9,3.1123976554079284e-10]}