{"4":[3.51921018886814,1.7940539941963665,2.2050704285796527,1.5185446238626117,0.7162455788372012,0.2908146711761543,0.1287117451711994,0.05281162089261304,0.028785346878826536,0.012517733236149542,0.007505446163199801,0.008248361738204594,0.005630609636882389,0.0019874641373400182,0.0012625343867387856,0.0003201563254622632,0.00012605978406514555,3.619969504744463e-5,1.1543692124491459e-5,2.5207608279648035e-6,5.566398221256046e-7,1.9988312615282605e-7,7.565568068333066e-8,1.547327482026513e-8,2.9535204125582574e-9,1.0874115130630488e-9,2.9148028667495284e-10],"2":[2.376906328260091,1.999334008102722,0.8552237849203301,0.6299309036352211,0.6914731348602142,0.29443180399100577,0.12358071573539366,0.05271975855443482,0.014841237910214723,0.005944607228325143,0.0022841718833629516,0.001195528205295318,0.0010426892315426085,0.0009326501167723888,0.0003202722272690607,0.0001319378678300369,4.150736828389063e-5,1.9748590438633557e-5,8.414115403288824e-6,1.5730791170317457e-6,3.4342896519691976e-7,1.0565269803888856e-7,3.7667489422648645e-8,7.076504889967948e-9,1.7511503248608207e-9,4.520037731803602e-10],"3":[2.2877686626454175,2.0773823558218676,0.8230067635618861,0.5976053324385492,0.707454112406226,0.2914905206963776,0.10951616419907106,0.045566171049379316,0.012640126648823483,0.005363391168694415,0.001974429093457985,0.0007744832353875555,0.00038831602403722933,0.0004952690721325286,0.00024525365544840347,9.712588545374285e-5,2.742479741512889e-5,1.0574968854252436e-5,6.404639075843477e-6,1.3222217110883984e-6,2.8202727593863316e-7,8.880729335385794e-8,3.1727142601284545e-8,6.2625743780091184e-9,1.5929773651208653e-9,3.7788094650424114e-10],"1":[2.6023523715913566,0.9672809153072514,0.1879047851323437,0.022882494428444013,0.008158172234175608,0.0014661724178299895,0.00044992379582068634,8.313467740117364e-5,1.6420509329357978e-5,1.9689458857920586e-6,3.7754666135831765e-7,1.9160480519284723e-7,5.566651408970188e-8,5.957543749338665e-9,1.5505048297813244e-9,3.3894983799566053e-10]}