{"4":[3.0500656014684386,1.3925566037910742,0.9729897170575723,0.37968704432316364,0.17830915253567242,0.1515701180706298,0.13582798200084406,0.09155050226306423,0.03336725403692259,0.010894529670888367,0.003663352978810704,0.0012786230629021806,0.0005461547106506501,0.00018658178184581366,7.060165294300356e-5,2.0290163995278224e-5,8.546933895948329e-6,1.8288675733271262e-6,4.351913280624658e-7,1.5831322712249973e-7,4.348577618616659e-8,9.850726463614608e-9,1.735338096749224e-9,5.287818462021807e-10],"2":[2.1715535555431207,1.8714856332339656,0.6405268029576376,0.24864802642432454,0.08782267824975037,0.02341420041056942,0.0073570713332680995,0.004732517437455596,0.004166527338970333,0.003787812036029487,0.0018501664506129674,0.00067985112034516,0.00014882520832973207,4.752541764141522e-5,1.2621426137509228e-5,3.3420130808123245e-6,1.387064489944002e-6,7.52053296559576e-7,1.6330048963167793e-7,4.945325923148693e-8,1.987418191568444e-8,3.78011275761691e-9,8.221974278453508e-10],"3":[2.9680926658713833,1.4439181560392509,0.9759655391134084,0.37726974423698706,0.16589126547186178,0.13932899608008983,0.12814105926037975,0.08794915131491507,0.031318585100961895,0.010486494927509858,0.0035378655600659223,0.001227154847398578,0.0005098079650736576,0.000173947975575158,6.948255831765354e-5,1.9772173880017833e-5,8.392025472254875e-6,1.7967906759819446e-6,4.1466704470783083e-7,1.496079451807016e-7,4.2042758593508214e-8,9.30039220613188e-9,1.663715736684391e-9,5.036390639681494e-10],"1":[2.500474689300134,0.6428177684715926,0.14209158419922396,0.010654565263793367,0.002992157701450661,0.0012391946624828293,0.0005498899474790741,0.0001664863412868868,5.438668236229593e-5,2.285875412405824e-5,2.481830727714455e-6,4.814917594943435e-7,1.139095716141305e-7,3.3728731156595204e-8,8.860702549346896e-9,2.1100099699387674e-9,3.1903331599069366e-10]}