{"4":[2.49595604381402,1.93914682416351,0.9369800376137808,0.687192220782315,0.6881675073169885,0.30341472419075805,0.1356055791782698,0.05946804548412226,0.017187849802906115,0.006636836328291389,0.002689645095855484,0.0017531737692094854,0.0017467207931476936,0.001194860754356532,0.00039664369779286046,0.00016828422541884875,5.492099236510295e-5,2.6307154749897623e-5,9.493327748263635e-6,1.811848279095105e-6,4.05663842724044e-7,1.2774764876049954e-7,4.435905813916434e-8,7.957105032425497e-9,1.9259149315679062e-9,5.295815557890417e-10],"2":[2.851230463259077,1.8701021304311012,1.2839313304433053,0.9056169357162298,0.722249749483398,0.35407353831992133,0.17249885977317,0.07979260563724463,0.02429159436197166,0.009052016201245674,0.004127478784591159,0.003812286535704576,0.0035852808107540283,0.0016720542698861604,0.0006828001950538571,0.0002462953008299838,8.829582542459855e-5,3.8130624387347106e-5,1.1647092384509375e-5,2.4810056669852853e-6,6.015518857932359e-7,2.0268639854089624e-7,6.478005051912776e-8,1.073457245465838e-8,2.4845936427325912e-9,7.456360235728614e-10],"3":[3.3018249284571772,1.8240109922895256,1.881658527514765,1.2986714984057786,0.7621063256572268,0.3695636219187536,0.19173602993140157,0.09634771547052692,0.034227575265041804,0.011844308765774181,0.006139107576469768,0.007067991883170196,0.005397447310707781,0.0020236821555596634,0.0011088891622009751,0.00030505892121982946,0.00012304202655619143,4.103190501319314e-5,1.301288897437888e-5,2.947970341749082e-6,7.977595386477898e-7,2.781328014539065e-7,8.451268164911979e-8,1.4348912516721532e-8,2.9862728842894082e-9,1.0052363000078615e-9,2.836414128325537e-10],"1":[2.602352290454531,0.9672808479718907,0.18790476712400697,0.02288249009866963,0.00815817094425603,0.0014661714312842076,0.0004499236158884774,8.313414242484051e-5,1.6418517322003385e-5,1.950373747187016e-6,3.4217745137279103e-7,1.0913392622510335e-7,3.414932783921336e-8,5.877536866420408e-9,1.5495057732588653e-9,3.387222412001186e-10]}