{"kgrid":[1,1,1],"a":11.3565,"temperature":0.0,"Ecut":50.0,"lattice":[[0.0,5.67825,5.67825],[5.67825,0.0,5.67825],[5.67825,5.67825,0.0]],"n_electr":8,"n_bands":4,"α":[0.6,0.6,0.6,0.6,0.6,0.6,0.6,0.6,0.6,0.6,0.6,0.6,0.6,0.6,0.6,0.6,0.6,0.6,0.6],"energies":[-7.381548192076096,-7.385273014165714,-7.368874812603909,-7.386939495374605,-7.3867122374194665,-7.386412303082743,-7.38699818462597,-7.387016402133172,-7.387018186246797,-7.387029330879347,-7.387031461209723,-7.387031453466969,-7.387031486702755,-7.387031491165606,-7.38703149133277,-7.387031491327264,-7.387031491350018,-7.387031491352389,-7.3870314913524275],"residuals":[[1.0462375772772866e-8,1.1285981437058658e-8,1.3288202063269566e-8,1.0452140388839563e-8,2.007944096765338e-8,3.7037058942708484e-9,7.406749380035022e-9]],"smearing":"DFTK.Smearing.None()","ndiag":[1,1,1,1,1,1,1,1,1,1,1,1,1,1,1,1,1,1,1],"fft_size":[54,54,54],"eigenvalues":[[-0.19837139897663128,0.17628803256234596,0.1762880335448202,0.1762880349970813,0.1830085918241947,0.2588462070976555,0.2588462076594712]],"n_kirred":1}