{"kgrid":[1,1,1],"a":11.3565,"temperature":0.0,"Ecut":50.0,"lattice":[[0.0,5.67825,5.67825],[5.67825,0.0,5.67825],[5.67825,5.67825,0.0]],"n_electr":8,"n_bands":4,"α":[0.6,0.6,0.6,0.6,0.6,0.6,0.6,0.6,0.6,0.6,0.6,0.6,0.6,0.6,0.6,0.6],"energies":[-7.3818234081508205,-7.385936869764459,-7.383611415330825,-7.38684785809731,-7.386956434138385,-7.386937801095699,-7.387015796566349,-7.387030078576027,-7.387031179644818,-7.387031432938144,-7.387031477684047,-7.387031490552151,-7.387031491303759,-7.387031491289926,-7.38703149135115,-7.38703149135117],"residuals":[[4.952820301780226e-8,6.190577070359616e-8,6.586361033180564e-8,2.0475913315000594e-8,2.6252079872912055e-8,2.0628798539168738e-8,2.1384215645342637e-8]],"smearing":"DFTK.Smearing.None()","ndiag":[1,1,1,1,1,1,1,1,1,1,1,1,1,1,1,1],"fft_size":[54,54,54],"eigenvalues":[[-0.19837142131476795,0.1762880010812549,0.17628800787717172,0.17628801413361914,0.18300856635957857,0.25884618917702784,0.25884619310439866]],"n_kirred":1}