{"kgrid":[1,1,1],"a":11.3565,"temperature":0.0,"Ecut":50.0,"lattice":[[0.0,5.67825,5.67825],[5.67825,0.0,5.67825],[5.67825,5.67825,0.0]],"n_electr":8,"n_bands":4,"α":[0.6,0.6,0.6,0.6,0.6,0.6,0.6,0.6,0.6,0.6,0.6,0.6,0.6,0.6,0.6,0.6,0.6],"energies":[-7.381616433205303,-7.385873343516277,-7.38449718046639,-7.386747572048561,-7.386977684068659,-7.386950350282465,-7.387014469409772,-7.387031202240494,-7.387031373171851,-7.387031325200129,-7.3870314854991985,-7.38703149039948,-7.387031491314739,-7.387031491318496,-7.387031491347518,-7.387031491351763,-7.387031491352372],"residuals":[[2.646506396316867e-8,3.801523081523533e-8,3.423703466617128e-8,5.879261649696645e-8,3.1780824324271074e-8,3.616356359285759e-8,3.334347814341357e-8]],"smearing":"DFTK.Smearing.None()","ndiag":[1,1,1,1,1,1,1,1,1,1,1,1,1,1,1,1,1],"fft_size":[54,54,54],"eigenvalues":[[-0.1983713983657624,0.17628803104469112,0.17628803194213521,0.17628803549976765,0.18300859308372153,0.2588462099588884,0.2588462108242513]],"n_kirred":1}