{"4":[3.668392516793733,2.3613684980779968,3.0983604360855024,3.6965474239263356,2.6415072353798914,2.4180880128424125,5.939140891948101,5.645754224471921,2.3120005194445414,1.3165805390756207,0.42657769437190607,0.20318072136190515,0.078176011326709,0.021460853053755582,0.00722171522158848,0.0018824437852036264,0.0009004985375376988,0.00028092095842817904,9.727397288182462e-5,2.6396897104241397e-5,7.3847826649094404e-6,2.4495842805550086e-6,8.323884689346316e-7,1.5821110860062781e-7,4.7759960464926696e-8,1.95338541512043e-8,5.587923290302645e-9,2.6080593241993413e-9,3.812077021230339e-9,1.4348173762101675e-9,3.9965166322518916e-10],"2":[2.529145750155559,1.9820156127385093,0.782495274547424,0.7859705277954886,0.8008778817866212,0.3902944024338406,0.34165690989944925,0.508479281953266,0.9741551450587304,0.9418533590327589,0.28607650005722174,0.13821672771823243,0.0464821165958269,0.013161028722696548,0.0027824841080521822,0.0008144548954925943,0.0002631434283841884,9.28723317813071e-5,3.39030712110388e-5,1.1625072508043838e-5,4.043960601222202e-6,1.4270625718396243e-6,4.5729990060497894e-7,1.0696992693559963e-7,2.6356029618496914e-8,6.937352686489254e-9,3.2842886219081015e-9,3.063460448402525e-9,2.5494215847206963e-9,1.0402297389205207e-9,2.583465562571441e-10],"3":[2.6012888693687275,1.9736540408254937,0.8370613958050861,0.8778818215409234,0.8986278772399044,0.46974847436415523,0.48243651135736415,0.7713794669390596,1.328274774895237,1.0650132663401661,0.29755926662094156,0.14132351039880903,0.04876528546968296,0.013995973971235498,0.0030918942136735983,0.0008709682588766753,0.0002945740053962158,0.00010628004309806616,3.883737925869858e-5,1.3402689899003953e-5,4.562663083257859e-6,1.5477939259816095e-6,4.990538766503276e-7,1.1189923981791632e-7,2.8782964833087078e-8,7.825155657054173e-9,2.8149986325491934e-9,1.3033450086368938e-9,1.4060006312503327e-9,1.0240126728470493e-9,2.749067097928501e-10],"1":[2.7853937647140756,1.0810914013744444,0.21735873971282957,0.02856390665206399,0.011150539887121107,0.002239228067146732,0.0006282966647372434,0.00015918399374115005,3.6411053328260964e-5,4.61775813320839e-6,4.761003553953324e-7,8.290041385921942e-8,4.306901469555214e-8,1.5221925559859706e-8,1.7528086505154366e-9,5.61838455217876e-10]}