{"4":[2.639640016741097,1.826834012110112,0.7554353795774575,0.5565523593135159,0.4807794313464287,0.2406639118660253,0.12130824884364892,0.05325332845807669,0.01484275854827156,0.00496729168389985,0.0020056876723951703,0.0005624294998266678,0.00014780932694791966,3.7316615823064783e-5,1.3418662780870276e-5,4.273956537311106e-6,1.6917976985482511e-6,6.565570766166986e-7,1.7996786888050969e-7,7.102579841341723e-8,2.0836637582011297e-8,5.182460540381064e-9,1.3902429619821817e-9,3.939059340428669e-10],"2":[3.5437646654870623,1.4153087105568085,0.9410495664856721,0.46753553058730873,0.41377510384287247,0.21611104060723094,0.11225312196040903,0.0522449246167112,0.023408124222299268,0.006932565616293419,0.003000492199439334,0.0008594411474141029,0.00023503710467639448,0.00010673580959046597,2.850719967850847e-5,1.2696291705496198e-5,3.873899892553295e-6,1.1642895793489083e-6,3.234851064463987e-7,1.0677652875260686e-7,2.809751609982224e-8,9.356499873030896e-9,1.649076226075071e-9,7.353058035819276e-10],"3":[2.3406423439113695,1.8501136757436354,0.5805683582655691,0.3471109319064635,0.31794283885171,0.18646431204043337,0.09012980891231841,0.04011833715169649,0.010568454640946506,0.0043597773088086865,0.0017573900126858083,0.00048818929864834963,9.920654172613193e-5,2.49879254594105e-5,7.963520319073504e-6,2.561956078141172e-6,8.081998762380671e-7,3.33414563061699e-7,8.254776656241966e-8,3.481120647959678e-8,1.4125298790194738e-8,3.685342569086995e-9,9.512571872776177e-10],"1":[2.6804511294171847,0.7819219177390683,0.17058521780504596,0.015640431454192163,0.004746368674429737,0.0011342982505797255,0.00039082514738126873,5.887726855318945e-5,1.8001170495273067e-5,3.432810179622863e-6,5.383081862896295e-7,2.157617711852696e-7,4.638400808492099e-8,1.3737449905107085e-8,2.097778296012598e-9,4.2227052742799233e-10]}