{"4":[2.985270813894508,2.0368603820917652,1.3231021462424828,1.6495378931600724,1.6143387905013202,1.0811390444887092,1.6294211789523543,2.576116108971092,2.6122967666322237,1.4811208281469617,0.3715059998560068,0.1678724471728259,0.0622302435710059,0.017497934220201197,0.004956550497297541,0.0011840015596860307,0.0005116758930519991,0.00017314833701279078,6.376509429460969e-5,2.0926807587518647e-5,6.591694228506207e-6,2.1068095020726537e-6,7.270292490242273e-7,1.3841691471562695e-7,4.3279442857112085e-8,1.3520342429116712e-8,4.307371256444763e-9,1.0964688742415807e-9,3.5114292283449967e-10],"2":[2.748334486667352,1.9777862334543606,0.9776295471563349,1.1097745261558762,1.1347401698804376,0.6633871280231457,0.8316259710671974,1.3813707159767215,1.9124969213516736,1.2398214521058188,0.32273615069871897,0.14948802006880615,0.05351376894947668,0.015381956322632449,0.003756627976781608,0.0009789514713951348,0.00036677593260973294,0.00013223150981672282,4.818587449915053e-5,1.6432762571684053e-5,5.379044316018134e-6,1.7519672166527437e-6,5.839519721404396e-7,1.213992378846593e-7,3.3992054420014226e-8,9.953855508687294e-9,3.2918903370944625e-9,8.941357190564487e-10],"3":[3.4648450548356413,2.262097394709765,2.4736875853176934,3.0908734132954176,2.4658627894174656,2.0455901567027652,4.144133342763289,4.951555561857306,3.0909476621822356,1.794950880165747,0.4605765543781516,0.20557208621949455,0.07614538448409475,0.02090344952209085,0.0068986939966131314,0.0016820996208426443,0.0008063312435212026,0.0002500099508103631,9.098634131901827e-5,2.6717338655360836e-5,8.083035399429145e-6,2.6564697559408054e-6,9.11889393259298e-7,1.6797215780563943e-7,5.6827400969746394e-8,1.955440356656179e-8,5.520842906862845e-9,1.313742935175493e-9,6.229479988332315e-10],"1":[2.7853940286568473,1.081091198363075,0.21735869990531603,0.028563905050529317,0.01115054189936025,0.002239227482927139,0.0006282965800189982,0.0001591839299470674,3.64110167682932e-5,4.617286735350442e-6,4.741077093728387e-7,7.405711109297538e-8,2.8737258431070572e-8,1.015614730365173e-8,1.7305125735922745e-9,5.569336064482115e-10]}