{"4":[3.532996212401521,1.3870891265163066,0.8683856850794516,0.3411831361552355,0.3005126490867685,0.19429282695235386,0.10932304199043165,0.05253601750100273,0.02355712428165159,0.006954739402170493,0.003004370888271671,0.0008592947706808675,0.00023471244214402545,0.00010662120929322673,2.843674289029889e-5,1.2668478184616425e-5,3.870120646549112e-6,1.1630950948082906e-6,3.240544476894962e-7,1.070582206190921e-7,2.8135795265104106e-8,9.385726650121017e-9,1.6683234110749156e-9,7.440661956475435e-10],"2":[2.478156371596201,1.8194274066600395,0.6439918339878955,0.41822086439840317,0.36916789315435217,0.20758600404284974,0.10735803816307792,0.0475154890237702,0.012978934412344123,0.004692355045356041,0.001877788820056821,0.000527656171602336,0.00012814106029964678,3.08961429339808e-5,1.0777865313908311e-5,3.406939175455087e-6,1.2607966958694364e-6,5.25186326779169e-7,1.4421442156752747e-7,6.038734373859696e-8,1.870359086552902e-8,4.460216061333081e-9,1.1895534951953472e-9,3.1346987758577566e-10],"3":[2.57639159276962,1.8517149965426396,0.7280070727383114,0.5559723174803675,0.49931743732805467,0.23994179672051866,0.11655236745776842,0.05073285742924238,0.014018308454493254,0.004837136884404559,0.0019410700828242432,0.0005461898485471458,0.0001391020713073921,3.4121600319114075e-5,1.2175074527807644e-5,3.860534853041893e-6,1.491675605740693e-6,5.992531420986765e-7,1.6404026866697952e-7,6.631526665309307e-8,1.9906457594958844e-8,4.833883380418158e-9,1.2979760326172205e-9,3.5719401460723555e-10],"1":[2.6792873337262337,0.7688812527046446,0.1691739008706218,0.015123295568477219,0.004453898553094108,0.0010525205600164817,0.00037458646126396327,5.557950029828835e-5,1.6045751459222853e-5,3.3318611094201314e-6,5.353608835955834e-7,2.0896127339627428e-7,9.488091750949503e-8,1.4078930478849678e-8,2.0611195701050354e-9,3.944603949497702e-10]}