{"4":[2.6665467202606696,1.9722177019019878,0.8940749192401728,0.9724716256734067,0.9970813882457036,0.5498722865406623,0.6257436126524595,1.0289985020755783,1.6061890762879103,1.1495164644356708,0.3082500592865347,0.14463585597724557,0.05081105085383206,0.014638121374566762,0.0033789897388030814,0.0009185764170461504,0.00032502602404619224,0.00011793579757702594,4.3028307625910275e-5,1.4802032786376117e-5,4.9445930115271054e-6,1.6402132602250651e-6,5.363391461783016e-7,1.1610896270010966e-7,3.104049425380935e-8,8.74619481246254e-9,2.946407282258629e-9,8.799228935613235e-10],"2":[3.6715442763759576,2.362878829512502,3.1086910417707387,3.7057915463686752,2.6432682006128725,2.423710657357717,5.975711978450859,5.653725713014568,2.2865094850585006,1.2924491318360136,0.42284654936152744,0.20228898881475138,0.07810365034239265,0.02145982218888706,0.0072230468789076145,0.0018853691603354023,0.0009017924386922802,0.0002814022798451722,9.73421164092115e-5,2.6371507860950873e-5,7.3595262863077e-6,2.439894082288406e-6,8.283218492873304e-7,1.5746160002166074e-7,4.70449684945367e-8,1.9142350146305443e-8,5.080504903220528e-9,1.0890736877797918e-9,5.324535729945209e-10],"3":[2.407092680658834,2.0174521518404567,0.7367907136207741,0.6655367988331998,0.6741840290002848,0.273369696620459,0.12883862091544493,0.10472098276154845,0.19668838282700668,0.41707089688289706,0.24125514481565954,0.13094386982678793,0.040698459460027654,0.01055306608987833,0.002205590023425898,0.0006750094612823576,0.00021098197180108866,6.704724320326033e-5,2.366797336153464e-5,6.965217892784844e-6,2.192202358443787e-6,8.890832856182338e-7,3.522050873366607e-7,9.42516223193076e-8,2.1407683408306353e-8,4.369895707190836e-9,1.2583489159726934e-9,4.371113278029282e-10],"1":[2.7853940413340803,1.0810912317085126,0.21735870199143292,0.028563902316052676,0.011150540405931983,0.002239227266350677,0.0006282965498315753,0.00015918393222711934,3.6411015260271766e-5,4.617295028388811e-6,4.7414688169639884e-7,7.408398276701048e-8,2.8769774153508545e-8,1.2535925225992885e-8,1.7411976011261545e-9,5.573393767219577e-10]}