{"4":[2.9277488755582284,1.696371310375253,0.8756154042132896,0.4808874145812118,0.3429621938034094,0.2257800160104958,0.14127622370477397,0.0648821252087727,0.018804913342992696,0.005773034170651218,0.002372195863239829,0.0006689208034653633,0.00018758721348149297,5.807759223268467e-5,1.942943262425137e-5,6.6446816119187745e-6,2.6310968785192867e-6,9.034817673010369e-7,2.563170274771737e-7,9.28085823215296e-8,2.5288027408609633e-8,7.163056908760133e-9,1.7818299009632595e-9,5.69197423205587e-10],"2":[2.6933592019993817,1.7402443743573068,0.7328416439966282,0.41039774066308826,0.29390882952563707,0.19428386083464694,0.11968759224969296,0.05573963375530707,0.015809853584167533,0.005140795122740786,0.0020956976277129256,0.0005838207064785551,0.00015785168040953552,4.182066599764398e-5,1.4977493921452613e-5,4.8129008851873525e-6,1.9377459352826976e-6,7.218352928922034e-7,1.9926353492643605e-7,7.682080618522064e-8,2.1931606620199212e-8,5.646948328553172e-9,1.502980049530901e-9,4.388761413987421e-10],"3":[3.363795856778916,1.5243166859784951,1.0227593797054633,0.5378460154313752,0.4099611563685172,0.24087886545074255,0.15579538727252484,0.07437320710364757,0.025003184732299323,0.006991761383825216,0.0028863698694546547,0.000822476356237069,0.00023043703891599318,9.445705027216811e-5,2.637891009993838e-5,1.094363113469258e-5,3.65068348376774e-6,1.157128468025916e-6,3.35292377472002e-7,1.1433978380060249e-7,3.010584764164859e-8,9.719249163270594e-9,2.0534098046588373e-9,8.184319380592432e-10],"1":[2.6784571754295303,0.7584098637429675,0.168051883831186,0.01469961410907729,0.0042106781699394625,0.0009782357860161589,0.00035907875027612056,5.301922899696363e-5,1.4186114262285857e-5,3.224320062419323e-6,5.254570806367669e-7,2.1173570759520172e-7,3.5026267871421284e-8,1.1215115050687444e-8,2.011147210416629e-9,3.702846348577084e-10]}