{"kgrid":[1,1,1],"a":11.207142857142857,"temperature":0.0,"Ecut":50.0,"lattice":[[0.0,5.603571428571429,5.603571428571429],[5.603571428571429,0.0,5.603571428571429],[5.603571428571429,5.603571428571429,0.0]],"n_electr":8,"n_bands":4,"α":[0.8,0.8,0.8,0.8,0.8,0.8,0.8,0.8,0.8,0.8,0.8,0.8,0.8,0.8,0.8],"energies":[-7.379232049044483,-7.384263956376568,-7.384271890787272,-7.384643985257743,-7.384833014823652,-7.384834160272804,-7.384839002295894,-7.384839615668257,-7.384839590955156,-7.3848396540973,-7.384839655386431,-7.3848396555169415,-7.384839655646687,-7.38483965567062,-7.3848396556711515],"residuals":[[5.7900559424321226e-8,3.652506816541047e-8,2.2970316766767342e-8,9.091824171202958e-9,7.323547334886491e-9,1.057203365981603e-8,2.352937190768063e-8]],"smearing":"DFTK.Smearing.None()","ndiag":[1,1,1,1,1,1,1,1,1,1,1,1,1,1,1],"fft_size":[54,54,54],"eigenvalues":[[-0.19255974749401353,0.1900208124565214,0.19002082218136757,0.19002082511574614,0.2101778869097966,0.2733769124839091,0.2733769189244729]],"n_kirred":1}