{"kgrid":[1,1,1],"a":11.207142857142857,"temperature":0.0,"Ecut":50.0,"lattice":[[0.0,5.603571428571429,5.603571428571429],[5.603571428571429,0.0,5.603571428571429],[5.603571428571429,5.603571428571429,0.0]],"n_electr":8,"n_bands":4,"α":[0.8,0.8,0.8,0.8,0.8,0.8,0.8,0.8,0.8,0.8,0.8,0.8,0.8,0.8],"energies":[-7.3793302376722565,-7.384299365853422,-7.384724183754199,-7.384488920765287,-7.384826008655537,-7.3848313881002206,-7.384839248430616,-7.384839637119635,-7.384839640579784,-7.3848396552757585,-7.384839655572181,-7.384839655665488,-7.384839655670808,-7.384839655671066],"residuals":[[3.2429877809480056e-8,4.596471106264375e-8,3.8342385063667067e-8,4.579252714312728e-8,2.30175791122264e-8,3.6940276042116616e-8,2.1187797013561966e-8]],"smearing":"DFTK.Smearing.None()","ndiag":[1,1,1,1,1,1,1,1,1,1,1,1,1,1],"fft_size":[54,54,54],"eigenvalues":[[-0.19255974505199885,0.1900208166018022,0.1900208230445487,0.19002082614902627,0.21017789111645857,0.27337691749761306,0.27337691992667634]],"n_kirred":1}