{"kgrid":[1,1,1],"a":11.207142857142857,"temperature":0.0,"Ecut":50.0,"lattice":[[0.0,5.603571428571429,5.603571428571429],[5.603571428571429,0.0,5.603571428571429],[5.603571428571429,5.603571428571429,0.0]],"n_electr":8,"n_bands":4,"α":[0.8,0.8,0.8,0.8,0.8,0.8,0.8,0.8,0.8,0.8,0.8,0.8,0.8,0.8,0.8],"energies":[-7.379022736484538,-7.384129255626311,-7.384569839354674,-7.384548601572957,-7.38481450437155,-7.384818219146651,-7.384839423951835,-7.384839469426284,-7.384839618459067,-7.384839654906166,-7.38483965531754,-7.384839655550472,-7.384839655665845,-7.384839655670218,-7.384839655671186],"residuals":[[2.6411053959244723e-8,6.703259530268617e-8,3.2909658411940324e-8,4.34518253076375e-8,4.139704559148929e-9,4.8076210141310506e-9,5.030884889904295e-9]],"smearing":"DFTK.Smearing.None()","ndiag":[1,1,1,1,1,1,1,1,1,1,1,1,1,1,1],"fft_size":[54,54,54],"eigenvalues":[[-0.19255974034505874,0.19002082433331585,0.19002082722360014,0.19002082845243767,0.210177896420559,0.2733769214774025,0.2733769229622156]],"n_kirred":1}