{"4":[2.4855043917772477,1.98502613803991,0.7817433862762432,0.7240903075601941,0.7223963401580361,0.3156075599711225,0.19378081861952387,0.1976373521428614,0.3110397948130485,0.30488350323580576,0.09728818000513617,0.04665315231434014,0.01565515243714897,0.004499348234730368,0.000977021515068078,0.0003090816069030016,9.630554907183006e-5,3.501383858402633e-5,1.5075571244416769e-5,4.604995385017267e-6,1.5231823109398772e-6,5.384770593526638e-7,1.5827191774141283e-7,3.591828011850802e-8,8.822442333359534e-9,2.1615999403835614e-9,7.512724700500092e-10],"2":[2.8792876554011335,1.977213309334125,1.1663643208926529,1.214161719861981,1.0848143664675831,0.5831513494009126,0.6013590533823647,0.8000447986773166,0.8044857193579551,0.4721091965049097,0.12212656280142888,0.055262030530663635,0.020312111138393714,0.0058543833960956766,0.001674952028236083,0.000451013687581287,0.00018838906342383632,6.944590360831549e-5,2.5608521409938984e-5,7.3828727800723815e-6,2.2517467371453233e-6,7.37316142730113e-7,2.403104305675701e-7,4.508989188223626e-8,1.3531360446024076e-8,4.147399436485815e-9,1.4140072757285467e-9,5.848525495828927e-10],"3":[3.5155254861074807,2.174584391335394,2.459672442184536,2.495583327429232,1.6087348286592373,1.073966707855879,1.8066585277694167,1.8366277842503789,0.9475882909984455,0.574333249782747,0.16030128889135112,0.07194081073817017,0.026274522284311753,0.0072987570685775095,0.002783622578687159,0.0007207210250208995,0.0003613995889492865,0.00010831893750890277,3.658149763258492e-5,9.61643239815261e-6,2.8370724394263638e-6,9.599551754142091e-7,3.25758797494475e-7,5.775494081656902e-8,1.873391482677435e-8,6.894082900728268e-9,2.0754824449263036e-9,1.19784447358445e-9,1.5556344838762236e-9,6.346102209950082e-10],"1":[2.7483897218314697,1.0609469551058992,0.2124623510644245,0.02752499752790342,0.010604681040552219,0.0020796668922303647,0.0006033615314496468,0.00014535983899552517,3.1898461462508964e-5,3.982897417453969e-6,4.1347009202819293e-7,9.274043968467605e-8,5.484924376924127e-8,1.3610396552607532e-8,1.7851044918182699e-9,6.040397423410643e-10]}