{"4":[3.0596188408452476,2.023617588755746,1.4613597163794088,1.5563117659620875,1.2900681734261288,0.7439492281226001,0.8735328138869083,1.124286211098418,0.9380571767588556,0.5347868195806942,0.1359528387715042,0.06091539877638235,0.0225816344216929,0.006403000330237431,0.00205203979628426,0.0005256824846900422,0.00024150684672882085,8.252105551196706e-5,2.9838902187982512e-5,8.46766558521814e-6,2.571974921691687e-6,8.416565436338023e-7,2.7863732238110446e-7,4.9765805450108224e-8,1.5826339872765985e-8,5.032711356325478e-9,1.619731785453107e-9,5.191191311598541e-10],"2":[2.7573644685831007,1.9606450848400565,1.0127797027405152,1.0242971191318238,0.9519646566415455,0.48394772550292753,0.4480656737136543,0.5923559670743175,0.687500335368569,0.42966947610159184,0.11339551544591248,0.0519100344821837,0.01875556099283562,0.005476479533229289,0.0014327100441272414,0.000405368971940263,0.00015565616999307813,5.976540358933256e-5,2.2684434636537317e-5,6.5963634247585734e-6,2.0346187685160805e-6,6.714392564199116e-7,2.1362205258604657e-7,4.213977805598037e-8,1.1988663050944993e-8,3.55482058246863e-9,1.2965232859031741e-9,7.094781420207927e-10],"3":[3.323796039901137,2.1110069265762106,2.0037604882205,2.1060279162790687,1.5226788396137774,0.9572188857147413,1.353745675808714,1.5666201461496816,1.0290752656517517,0.6014808735746248,0.15404345088942278,0.0684772169895202,0.02513060984577872,0.007039873502597388,0.0025336356254812447,0.0006395593826018996,0.00031571290227538424,9.862115739955121e-5,3.470922438750037e-5,9.516921835666256e-6,2.8907924024836237e-6,9.5830225672471e-7,3.1934261712994313e-7,5.574190024500378e-8,1.8392518811638302e-8,6.2344242625587765e-9,1.965743273954224e-9,8.668491098104419e-10],"1":[2.7483894714800003,1.0609469318906624,0.2124623396979792,0.027524989328539057,0.010604677877005746,0.0020796658428249163,0.0006033613992154548,0.00014535984790626063,3.189847536261205e-5,3.983073792412094e-6,4.1417891162923985e-7,9.609597855738046e-8,5.6082145666173713e-8,1.3626726292696204e-8,1.7846469014926783e-9,6.036674688422374e-10]}