{"4":[3.5708569691765417,1.6304097995931779,1.5209713905712956,1.166340807619082,0.6591087261131632,0.24990261958110968,0.12072737219004781,0.0556534896870991,0.024717285739633586,0.007293839515553391,0.0030176118635556167,0.0008966185665533113,0.00027456811871868114,0.00012913954807664663,3.6873445883749266e-5,1.4852361370954002e-5,4.541487848444881e-6,1.2276999881825221e-6,3.272008076666834e-7,1.1296785978295877e-7,3.1124202116335495e-8,9.774557699417428e-9,1.7237459716774964e-9,7.602772660599119e-10],"2":[2.5612898336794347,1.8074859050410377,0.7297974219815498,0.48467313044610016,0.4249872736421374,0.2305463099992046,0.11972435090544936,0.05333171746678789,0.014831005186374242,0.005090403982542386,0.0020046719183365183,0.0005802444997932862,0.0001532177822485879,3.998475093834666e-5,1.537237479197636e-5,5.005494392933919e-6,2.152478083900649e-6,7.841887994528934e-7,1.9182771038434567e-7,7.668269737309145e-8,2.254420767868808e-8,5.054379983663473e-9,1.3283477175486087e-9,3.646697932968451e-10],"3":[2.3673371821413096,1.7994328715834726,0.5926437298454007,0.30462012585672427,0.20071298172319688,0.13877266821232276,0.09150531145313719,0.04484573696019153,0.012254614570781374,0.004725501194589743,0.0018608018342860149,0.0005376142448514792,0.0001242358233151054,3.1723069766619966e-5,1.0804490599388698e-5,3.44244921757835e-6,1.3709529784161255e-6,5.905502841735986e-7,1.4977333999083356e-7,6.288183158354853e-8,1.9462749735633318e-8,4.229662185764183e-9,1.096875014678347e-9,2.682141004011085e-10],"1":[2.690100324186167,0.9614749669622203,0.19283311913582402,0.022680183626388663,0.008401767591610796,0.0017863615212460261,0.0005183239632436035,0.00011134086215484559,2.809086591627473e-5,3.629165660318739e-6,4.767920210786062e-7,1.664944895236858e-7,7.449373796843088e-8,1.5361826993177752e-8,2.1230538725376525e-9,7.404219047622932e-10]}