{"4":[3.622103991939424,2.2086952534364115,2.736629306559052,2.7053954831375755,1.623583930653574,1.1216328065174335,2.151291115387834,1.9600808797143625,0.7662412080579323,0.42962433703787073,0.14545484798183467,0.06971750185324847,0.02631566823843415,0.007331736828964698,0.0028728563292356414,0.000764822831718086,0.00038326176968651166,0.00011305104377690429,3.6867707938755955e-5,9.284527186143763e-6,2.5637441752855737e-6,8.697783072138657e-7,3.015706957722504e-7,5.499780698410097e-8,1.623230469380727e-8,6.625969813732606e-9,1.758023716257534e-9,5.569887021177096e-10],"2":[2.601449557655648,1.9625543690022915,0.8650498608586512,0.8349343189249997,0.8083362499340022,0.37871965164000887,0.2897424551662922,0.35477136002684373,0.49864080886079876,0.37067627018976307,0.10374960867191782,0.04853836247819972,0.016949224782723323,0.004973661502956017,0.001159352146347836,0.0003515920545569927,0.00011968251442802872,4.6307899972539115e-5,1.878314923931022e-5,5.556472338856282e-6,1.7650096189331108e-6,5.970303637035911e-7,1.8139041165256212e-7,3.865212290294873e-8,1.0140283791035036e-8,2.7547380900032913e-9,9.67730512237706e-10],"3":[2.441938479777372,1.999903359300158,0.7575845667284229,0.6876880937477187,0.6955390977654861,0.29474972526700605,0.1605925256626523,0.14183414634696176,0.2232807110086323,0.2635164165778281,0.09432080851021517,0.04601651270232116,0.01507712500068322,0.004247799417347075,0.0009086277438296655,0.00028981715124904356,8.783827786375156e-5,3.0312835957182516e-5,1.3158035554613424e-5,4.097173836868961e-6,1.3853079209896132e-6,5.077075321285326e-7,1.490258807347252e-7,3.470406146582038e-8,8.29252066445792e-9,1.9032789336215436e-9,5.955617154046696e-10],"1":[2.74838962205275,1.0609469443632409,0.21246235966086058,0.02752500330752947,0.010604683564190675,0.002079667253730025,0.0006033616257666688,0.0001453598786276533,3.1898629832839906e-5,3.984711881024689e-6,4.209312883473783e-7,1.2630164412014542e-7,5.9428849123718675e-8,1.3669853816818857e-8,1.7924157313853901e-9,6.095686914986157e-10]}