{"4":[2.491203411870905,1.9656914631866578,0.7687188492706801,0.6706299851918571,0.6357693746992393,0.2599039316949242,0.11377183386276726,0.04844964883322681,0.013104719545469767,0.00483530664348683,0.0018918304658829153,0.0005543144396638139,0.00013380485161224436,3.3789656699126886e-5,1.2060326081867667e-5,3.904230865831939e-6,1.6149602321539264e-6,6.61607548193648e-7,1.6260923189755408e-7,6.655276805594734e-8,2.043208061846084e-8,4.433532671140903e-9,1.1579954227984449e-9,2.952186636385267e-10],"2":[2.8023643856606495,1.6418078200079078,0.7826984906686653,0.3084094616221487,0.09839391153631206,0.04970903657601366,0.04501620411226967,0.04405909235705443,0.01738007073733846,0.00575088943962035,0.002323745244358641,0.0006713440608795196,0.00019442165523473134,5.9801822853777404e-5,2.3064617698739253e-5,7.533420596001684e-6,3.227175951115642e-6,9.95280113575883e-7,2.5852601723284436e-7,9.761592422221771e-8,2.6906944315757686e-8,6.731610019592271e-9,1.6729507054674514e-9,5.164802539624243e-10],"3":[3.4014252258541804,1.4019267740493513,0.9179616177133666,0.3840405485695438,0.2884210397464513,0.1998853525123242,0.13705043621118682,0.07213021736585047,0.02670630367664718,0.007455589833759564,0.003004804256027809,0.0008813034889726872,0.0002674446171251305,0.00012043338680714639,3.523597612180492e-5,1.3965390708102327e-5,4.519207648881064e-6,1.246774615724977e-6,3.5068416369487393e-7,1.235625600772189e-7,3.294682462284846e-8,1.0103382332323173e-8,2.0041371976343813e-9,8.321503249467922e-10],"1":[2.6450958252130605,0.7655500530195573,0.16673580900025678,0.014910411258879892,0.004505245090432751,0.001078012444163607,0.00036715873007999984,5.303429469396558e-5,1.5997604091428084e-5,2.8835460162867093e-6,5.118079639050181e-7,1.9831272917630626e-7,6.744549193817074e-8,1.1890511481397846e-8,1.9039193923642755e-9,4.759658585504604e-10]}