{"4":[2.9823502026847186,1.6050897861631754,0.8931315547419082,0.3857222068157297,0.2162343928652461,0.16994127518412577,0.13373394087212948,0.06961579963798778,0.021049226056505933,0.006380568691345217,0.0025500561724687994,0.000745440569540448,0.00022108771156892528,7.674690150715688e-5,2.7586567589911855e-5,9.378782016558083e-6,3.82129215953988e-6,1.1161899098152558e-6,3.031544815318659e-7,1.1105922856153777e-7,2.978089672625143e-8,7.955131719885003e-9,1.8555075233527304e-9,6.193698806173581e-10],"2":[2.730318363648119,1.7955030060386994,0.8470375061594831,0.5879693113230029,0.48620199994404334,0.25564489554732506,0.1347060819774632,0.05992708269706309,0.01682076909701681,0.005469485829717102,0.0021731096926632517,0.00062870270848429,0.00017672565269020204,4.994302081015908e-5,1.972303325356953e-5,6.392394133698026e-6,2.7710700354283893e-6,9.090871269542532e-7,2.2770311754385525e-7,8.774107648490436e-8,2.496158551261548e-8,5.930157549339153e-9,1.5189685001781572e-9,4.47011164506136e-10],"3":[3.2701762448006737,1.645646112158535,1.2161030731576425,0.8074478679082614,0.5646294748975068,0.29276515930833824,0.1725035223197621,0.07940219983687485,0.02503162950816946,0.007114705356975576,0.002827600147843258,0.0008372452546773765,0.0002541256008658329,0.00010247221155188421,3.2798833122542586e-5,1.2121243084234873e-5,4.38211183249719e-6,1.2416552259431915e-6,3.4924872542947224e-7,1.246782850458091e-7,3.294981904660934e-8,9.480015786254329e-9,2.015062103073355e-9,7.610967049447499e-10],"1":[2.6640604081085293,0.8825898589096506,0.18077833893154252,0.019394873616930184,0.006832514854631343,0.0015454953693556138,0.00046116213124393807,8.658475609873256e-5,2.4586660860805117e-5,3.357637907795182e-6,5.053875930689815e-7,1.911014820506174e-7,7.073948511320785e-8,1.4617065623635431e-8,2.0969266368834647e-9,6.55673979303571e-10]}