{"kgrid":[1,1,1],"a":11.114285714285714,"temperature":0.0,"Ecut":50.0,"lattice":[[0.0,5.557142857142857,5.557142857142857],[5.557142857142857,0.0,5.557142857142857],[5.557142857142857,5.557142857142857,0.0]],"n_electr":8,"n_bands":4,"α":[0.8,0.8,0.8,0.8,0.8,0.8,0.8,0.8,0.8,0.8,0.8,0.8,0.8,0.8],"energies":[-7.376381513082633,-7.381934667581412,-7.382577606977822,-7.382717524737872,-7.382772049410561,-7.382801387794549,-7.382804186810361,-7.382804456779852,-7.382804457370211,-7.382804471471203,-7.382804471952749,-7.3828044719468195,-7.382804472004926,-7.382804472005846],"residuals":[[4.74065647950409e-8,3.856751185523323e-8,2.7067424111369923e-8,3.3219201088080874e-8,9.562571872119884e-9,4.980906310281619e-9,1.7658467531777715e-8]],"smearing":"DFTK.Smearing.None()","ndiag":[1,1,1,1,1,1,1,1,1,1,1,1,1,1],"fft_size":[54,54,54],"eigenvalues":[[-0.18884314306543667,0.19888409380192867,0.1988840997346047,0.19888410166723058,0.22773870868779844,0.28271767260436886,0.2827176745229407]],"n_kirred":1}