{"kgrid":[1,1,1],"a":11.114285714285714,"temperature":0.0,"Ecut":50.0,"lattice":[[0.0,5.557142857142857,5.557142857142857],[5.557142857142857,0.0,5.557142857142857],[5.557142857142857,5.557142857142857,0.0]],"n_electr":8,"n_bands":4,"α":[0.8,0.8,0.8,0.8,0.8,0.8,0.8,0.8,0.8,0.8,0.8,0.8,0.8,0.8],"energies":[-7.376776892524719,-7.382249697622502,-7.38259056014405,-7.382627519483236,-7.382802639496257,-7.382804355503392,-7.382804409315069,-7.382804468183419,-7.382804471635739,-7.382804471885844,-7.382804471968767,-7.382804472004091,-7.382804472006054,-7.382804472006112],"residuals":[[2.3813846349665012e-8,2.4515483189800615e-8,1.6735855259283583e-8,1.9714822280271193e-8,4.536992386748688e-9,1.8002262535209275e-9,2.936118884129219e-9]],"smearing":"DFTK.Smearing.None()","ndiag":[1,1,1,1,1,1,1,1,1,1,1,1,1,1],"fft_size":[54,54,54],"eigenvalues":[[-0.1888431373813024,0.19888410430215125,0.19888410460084568,0.19888410471796164,0.22773871625338596,0.28271767882634885,0.2827176788859878]],"n_kirred":1}