{"kgrid":[1,1,1],"a":11.114285714285714,"temperature":0.0,"Ecut":50.0,"lattice":[[0.0,5.557142857142857,5.557142857142857],[5.557142857142857,0.0,5.557142857142857],[5.557142857142857,5.557142857142857,0.0]],"n_electr":8,"n_bands":4,"α":[0.8,0.8,0.8,0.8,0.8,0.8,0.8,0.8,0.8,0.8,0.8,0.8],"energies":[-7.376757660889471,-7.382251003014523,-7.3827757258914435,-7.382676044140596,-7.382802241517645,-7.3828044035018365,-7.3828044119739396,-7.382804470106082,-7.382804471968422,-7.382804471996709,-7.382804472004743,-7.382804472004867],"residuals":[[2.8402858436778926e-8,3.808383345388207e-8,1.495220138348283e-8,1.495202611276382e-8,9.438483808854583e-9,8.594687580751742e-9,4.2740231933986875e-9]],"smearing":"DFTK.Smearing.None()","ndiag":[1,1,1,1,1,1,1,1,1,1,1,1],"fft_size":[54,54,54],"eigenvalues":[[-0.18884313981496395,0.1988840993070208,0.19888410201583603,0.1988841026775814,0.22773871035427323,0.2827176784281944,0.2827176791878028]],"n_kirred":1}