{"4":[3.5393594263436765,2.112218537447158,2.434949097078716,2.218910167189395,1.2886397907249805,0.755280895986402,1.1598135333100772,1.2169428023215243,0.5915265863763484,0.3674945574459955,0.11292650632412365,0.051398256232665224,0.018636358533263436,0.00524079374368033,0.0022059700272484203,0.0005809584491804259,0.0002898894407837698,8.520476825370004e-5,2.761945540757546e-5,6.888012963079254e-6,1.9784541237023567e-6,6.821621052890339e-7,2.3311691176555264e-7,4.080946308885092e-8,1.24903796149353e-8,4.743736922768421e-9,1.2285220735417315e-9,2.680451359735104e-10],"2":[2.696416543247061,1.9480295854991942,0.9677202585121598,0.9054434822197938,0.8260271462727862,0.3863629358337764,0.27976665794325895,0.3091073110296239,0.37622508888973233,0.27867800966292494,0.07853137094999516,0.03605190596457921,0.012913905214815795,0.003845776737512366,0.0010015018942721968,0.00030731267309624607,0.00011293451123171855,4.591211716256749e-5,1.7612589364686926e-5,4.701595733164354e-6,1.4129284267867145e-6,4.7472578549328343e-7,1.4607146038482045e-7,2.8853213635523284e-8,8.011097800903572e-9,2.2768314719157218e-9,7.420573731564888e-10],"3":[2.5581361263028093,1.9618996557749453,0.8501323733527149,0.7741531203334135,0.7442158248610199,0.3280031100121268,0.20124182615780514,0.1926796574338942,0.2605965444074559,0.23578589410383366,0.07231139689215264,0.03395815735476863,0.011793927523454064,0.003510608407229338,0.000824182365322181,0.0002661080273857423,8.779714301642184e-5,3.549989308288559e-5,1.5001980165328044e-5,4.042542212292909e-6,1.2437945992350866e-6,4.275646402362639e-7,1.257942190762312e-7,2.6643132491565143e-8,6.928376073356388e-9,1.813004974666595e-9,5.89672771264766e-10],"1":[2.726040115214969,1.0481085805684458,0.20915757548959563,0.026859405794282885,0.010256042098076035,0.001980454763931396,0.0005861654826598543,0.00013612601559552864,2.9289161037785656e-5,3.6039644867281814e-6,3.828967608042308e-7,9.50142455407122e-8,3.472224433942691e-8,1.1709043483651531e-8,1.7978276462045902e-9,5.860261048175844e-10]}