{"4":[3.339942217670432,1.399739991860907,0.9280480928332443,0.3841763610271125,0.26701978974446866,0.19521557955632274,0.1412535978321467,0.07621457358544312,0.02735426342986889,0.007679639074947779,0.003013054364066795,0.0009020897793378792,0.00029201471631766203,0.000129265373531814,3.984826281404924e-5,1.4671396088224999e-5,4.964272404034775e-6,1.3027135206018975e-6,3.64630648087436e-7,1.3146791307468154e-7,3.492170222628181e-8,1.0120854878359543e-8,2.0053938414268725e-9,8.029452582886694e-10],"2":[2.540994010376084,1.8255656423187079,0.75132100177106,0.5144670800259622,0.4671745304458949,0.24203101903881075,0.12167412072471662,0.05389281792487417,0.014981103143879891,0.005210238235508354,0.0020204386835608965,0.0005973735273584327,0.00015944366540843037,4.309591139309841e-5,1.71113065379731e-5,5.714545323127389e-6,2.5030427562578954e-6,8.566909477142077e-7,1.9830744115448114e-7,7.914325032613324e-8,2.3433866280922388e-8,5.0147521772632304e-9,1.2979840212305075e-9,3.5227844329532613e-10],"3":[2.83364623526399,1.668752903338973,0.8674292071817727,0.4336423804657464,0.28844076811028135,0.2092125666788256,0.13870333615051522,0.06685541137780665,0.019385496349041475,0.006137649663789223,0.0024039925246109916,0.0007100543102027279,0.00021337619803176886,6.905701086767383e-5,2.797532275828262e-5,8.950186634777949e-6,3.856641088548536e-6,1.0967644894179344e-6,2.7754822521982793e-7,1.0502476093700856e-7,2.888197862723238e-8,6.963984464153079e-9,1.6679889200713481e-9,5.215108581299884e-10],"1":[2.6200871449057055,0.7070865210096846,0.1590258904411481,0.012471407081020902,0.0032360690830835525,0.0006870919111094929,0.0002732804800509988,3.7451025958986043e-5,6.680286993772927e-6,2.0602831535257726e-6,4.309582682047223e-7,1.6794253482662378e-7,7.3023990135314e-8,9.125335717120435e-9,1.5892637960998897e-9,3.7498814902005556e-10]}