{"4":[3.318068716787518,2.0596908231253614,1.9523316860206672,1.854003697023539,1.2484434910496687,0.7057155678030912,0.8473421684450484,0.973570898066076,0.661572951057716,0.4172563861574858,0.11096685620921477,0.04916292276472789,0.01785475486665305,0.005071318798497909,0.0019617522757374366,0.0005098786754452002,0.0002505993756865226,7.864109342229969e-5,2.6751016147414743e-5,6.986900193005536e-6,2.1062558219252787e-6,7.062587949756528e-7,2.3144531574878112e-7,3.9465095205752254e-8,1.2648317085907622e-8,4.3063956823018796e-9,1.288881987103944e-9,3.9186279618908704e-10],"2":[2.635341919678219,1.9512685848597213,0.9119163532689234,0.8436647214149955,0.787512182526889,0.35890369656560106,0.24299203101223651,0.2554808761217246,0.3280315464307034,0.26130452780866065,0.07569393513626856,0.03505898198634606,0.012405540398641541,0.0037042461536504756,0.0009198860818720276,0.00028920155013932065,0.00010143709563053615,4.150770602682852e-5,1.652450325791296e-5,4.417529181719844e-6,1.3385440091030524e-6,4.533673115675751e-7,1.3694751322958068e-7,2.7878431869658016e-8,7.530684353523047e-9,2.088663971471488e-9,7.261926797138742e-10],"3":[3.0581686877508294,1.9957343869055744,1.4599348025982097,1.4141354936100916,1.101797128418783,0.585951534762492,0.5728304170495343,0.6885546823513691,0.5923471620986835,0.3721825939878398,0.09814227758499207,0.0438252815621197,0.016146653918614792,0.00464270101077107,0.0015757253482209107,0.0004235516422987508,0.00019360214899518923,6.762618577472917e-5,2.3649600307089916e-5,6.301130692490944e-6,1.8833526097347358e-6,6.244628706768974e-7,2.0243061507101246e-7,3.530335912785733e-8,1.1062180394033013e-8,3.5144725605208773e-9,1.1096298769378825e-9,3.096696287374346e-10],"1":[2.7260400414778148,1.0481084617524659,0.2091575612378536,0.026859404664197617,0.010256042746051651,0.001980454484711332,0.0005861654368333979,0.0001361260262312163,2.9289313347437123e-5,3.605586866185258e-6,3.8899536811075515e-7,1.1184150196577505e-7,6.215534713434472e-8,1.2377167451202536e-8,1.8001667765426046e-9,5.864043564516243e-10]}