{"4":[3.446991253324166,2.09079256598154,2.226192735088246,2.068465656424542,1.2822244854838178,0.7418246327663783,1.0136668151125376,1.112973400703435,0.6461322072909957,0.4105760782957934,0.11467728039467968,0.05101114078065966,0.01840768156000129,0.005196305737056883,0.0021153990954119956,0.0005515326023120814,0.0002747278001527254,8.277599856415471e-5,2.7497190497270574e-5,7.036918651943012e-6,2.094169847947544e-6,7.12465527899103e-7,2.37284873942006e-7,4.077042243335517e-8,1.2898877687359108e-8,4.614353689444001e-9,1.2811859361062633e-9,3.3584892365169746e-10],"2":[2.575471081948819,1.9588076482470393,0.8632413964854323,0.789020282366279,0.7534209521112676,0.3345803039457101,0.21020129914507588,0.2063249284551652,0.27646429914568804,0.24204455562627974,0.07305842003870955,0.034191394972129245,0.01192937747993585,0.0035563380045865426,0.0008450376635089135,0.0002713671442516122,9.078598617964376e-5,3.689963844640628e-5,1.536665527934717e-5,4.129610509601098e-6,1.265508179073717e-6,4.3332619589262216e-7,1.2827073824047287e-7,2.6924039002508044e-8,7.063795942590437e-9,1.8789224823616195e-9,6.324937721039705e-10],"3":[2.8952767227338754,1.9629787969527466,1.2033780285964026,1.1571025208395436,0.9743593986745227,0.49240945146519166,0.42589668643583634,0.5081471304984406,0.5091708666474712,0.3309100548174779,0.08896309707403771,0.040052966485784096,0.014715730209959471,0.004291969432538703,0.001305447832555403,0.00036927358383085203,0.0001553725613436987,5.873391471895437e-5,2.1006400821583764e-5,5.616532781983793e-6,1.6708412432711005e-6,5.543348785857292e-7,1.7750744492199706e-7,3.2288065977553215e-8,9.697415825759165e-9,2.958982375453116e-9,9.517686043223827e-10],"1":[2.7260402761602114,1.0481087909870785,0.20915761070849775,0.026859414540562093,0.010256043203172078,0.001980456180179789,0.000586165650900198,0.00013612619543120036,2.9289929182461036e-5,3.612329691200586e-6,4.184433507254777e-7,1.6267532451450192e-7,6.47644014928637e-8,1.2404074762669619e-8,1.817683026261764e-9,5.980709187715616e-10]}