{"4":[3.4513882240989866,1.4554993697825638,1.1364630223130394,0.7223130191543331,0.5312386336211381,0.2582317218270663,0.14311554768404014,0.07077245476309146,0.027519621097835227,0.007761953972589396,0.0030660694848355665,0.0009207136537776335,0.00030079961868518813,0.00013880532094334662,4.1009920166615734e-5,1.5447836133113186e-5,4.946454540117623e-6,1.2822404446544244e-6,3.4915415053412764e-7,1.2504786188937596e-7,3.411433048235771e-8,1.022759063972017e-8,1.9248249788927723e-9,8.106053470084269e-10],"2":[2.6495380890859805,1.7556134086777764,0.7866955277776331,0.46959110672235205,0.3761804746674646,0.22822670691512553,0.12875103311203856,0.058859555861382924,0.0166000130724879,0.0055207855375064875,0.0021560201108489665,0.0006333162472788824,0.00017964714636349506,5.1430271218812986e-5,2.1310271901633656e-5,6.943541550157027e-6,3.0417457771511454e-6,9.545974555186496e-7,2.265687618971592e-7,8.859573571808482e-8,2.548059408753769e-8,5.688188895563494e-9,1.4458440436608347e-9,4.1521580312543364e-10],"3":[2.523812127015934,1.8328078888841215,0.7431292113476994,0.5125883459809926,0.47124529326818687,0.24174285602314624,0.12030581644066204,0.05313483524883167,0.014735447051652523,0.005168744543603081,0.002002467814939052,0.0005927303499036628,0.00015644423143065624,4.202375004818091e-5,1.650578763704934e-5,5.526381059391012e-6,2.420194299515274e-6,8.408119189135894e-7,1.9438717689020932e-7,7.781418767980084e-8,2.3130834576344217e-8,4.924236592055222e-9,1.2760085141638454e-9,3.4310178339121966e-10],"1":[2.637841354763543,0.8509517155125782,0.17526345376349953,0.018075315459819483,0.006228320101430414,0.001422116318600782,0.00042987726215812047,7.554767938612521e-5,2.1568196740306464e-5,2.9527849515320024e-6,4.958748187388736e-7,1.8763600783970098e-7,3.234618315961987e-8,9.740053289965851e-9,1.884840028450535e-9,5.968426557707582e-10]}