{"4":[3.2123827222636816,1.4331000577095787,0.8897598815618649,0.2911921351720967,0.10167726541603152,0.04543052926362296,0.020809284042420193,0.009954034251434528,0.01028933621661764,0.005788254996399958,0.002785182926750605,0.000864443150809133,0.00027757399320716666,0.00011539386615851821,3.8014109742881116e-5,1.3447113106512404e-5,4.905285364360004e-6,1.297630746612018e-6,3.635749746761893e-7,1.31754456990262e-7,3.459476229078468e-8,9.61518433623844e-9,1.997040553530624e-9,7.511450234743852e-10],"2":[2.565513359413429,1.718169558042133,0.7008925717369411,0.33097085283086264,0.1754809998485061,0.13020512120365046,0.1015835635003915,0.05423722744664127,0.015722415901124207,0.005354045446689421,0.002088740184857627,0.0006122625203126711,0.00016938854993607186,4.7081360356583534e-5,1.920083393096011e-5,6.334268875723922e-6,2.77632951113838e-6,9.065022096900248e-7,2.1289922746547984e-7,8.439526078242962e-8,2.450277522028957e-8,5.3561877283540685e-9,1.3797199706784227e-9,3.8523360921141556e-10],"3":[3.037893546954462,1.7620089406288568,1.1525863823341294,0.8039154990848832,0.5870602673753131,0.3046281321149044,0.16719751873616356,0.07510829542310933,0.02199914297741896,0.006684734158593688,0.0025974080614475296,0.000782047829923835,0.00024185382336727634,8.630954882424708e-5,3.279308800976277e-5,1.0702228759078627e-5,4.4183133143981e-6,1.2046037718039398e-6,3.1848477478586397e-7,1.1768370404728313e-7,3.161574130155025e-8,8.046627266677894e-9,1.8020290205850049e-9,6.078584409087461e-10],"1":[2.6242223944968477,0.7608122409152889,0.16471315572625858,0.014657546397604127,0.004467549221445446,0.001072575458948191,0.0003579521933280972,5.088393077569371e-5,1.5313544236914796e-5,2.6187083313636633e-6,5.059326595965426e-7,2.16040062229156e-7,8.735131783878958e-8,1.0823230545739808e-8,1.7575259552106507e-9,4.709827589337606e-10]}