{"kgrid":[1,1,1],"a":11.363142857142858,"temperature":0.0,"Ecut":50.0,"lattice":[[0.0,5.681571428571429,5.681571428571429],[5.681571428571429,0.0,5.681571428571429],[5.681571428571429,5.681571428571429,0.0]],"n_electr":8,"n_bands":4,"α":[0.6,0.6,0.6,0.6,0.6,0.6,0.6,0.6,0.6,0.6,0.6,0.6,0.6,0.6,0.6,0.6,0.6,0.6,0.6],"energies":[-7.381845565002209,-7.384632175321119,-7.354046595557746,-7.386482612441235,-7.3868697676035335,-7.386210855611699,-7.387092209507225,-7.387077359507713,-7.387094118973064,-7.387099027096459,-7.387099414444389,-7.387099713370705,-7.387099769257539,-7.387099769473146,-7.387099775474798,-7.387099775741597,-7.387099775747311,-7.3870997757651615,-7.387099775765333],"residuals":[[1.5395639712978613e-8,2.8846990817290858e-8,1.0800673773032827e-8,1.885187997939362e-8,7.838488278297938e-8,2.8089528164556327e-8,1.3921371290712567e-8]],"smearing":"DFTK.Smearing.None()","ndiag":[1,1,1,1,1,1,1,1,1,1,1,1,1,1,1,1,1,1,1],"fft_size":[54,54,54],"eigenvalues":[[-0.19862530806112894,0.17569177525058013,0.17569177718295623,0.17569177941589542,0.18183021500472318,0.25821361658688413,0.2582136169276071]],"n_kirred":1}