{"kgrid":[1,1,1],"a":11.363142857142858,"temperature":0.0,"Ecut":50.0,"lattice":[[0.0,5.681571428571429,5.681571428571429],[5.681571428571429,0.0,5.681571428571429],[5.681571428571429,5.681571428571429,0.0]],"n_electr":8,"n_bands":4,"α":[0.6,0.6,0.6,0.6,0.6,0.6,0.6,0.6,0.6,0.6,0.6,0.6,0.6,0.6,0.6,0.6,0.6,0.6],"energies":[-7.381699919162075,-7.385854764680444,-7.37905900560146,-7.3870350137094505,-7.387057466294229,-7.386934448646202,-7.3870929332303845,-7.387098745361694,-7.387099452164469,-7.387099174609273,-7.387099772107492,-7.387099769840802,-7.387099775194012,-7.38709977573709,-7.387099775764541,-7.387099775761616,-7.387099775765465,-7.387099775765484],"residuals":[[5.590220440167761e-9,8.140963177564043e-9,1.0213087228550441e-8,7.738759006327047e-9,4.3874305691012206e-9,5.357854452571429e-9,2.5769117340857197e-9]],"smearing":"DFTK.Smearing.None()","ndiag":[1,1,1,1,1,1,1,1,1,1,1,1,1,1,1,1,1,1],"fft_size":[54,54,54],"eigenvalues":[[-0.1986253048813581,0.17569177950880963,0.1756917802768555,0.17569178084151674,0.18183021820232476,0.2582136199271175,0.2582136214128681]],"n_kirred":1}