{"kgrid":[1,1,1],"a":11.363142857142858,"temperature":0.0,"Ecut":50.0,"lattice":[[0.0,5.681571428571429,5.681571428571429],[5.681571428571429,0.0,5.681571428571429],[5.681571428571429,5.681571428571429,0.0]],"n_electr":8,"n_bands":4,"α":[0.6,0.6,0.6,0.6,0.6,0.6,0.6,0.6,0.6,0.6,0.6,0.6,0.6,0.6,0.6,0.6,0.6,0.6,0.6],"energies":[-7.382125697091865,-7.385773323354178,-7.370699865653345,-7.387053065741915,-7.386827403086516,-7.386842906859931,-7.387067961332648,-7.387090883500619,-7.387097692130989,-7.387099286758949,-7.38709965098351,-7.387099763397462,-7.387099774754251,-7.387099774529007,-7.3870997757310315,-7.387099775758221,-7.387099775756765,-7.387099775765139,-7.387099775765441],"residuals":[[3.2266584854970215e-8,2.5274999738858637e-8,2.8598359470260223e-8,7.600134096650023e-9,3.998817010455017e-8,2.6473933455231006e-8,1.0756818192531667e-8]],"smearing":"DFTK.Smearing.None()","ndiag":[1,1,1,1,1,1,1,1,1,1,1,1,1,1,1,1,1,1,1],"fft_size":[54,54,54],"eigenvalues":[[-0.1986253053155027,0.17569177308306363,0.1756917781743568,0.17569178939726768,0.1818302176938949,0.25821361597765613,0.25821362314399005]],"n_kirred":1}