{"4":[2.4906112092936743,1.9900823748158207,0.7562986830461428,0.7420163319962664,0.7549180765906987,0.35302176732709556,0.27658418166819904,0.3865028708658223,0.7926230014443884,0.9151907823123515,0.30440350419442735,0.14941245566816855,0.04929164138829793,0.01375113762749022,0.0028483164388248615,0.0008467627689057946,0.00026829349588861605,9.266219602000658e-5,3.340879361906559e-5,1.1300806388732849e-5,3.965201889331127e-6,1.4492850786125242e-6,4.714579157646627e-7,1.1348742586735592e-7,2.7136915365408623e-8,6.543589675246685e-9,2.197668317783038e-9,8.130313999286494e-10],"2":[3.3454697291612407,2.2064311544978747,2.148558720442827,2.759556906068534,2.356649665249255,1.875900473115243,3.5510076945002167,4.737610551622512,3.415596886468917,1.944110257958543,0.48556401864620635,0.21657367340710493,0.08048358146359454,0.02219212423562924,0.0071278959065031395,0.0016900544489472959,0.0008009838909342231,0.00025048102631490765,9.27576143706368e-5,2.8283560062215843e-5,8.687015654309751e-6,2.821130312004277e-6,9.72643940572556e-7,1.785658325503595e-7,6.035933768948353e-8,2.01335236727502e-8,6.101146620965291e-9,1.927280263131873e-9,2.038697472191547e-9,1.779082603016781e-9,5.03914131417558e-10],"3":[3.224916133041308,2.1459373242723343,1.8400514218331685,2.3816013176398028,2.1477735273574425,1.6224440392121031,2.8534678334816546,4.101898444172354,3.3121474904644215,1.8614428063094508,0.4616148075389039,0.20644054436837123,0.07694702028290275,0.021314235786476277,0.0066381119461478115,0.0015525551161200098,0.0007234667776785745,0.0002299612402478491,8.560547486913474e-5,2.6868664236631255e-5,8.323831333169774e-6,2.6794588019291103e-6,9.274868800891251e-7,1.7072606037024291e-7,5.6895791080099106e-8,1.856076291523593e-8,5.854975521403868e-9,1.9909376551092322e-9,2.1856525194534593e-9,1.7962803005286685e-9,4.788398420248426e-10],"1":[2.78706790593255,1.0819494927544,0.21748276293047605,0.028603130136431055,0.011172514527953512,0.002244871561492225,0.0006293069223138458,0.0001596618038377853,3.661154508456827e-5,4.64318945996691e-6,4.777823094063916e-7,7.543188156787626e-8,3.7217257398498145e-8,1.5028832430393337e-8,1.7510000666171518e-9,5.568718775405585e-10]}