{"4":[3.0040686886366643,1.8563680543046184,1.0815614575500818,0.867771472979981,0.6191763648042454,0.2898959249604547,0.15223432979523033,0.0661376916951186,0.018966930773843104,0.0058199689940364755,0.002377340561475704,0.0006772533032837379,0.00019029921469301315,5.882584641037144e-5,1.9527125255099344e-5,6.713877953542243e-6,2.629713887019766e-6,9.109212619192511e-7,2.589406569838855e-7,9.277846288923199e-8,2.543052824628462e-8,7.248767944935133e-9,1.781711421444649e-9,5.755061494253593e-10],"2":[2.3074571729269553,1.8253450462388372,0.5524587606794173,0.27366567406041137,0.17575513734136183,0.11106129773629293,0.06881876957029831,0.03611493712865857,0.010218962585015062,0.004274397884154623,0.001656588272845962,0.00046888099027196797,9.003129243930203e-5,2.3281237255100497e-5,7.391476228059428e-6,2.414656297982715e-6,7.18886721212331e-7,2.846224077059058e-7,5.939571909645577e-8,1.7222833964702772e-8,8.088171546216858e-9,3.112865031464274e-9,8.625015813038385e-10],"3":[3.447133692653451,1.5717181990629663,1.1725445062799096,0.7699394079313547,0.5483648196073599,0.26037521437357336,0.15364863659345204,0.0726383811293571,0.02543267764500418,0.007095336735557906,0.0029357162938451822,0.0008360574388753105,0.0002329704591044081,9.799128654948006e-5,2.6885374188191223e-5,1.1418238409505243e-5,3.699178386201941e-6,1.1684449394940548e-6,3.3560185513664327e-7,1.1349114118988864e-7,2.994341370599705e-8,9.81425259656134e-9,2.0093873172754336e-9,8.350233810062693e-10],"1":[2.7190134852128094,0.9588379795895287,0.19369056683565916,0.022644685816855838,0.008371423789218901,0.0018411148079432367,0.0005294937676257397,0.00011411649680784667,3.115578517791989e-5,4.202459740895562e-6,5.303666822044854e-7,1.8090518568571412e-7,4.912606145142211e-8,1.5003205724422163e-8,2.368271338955414e-9,6.870088280555757e-10]}