{"4":[2.459374441755432,1.8844081469466212,0.6678282030345349,0.5137825706141589,0.4966535011667541,0.23373805479962856,0.10708937345598249,0.045832169266517904,0.01228066666310324,0.00459591493175227,0.0018393177915073243,0.0005183161564224711,0.00012102026432207763,2.8979999103679707e-5,9.878715334190297e-6,3.1312457852394034e-6,1.1101874709336324e-6,4.6958774554728e-7,1.2935525554317145e-7,5.5113915491074395e-8,1.7743492714006734e-8,4.233774546527952e-9,1.119669551839699e-9,2.852130263937117e-10],"2":[3.2372398522544423,1.5113968713623123,0.8984328541980675,0.32228649135482224,0.15931382082462323,0.11787794254870969,0.1095658661340775,0.06736322705940982,0.0233484093903663,0.006714046381990161,0.002778817951065725,0.0007904119614222752,0.0002218160714760211,8.561356918669461e-5,2.4588185580035564e-5,9.761115321769036e-6,3.4182101001748974e-6,1.1096746008198425e-6,3.2403849485477083e-7,1.1147926212153144e-7,2.934536759462467e-8,9.2815238983727e-9,2.054833197816663e-9,7.671326716796858e-10],"3":[3.1722814739319345,1.6976014822735621,1.096942805016673,0.7149817170384926,0.5164625514750927,0.2788241799331764,0.1641643272056051,0.0730054238722339,0.02210117148082486,0.006443725834139197,0.002643702000549184,0.0007558964111794329,0.00021371327995985,7.648676356102775e-5,2.309946586938453e-5,8.693680930208525e-6,3.183712081319415e-6,1.0566970695385696e-6,3.063693882735849e-7,1.0644804626109712e-7,2.835824830739921e-8,8.669820131776801e-9,1.9844831127437223e-9,7.041747276428978e-10],"1":[2.689085313076764,0.8395046301017333,0.17713113714838427,0.017854044709768133,0.005952847026857742,0.0014134307131440688,0.0004441051380073479,7.520211958258429e-5,2.3991521693365775e-5,3.755720291114389e-6,5.479413530550324e-7,2.0970490139607096e-7,8.371403768914203e-8,1.693050649643194e-8,2.2614040419724137e-9,5.26739695173387e-10]}