{"4":[2.3888023620752463,2.025870011656945,0.7574988791428535,0.6727463576527799,0.6784835064180925,0.2573237683815359,0.0918631183964229,0.04540126591295961,0.037694854082277233,0.09481314277136818,0.13660286385037407,0.11910945477034254,0.04197974965594127,0.010456434708166602,0.0022560518954169396,0.0007008410384018193,0.00022070871992568077,6.741029745159803e-5,2.3774687506777938e-5,6.203602600851337e-6,1.586382428597735e-6,4.584792634081095e-7,2.294315139951764e-7,8.714606962010347e-8,2.191883094128081e-8,4.183588723162163e-9,1.045996598133996e-9,2.53564134534763e-10],"2":[3.39452131573777,2.231225876080184,2.2819071356713643,2.912574936030576,2.429903525888049,1.976270376073261,3.864748939093168,4.979572617348967,3.4184997734128895,1.9623260525528936,0.4939071988554324,0.22021028335935902,0.08173070729888562,0.0224941827908862,0.007295549975802781,0.0017452184550863518,0.0008303139023697875,0.0002586768649888024,9.533020148911523e-5,2.8700006888240676e-5,8.772102146304742e-6,2.8608382611937905e-6,9.848944560843047e-7,1.810649735318741e-7,6.132152051745283e-8,2.0625595933153764e-8,5.968357049052438e-9,1.3616483117051216e-9,3.628178349126388e-10],"3":[3.1878463516576665,2.1277332501724135,1.750990373977118,2.265764326331696,2.075794291141573,1.5428189010585875,2.6557413282350053,3.8959161713888495,3.2581076994637184,1.8284811597859632,0.45352213134524566,0.20304822570864153,0.07572175196088747,0.021008229938655264,0.006466642844266961,0.001510025614975376,0.0006981846805528335,0.00022351027968231605,8.318991611191967e-5,2.6331251703420973e-5,8.176169013138752e-6,2.6261075966551073e-6,9.099780078775541e-7,1.6794260549430893e-7,5.5564856842175923e-8,1.794291318811454e-8,5.523495521395133e-9,1.373306432857673e-9,5.496325192567138e-10],"1":[2.787067934845224,1.0819495273170936,0.21748276732389227,0.028603131921035568,0.01117251488428825,0.0022448717564872017,0.0006293069690793313,0.00015966180630865685,3.661153239602698e-5,4.643057397522474e-6,4.772311679359177e-7,7.393641756932405e-8,2.953867186430846e-8,1.3819433588835592e-8,1.7469800707401225e-9,5.558578597070789e-10]}