{"4":[2.3347517348598603,1.8938925402531825,0.6231130392153327,0.42382807319610966,0.4434223816177895,0.21738543327409993,0.08484369613273476,0.03721478286149064,0.010270887843513748,0.004277476067266851,0.0016510319003108125,0.0004702250525960765,8.990606069220185e-5,2.3203684182748767e-5,7.3637021327852775e-6,2.409242272087817e-6,7.139568105295306e-7,2.8289420970650434e-7,5.8909217169470846e-8,1.655623544087407e-8,7.616510087329205e-9,3.0440563274008016e-9,8.557041650289853e-10],"2":[3.349596106142602,1.722146273579331,1.3066175796973782,0.9552213504310174,0.6200849086053832,0.2894553803494342,0.16846761026347182,0.07576343215299432,0.024230832023338218,0.006852386191341067,0.0028084290751069383,0.0008051683664515382,0.0002276022552203104,8.879921751003865e-5,2.5390461274385783e-5,1.021249377229367e-5,3.501814580735157e-6,1.138238347721932e-6,3.296345210644443e-7,1.1269600436033637e-7,2.987009024076463e-8,9.477481221405772e-9,2.0468089773514606e-9,7.89453003843833e-10],"3":[3.100852151796278,1.593849133852811,0.9069097489421127,0.3884630592385205,0.2301863087238107,0.17527643856735675,0.13699558323823033,0.06947876182235076,0.02152005845619768,0.006332908054747278,0.002611691514225664,0.000741734959586464,0.000208926258431643,7.372055699194336e-5,2.2487893751247723e-5,8.34980196812257e-6,3.1034356424083767e-6,1.0310490964818395e-6,2.993616716357335e-7,1.0473771539017272e-7,2.7839323359055823e-8,8.457056050275821e-9,1.970458476421555e-9,6.845112244576998e-10],"1":[2.705857685924288,0.9181550685984224,0.18746122880496446,0.0209374862481874,0.007534946792977645,0.0017049324330478547,0.000500714881291514,0.0001003161902399345,2.9080116704425457e-5,4.057098817761838e-6,5.393775841676894e-7,1.9581798588859647e-7,5.4183733646794155e-8,1.705553493323711e-8,2.371369505880399e-9,6.401793105987255e-10]}