{"4":[3.001734814745207,2.04459340573108,1.3534571520611995,1.7080703303588594,1.6756726213154702,1.1423846263512552,1.764630466874779,2.8177095727922175,2.862683381622651,1.6344997630496392,0.40993263148286346,0.18504910235111913,0.06868790225867305,0.019284201769748585,0.005490347062365335,0.0013015375738861677,0.0005651221855325577,0.00019000922011643811,7.00010886164494e-5,2.304790161384885e-5,7.262260117441478e-6,2.3187333535466057e-6,8.028448025952293e-7,1.5266106341618552e-7,4.801488223677841e-8,1.5082128615431117e-8,4.887391285612023e-9,1.4945991070268277e-9,1.2322224781570788e-9,1.3641109929294637e-9,4.082581153868791e-10],"2":[2.3892635545806433,2.0256446521804903,0.7566682158287628,0.6720809870442227,0.6779108820749014,0.2576896878469539,0.09284694813593367,0.04680575145837654,0.04197939687896052,0.10762346589770949,0.14742372281680402,0.12188703351138738,0.04212988855153834,0.01048930284258128,0.0022599982268247535,0.0007013094683934343,0.00022088700891628976,6.756770302599583e-5,2.3813623331678595e-5,6.2399642593737e-6,1.608637745021185e-6,4.78858277164919e-7,2.4228471643001023e-7,8.882768505752704e-8,2.2011716649783698e-8,4.240769401698068e-9,1.200971627972708e-9,8.381661882912638e-10],"3":[3.53483141737704,2.301684082673829,2.6880296746374217,3.3449180432796486,2.6006592601913887,2.2549223769321203,4.910457523790076,5.610244820576104,3.232801769368609,1.9176124066309626,0.5089580274215524,0.22820422992077105,0.08467309278434905,0.02317130085288009,0.007666520530635611,0.0018994241577960807,0.0009071523057359004,0.00028190562002171273,0.00010152546091869751,2.9298750768478662e-5,8.734661583033148e-6,2.886840782164184e-6,9.91161158766357e-7,1.846110708939321e-7,6.224275930145651e-8,2.262207793046181e-8,7.606092611985407e-9,5.875148803766706e-9,6.3691179917304895e-9,2.0645928438090737e-9,5.216736977450111e-10],"1":[2.7870678219866987,1.0819494335721545,0.2174827591348291,0.02860313058271856,0.011172514929549522,0.0022448715902350226,0.000629306898311443,0.00015966178601287923,3.6611532184579214e-5,4.643035247874785e-6,4.77131760509854e-7,7.383032828972302e-8,2.862043289397462e-8,1.102748832386215e-8,1.7375600473001443e-9,5.564649392466546e-10]}