{"kgrid":[1,1,1],"a":11.389714285714286,"temperature":0.0,"Ecut":50.0,"lattice":[[0.0,5.694857142857143,5.694857142857143],[5.694857142857143,0.0,5.694857142857143],[5.694857142857143,5.694857142857143,0.0]],"n_electr":8,"n_bands":4,"α":[0.6,0.6,0.6,0.6,0.6,0.6,0.6,0.6,0.6,0.6,0.6,0.6,0.6,0.6,0.6,0.6,0.6,0.6,0.6,0.6],"energies":[-7.3825766426003785,-7.385479982013767,-7.351612021378198,-7.386159367466095,-7.386750697624619,-7.386987760435854,-7.387250218122817,-7.387222445122111,-7.387345001341785,-7.38734821018754,-7.387348847568946,-7.3873490426722945,-7.387349178892707,-7.387349242988863,-7.387349252293186,-7.387349254487322,-7.387349254519842,-7.387349254604217,-7.387349254607333,-7.3873492546066455],"residuals":[[2.4201278037977257e-8,4.1251574493030715e-8,3.1352806271989725e-8,3.5180208030046854e-8,6.232435018747975e-8,2.5594032905377812e-8,1.0291227093631016e-7]],"smearing":"DFTK.Smearing.None()","ndiag":[1,1,1,1,1,1,1,1,1,1,1,1,1,1,1,1,1,1,1,1],"fft_size":[54,54,54],"eigenvalues":[[-0.1996371598249179,0.17331886251477427,0.17331888084276081,0.17331888406704596,0.1771418084387903,0.25569467893094,0.25569468443414484]],"n_kirred":1}