{"kgrid":[1,1,1],"a":11.389714285714286,"temperature":0.0,"Ecut":50.0,"lattice":[[0.0,5.694857142857143,5.694857142857143],[5.694857142857143,0.0,5.694857142857143],[5.694857142857143,5.694857142857143,0.0]],"n_electr":8,"n_bands":4,"α":[0.6,0.6,0.6,0.6,0.6,0.6,0.6,0.6,0.6,0.6,0.6,0.6,0.6,0.6,0.6,0.6,0.6,0.6,0.6,0.6],"energies":[-7.382169933177082,-7.385730987553918,-7.358740545930057,-7.38710774456613,-7.387076242884232,-7.385653801115621,-7.387301795190698,-7.387334457093926,-7.3873350816722665,-7.387348857175271,-7.387348857650599,-7.38734901228861,-7.3873492325007675,-7.387349250621314,-7.387349254261505,-7.3873492544853185,-7.38734925455646,-7.3873492546029915,-7.387349254607096,-7.387349254607553],"residuals":[[4.6982686549239394e-8,2.3121426746372527e-8,4.439993991496642e-8,1.7103619568331896e-8,3.2499883112447904e-8,1.8726842250144826e-8,2.3234153400198527e-8]],"smearing":"DFTK.Smearing.None()","ndiag":[1,1,1,1,1,1,1,1,1,1,1,1,1,1,1,1,1,1,1,1],"fft_size":[54,54,54],"eigenvalues":[[-0.19963715554730305,0.17331887993728626,0.17331888264973055,0.17331888459297679,0.1771418104817078,0.2556946826563805,0.25569468440423854]],"n_kirred":1}