{"kgrid":[1,1,1],"a":11.389714285714286,"temperature":0.0,"Ecut":50.0,"lattice":[[0.0,5.694857142857143,5.694857142857143],[5.694857142857143,0.0,5.694857142857143],[5.694857142857143,5.694857142857143,0.0]],"n_electr":8,"n_bands":4,"α":[0.6,0.6,0.6,0.6,0.6,0.6,0.6,0.6,0.6,0.6,0.6,0.6,0.6,0.6,0.6,0.6,0.6,0.6,0.6,0.6],"energies":[-7.382459834864138,-7.385899899569784,-7.357787638527997,-7.38682252361969,-7.387194358895815,-7.384932094511194,-7.387199744770777,-7.387340265642444,-7.387338110574412,-7.3873487419146215,-7.387349029274462,-7.3873490049728145,-7.387349220047037,-7.3873492332023565,-7.387349253557813,-7.3873492536597976,-7.387349254508999,-7.387349254578234,-7.387349254606335,-7.387349254606912],"residuals":[[7.515106673151352e-8,4.035532285424613e-8,3.223333542385339e-8,6.887654466668322e-8,1.695978962328756e-7,1.5198363183080377e-7,9.260699715736066e-8]],"smearing":"DFTK.Smearing.None()","ndiag":[1,1,1,1,1,1,1,1,1,1,1,1,1,1,1,1,1,1,1,1],"fft_size":[54,54,54],"eigenvalues":[[-0.19963717746467063,0.17331883534423118,0.17331886305493704,0.17331886983608738,0.17714178894591498,0.2556946637383296,0.2556946769659056]],"n_kirred":1}