{"4":[2.5060068893742127,1.987662738362815,0.7612332745397211,0.7623230343183474,0.7802753910851499,0.3778566577496724,0.32695118246464044,0.49843351701651506,1.0938278902982488,1.4118381009501295,0.48615664879812703,0.23999072358707885,0.07957649838898162,0.02218818130125942,0.0045951556166906205,0.0013456916470643244,0.00043056604573071735,0.000149582295275272,5.208312723698682e-5,1.784074352491238e-5,6.284041953611399e-6,2.2788384267294728e-6,7.565170239583206e-7,1.8272293076613235e-7,4.447923192103669e-8,1.2545092951312195e-8,9.907843485116058e-9,1.001863249968768e-8,5.176031125270474e-9,1.7472716079655648e-9,4.322082968957098e-10],"2":[2.920602446229632,2.0210430604224543,1.2092029125379782,1.5325221251616503,1.5791485311279814,1.0754197656887157,1.6831185817745142,2.97815986599377,3.7773719148384783,2.4155484799044973,0.619128067893147,0.28264901109048846,0.10419082600122899,0.029347033784547005,0.007885280490683716,0.0018845786707251439,0.0007806015117507984,0.000267013839286154,9.639244740799948e-5,3.315969652841079e-5,1.0682010975131325e-5,3.399913057006602e-6,1.1804420138501242e-6,2.329895444644133e-7,7.23314337690815e-8,2.6280572309257957e-8,1.8876985505147983e-8,1.9281533908456008e-8,1.0074880614500533e-8,2.907188721491911e-9,6.22696457502443e-10],"3":[3.5781187234004603,2.345641490253914,2.860809734188367,3.6698975498847983,2.9166204596706984,2.7305795331145952,6.708920687043127,8.284804467728994,4.859472671511262,2.9642503789269243,0.808712049344516,0.3662538885693566,0.13663265909486746,0.03715965259261295,0.012049840511460998,0.003002279782798156,0.0014140984570223973,0.00044236583948800966,0.00015934211287177785,4.6351298802354e-5,1.3694762849449282e-5,4.517505517150459e-6,1.5494009815610827e-6,2.9556061910993233e-7,1.033913223621146e-7,4.7850450344875764e-8,3.5181820207298674e-8,3.6430070881316737e-8,1.410446757024566e-8,3.2452576719324674e-9,8.203126362334427e-10],"1":[2.793780512949833,1.0854773947576695,0.21842464461965438,0.028789828884287,0.011267921320518069,0.002275479569966672,0.000632360323149517,0.00016229402432308508,3.734769384937266e-5,4.7909288467076985e-6,4.868453380653481e-7,8.12980688735265e-8,4.241286068480626e-8,1.564217452750907e-8,1.8286186280481945e-9,6.482425857931477e-10]}