{"4":[3.3246182323184517,2.2104085434634992,2.110771521082847,2.821516256728057,2.5300547553385173,2.1016200076870253,4.227309677951276,6.318596758257472,5.167722633283704,3.0524663613717884,0.7639228691434108,0.3424575733397643,0.12766672668519086,0.03507045733747063,0.011000834371487758,0.002574596447077469,0.0012046477986894703,0.00037694852706139084,0.00014006900740222121,4.404451027467516e-5,1.3620451917103892e-5,4.392184722204732e-6,1.5224742951830428e-6,2.835078015099601e-7,9.617685430748404e-8,3.247074822930988e-8,1.15499941158662e-8,8.063118669493542e-9,9.125494471612158e-9,3.4526317709136947e-9,8.055649916370468e-10],"2":[2.777337504297794,1.9858103312603532,1.006407508173145,1.1930119139570625,1.2500865294532113,0.7781383162096754,1.0833689984671575,1.948652245188983,2.98944762855139,2.149849932625207,0.5685150798304872,0.2639818186611358,0.09502797188797939,0.027123524728343743,0.006663757970132369,0.0016853630541360032,0.0006401979548365698,0.00022710642383864187,8.069774109262908e-5,2.8361837472866793e-5,9.386809197846238e-6,3.0331753388558473e-6,1.0311582997444767e-6,2.148175879347899e-7,6.151725170315508e-8,1.9694960678736708e-8,1.0817784289463137e-8,1.081294320639056e-8,7.722727109802019e-9,2.531008617107653e-9,5.553447120487731e-10],"3":[3.1813846689339567,2.1350107978686186,1.7437120281896965,2.3380162581285426,2.2255284086647262,1.731548603418904,3.187683567698681,5.140733550097446,4.846988196065492,2.8691651928499935,0.7166420640621565,0.32241966644487424,0.12049514897786118,0.03329219281311819,0.010055763089631598,0.002322122169659559,0.001062297461871693,0.00033909934604980414,0.00012582187151455806,4.097378946871997e-5,1.2821355112620006e-5,4.09404927509935e-6,1.4280259750322783e-6,2.6748889224793557e-7,8.91064198474769e-8,3.0072088196366624e-8,1.2942214018643977e-8,1.1930043269923867e-8,1.0327944570494982e-8,3.385895100917101e-9,7.498099651361509e-10],"1":[2.793780476482721,1.0854772504216912,0.21842464645176707,0.028789846231568196,0.01126792950254382,0.00227548104455785,0.0006323605288590669,0.00016229397132190142,3.734767668930324e-5,4.7906826715380905e-6,4.857971981873155e-7,7.812093065388116e-8,3.051879776278184e-8,1.3889098198897068e-8,1.7493130402920044e-9,5.690322332930876e-10]}