{"4":[2.427163533653312,1.766460553006712,0.5726009760079702,0.26990131904355646,0.10743682744908753,0.06003277856339089,0.056615730821907496,0.04038401248587001,0.012231151842043646,0.004577167181243075,0.0018499664381694018,0.000513805422731446,0.0001213068291339365,2.893995278782411e-5,9.906786207608563e-6,3.1340287599154523e-6,1.0996342050084067e-6,4.5505723972319365e-7,1.2727133068019603e-7,5.4772568446574515e-8,1.747197239485393e-8,4.268492376426695e-9,1.1392704321672533e-9,2.9478522224202945e-10],"2":[2.9054800800843275,1.8159714351948646,0.9443631000834636,0.7139584285506283,0.5452978643102083,0.270324157598096,0.1426555219284952,0.06240406690709058,0.017717447305545215,0.005513611767644551,0.0022677037848701878,0.0006381267536441284,0.00017660438247976373,5.118595131444826e-5,1.717857156677823e-5,5.757111241814705e-6,2.251783503980844e-6,8.107901992881449e-7,2.3299706508427435e-7,8.520091185855384e-8,2.3576553935888804e-8,6.642063999865409e-9,1.697680384076148e-9,5.279624797173415e-10],"3":[3.5057316042625515,1.639626623251286,1.324487840326528,0.9712009937342003,0.6185139608639754,0.2619861183701216,0.14852090548831662,0.07016098012257067,0.025267428091348607,0.007063646993726501,0.002945556540235106,0.0008370791993935834,0.00023008191474192458,9.657928172614562e-5,2.6016222187097916e-5,1.1275277689282472e-5,3.6009327802357695e-6,1.1563862211629776e-6,3.313290132884858e-7,1.1090465868403692e-7,2.923604621333477e-8,9.731933359265268e-9,1.9595417306734215e-9,8.35343238490899e-10],"1":[2.727736502274718,0.9679164423203813,0.1954906443545554,0.023057813675815546,0.00856307029675981,0.0018823344236265536,0.0005375804186007845,0.0001179151011516487,3.210206983893903e-5,4.356381654729004e-6,5.410874329632111e-7,1.7684916463492646e-7,1.0398278839492559e-7,2.032049854578137e-8,2.514555146407119e-9,7.612486237379064e-10]}