{"4":[3.239128715495759,1.597696942037608,1.0138700806912258,0.5411962714859935,0.3971481419907433,0.24501638002957915,0.15948554936484027,0.07369093593945687,0.02312877373474838,0.006600939137827169,0.002735259432632917,0.0007777979022620984,0.0002167994091006263,8.116197595152847e-5,2.316242731364479e-5,9.146670270992523e-6,3.2088826061112765e-6,1.0738729947511932e-6,3.15613935168292e-7,1.0831783674913504e-7,2.8571368021080076e-8,9.105839966636288e-9,2.041854851747824e-9,7.534934788751687e-10],"2":[2.7438201931724264,1.7883158317405268,0.7931029481473568,0.5442008762904877,0.44130039108179075,0.23881887769136628,0.12782848983014253,0.05676905185002617,0.01598479143103634,0.005144925535161418,0.0021079278324532434,0.0005869509658257226,0.00015859946360326826,4.2024048795234125e-5,1.4682136744575957e-5,4.739137271770016e-6,1.8608173629010854e-6,6.984410196366934e-7,1.9849610897214482e-7,7.585385713207713e-8,2.159170875957644e-8,5.742303012705717e-9,1.5305475150828786e-9,4.5119753568103226e-10],"3":[3.0869775752713413,1.5791319930049963,0.8645183078794039,0.31410967324064304,0.12338973392117857,0.08020079556134707,0.08014829441367831,0.058831991515078154,0.020723805171275107,0.006205409127562688,0.0025858738830081785,0.0007315461037130284,0.00020402267371954515,7.08482109406335e-5,2.126451088767142e-5,7.905804480838421e-6,2.9160118453907835e-6,9.928951774777573e-7,2.9162935507953085e-7,1.0196995073280506e-7,2.7044813895982083e-8,8.340013663697902e-9,1.966454857398181e-9,6.776665000468873e-10],"1":[2.6856300461271503,0.7505759514087719,0.1676270761255583,0.01437392722709877,0.003980057658275196,0.000894599961646874,0.00034255399854812174,5.1467659616441193e-5,1.2026054768618954e-5,3.1724917778188092e-6,5.217177678073435e-7,2.065757562803874e-7,4.81123963894538e-8,1.2928666887446724e-8,2.0830455211697534e-9,3.8956419827425923e-10]}