{"4":[3.485934865625591,1.855263239181763,1.6141972761689674,1.2832319931061857,0.6986105035804331,0.28616418260992055,0.16305261193264065,0.07444709413621695,0.0248769231267465,0.00696910872084169,0.0028687168132231103,0.0008212410878199329,0.00022970624081929215,9.181089595932567e-5,2.5349343021545837e-5,1.0620907262074287e-5,3.491841153359353e-6,1.1489541712564744e-6,3.3142327098673604e-7,1.1177562033775251e-7,2.966529132248113e-8,9.684545722468495e-9,2.0232758372689025e-9,8.248419774591599e-10],"2":[2.5055345892862415,1.7815246306205794,0.6309685594532396,0.3606548839315639,0.26972282177596946,0.1747609659270116,0.10386026816428678,0.048163983011804606,0.01338072586600587,0.004715447178335996,0.0019008384520733705,0.000529118444602692,0.00013114830773954347,3.154414708792423e-5,1.1029735836263099e-5,3.4814216570447144e-6,1.2790075016146642e-6,5.203367660742859e-7,1.465144876684169e-7,6.100316909029387e-8,1.86420352616841e-8,4.590485629202852e-9,1.2391782962710493e-9,3.3505026633083516e-10],"3":[2.9730001215022113,1.6740597822267531,0.8783554966034969,0.4502883459189001,0.30581836183137795,0.21216926168165987,0.14057758084537103,0.06571826408833413,0.01927610910438682,0.005838178656150589,0.0024170637301247507,0.0006802545760792779,0.00018954889984831679,5.9943430912011306e-5,1.9143495702949418e-5,6.694814356866373e-6,2.569119792252952e-6,8.975865488421987e-7,2.610361603378864e-7,9.338254176161305e-8,2.5199835728446522e-8,7.432430928192477e-9,1.8358829803856255e-9,5.963278930822347e-10],"1":[2.758783266208105,1.033197041001613,0.20730829787910054,0.02608761627671846,0.010004906909907779,0.0020996679592644313,0.0005872454611454434,0.000141797623963271,3.5100882673190045e-5,4.595217607339736e-6,5.137249569669312e-7,1.3720120920148339e-7,5.0358642526671084e-8,1.7592906807727337e-8,2.363098840613297e-9,7.974092098348687e-10]}