{"4":[3.496276768870708,2.3022898928992976,2.604731546140967,3.3985217830506644,2.8139269332356847,2.5307637728357397,5.771779241766363,7.661818025603575,5.1466016588281756,3.10058135363363,0.8047237161176443,0.3612407495317861,0.13430318152680393,0.03664293352320257,0.011805090429047442,0.002867982693016182,0.0013524148388261074,0.0004212259713341851,0.000154010834578516,4.611535105027564e-5,1.3928918658986048e-5,4.561599392252803e-6,1.5695886873838888e-6,2.949068814154809e-7,9.995890973025498e-8,3.4624394945115755e-8,9.747607092593651e-9,2.5126061653176914e-9,1.8996706184508688e-9,2.204072516084947e-9,8.052631510079291e-10],"2":[2.566916325332387,1.978588581790074,0.8040771957266196,0.8402991080473857,0.8688412347992575,0.4527059628071396,0.46444870253014237,0.7735494984395109,1.5798968569944318,1.6539849239208322,0.5050591645505493,0.24418967686491033,0.0831491439481442,0.023584527822615903,0.005044981948976497,0.001429850010916699,0.0004728016714470013,0.00016794078424753033,5.883130076747039e-5,2.066453421085774e-5,7.213802403921587e-6,2.499492541234338e-6,8.20416361712872e-7,1.9041615895238865e-7,4.7770667641540605e-8,1.2584215880308259e-8,4.4914537771506e-9,1.9783665643406936e-9,2.055430217904747e-9,1.6172140069313288e-9,4.556144600307309e-10],"3":[3.0387889891322777,2.0665970726220317,1.4264533969839248,1.8755303933062328,1.8764803679894047,1.362331085270739,2.3029184363534627,3.9384996509942596,4.3278434891664475,2.6299951165871622,0.6638292678384607,0.30046895431754367,0.1119343439026721,0.03119527091023302,0.008912930416678488,0.002074395527137642,0.0009082348478237752,0.0003000520808612274,0.00010993223006274527,3.695370105798636e-5,1.1717889501957511e-5,3.7222406713811157e-6,1.3006090267500494e-6,2.4843085885145356e-7,7.919241213460858e-8,2.496597479685587e-8,7.95584031466714e-9,2.1714869587288343e-9,1.3136552630465502e-9,1.7518094436738221e-9,6.477476487449427e-10],"1":[2.7937804995036504,1.0854772584465209,0.21842463761135894,0.02878984197381279,0.011267928025852478,0.002275480668063739,0.000632360494900959,0.00016229397977025097,3.7347678252145094e-5,4.790700746579967e-6,4.858763450955407e-7,7.82041767028663e-8,3.193338239169447e-8,1.4610242561531325e-8,1.756390011593552e-9,5.74733840584062e-10]}