{"kgrid":[1,1,1],"a":10.65,"temperature":0.0,"Ecut":50.0,"lattice":[[0.0,5.325,5.325],[5.325,0.0,5.325],[5.325,5.325,0.0]],"n_electr":8,"n_bands":4,"α":[0.8,0.8,0.8,0.8,0.8,0.8,0.8,0.8,0.8,0.8,0.8,0.8,0.8],"energies":[-7.354404524939492,-7.362706086954812,-7.363463528255378,-7.363460700611963,-7.363477783287712,-7.363479662640394,-7.363480439180261,-7.36348045545249,-7.363480456552017,-7.363480456573628,-7.363480456576125,-7.363480456577549,-7.3634804565775696],"residuals":[[3.043624047684345e-9,3.175092139441543e-9,4.637165377560846e-9,2.444953108267886e-9,1.6489217189441184e-6,1.7386545678995626e-8,5.364348231161538e-9]],"smearing":"DFTK.Smearing.None()","ndiag":[1,1,1,1,1,1,1,1,1,1,1,1,1],"fft_size":[50,50,50],"eigenvalues":[[-0.16891930787059112,0.24730047529930135,0.24730047585320525,0.24730047698310872,0.3238293972337063,0.333300430146435,0.3333004306321127]],"n_kirred":1}