{"kgrid":[1,1,1],"a":10.65,"temperature":0.0,"Ecut":50.0,"lattice":[[0.0,5.325,5.325],[5.325,0.0,5.325],[5.325,5.325,0.0]],"n_electr":8,"n_bands":4,"α":[0.8,0.8,0.8,0.8,0.8,0.8,0.8,0.8,0.8,0.8,0.8,0.8],"energies":[-7.354603329033049,-7.362772180250893,-7.363468113334223,-7.363467750948425,-7.363471847327352,-7.363480082319924,-7.363480441419344,-7.363480455629152,-7.363480456555571,-7.363480456575406,-7.3634804565767045,-7.363480456577554],"residuals":[[4.9761775237234556e-8,2.4915726367932813e-8,5.33036165664997e-8,3.085959768378347e-8,1.4411927497172818e-6,2.8894625468419018e-8,1.159504604090143e-8]],"smearing":"DFTK.Smearing.None()","ndiag":[1,1,1,1,1,1,1,1,1,1,1,1],"fft_size":[50,50,50],"eigenvalues":[[-0.16891930841842404,0.24730047372885802,0.24730047444115436,0.24730047536200692,0.3238293987989064,0.3333004309749814,0.3333004325518392]],"n_kirred":1}