{"kgrid":[1,1,1],"a":10.65,"temperature":0.0,"Ecut":50.0,"lattice":[[0.0,5.325,5.325],[5.325,0.0,5.325],[5.325,5.325,0.0]],"n_electr":8,"n_bands":4,"α":[0.8,0.8,0.8,0.8,0.8,0.8,0.8,0.8,0.8,0.8,0.8,0.8],"energies":[-7.3542283693111425,-7.362657488506258,-7.363468887277432,-7.363471018096897,-7.363477930812745,-7.36347999265565,-7.363480444796373,-7.363480456059035,-7.363480456559349,-7.363480456567461,-7.363480456577179,-7.363480456577556],"residuals":[[3.7327431170328925e-8,2.427848681695895e-8,2.6762235253507605e-8,2.8006726471625476e-8,7.972304415996438e-6,2.2566853690808777e-8,1.7950756174634673e-8]],"smearing":"DFTK.Smearing.None()","ndiag":[1,1,1,1,1,1,1,1,1,1,1,1],"fft_size":[50,50,50],"eigenvalues":[[-0.16891930729046345,0.2473004729440488,0.24730047687272433,0.24730048109165598,0.32382939605192257,0.3333004288870075,0.3333004314411306]],"n_kirred":1}