{"4":[3.4153188611319667,1.1694902135943694,0.7107477647292022,0.21690485296047032,0.10691869950409158,0.10908207950803396,0.08868607059890622,0.03765932296134915,0.02097790563818715,0.00804336484669657,0.003310929705341537,0.001174692966422777,0.0005409599545614515,0.00020930360986163893,5.772938588169655e-5,1.868424695984657e-5,6.346443168234078e-6,1.3823516907257567e-6,2.8670065023127083e-7,8.600813066053509e-8,2.986419979007156e-8,9.912307519374633e-9,1.6566258852930408e-9,4.672930884642857e-10],"2":[2.28015300506651,1.8325791525983466,0.6746853330366337,0.33166996238822016,0.2662523831393275,0.18612564757711617,0.10508721956530295,0.04860746627504993,0.013519666711749843,0.005448530683255174,0.0019752332146501074,0.0006543648458807574,0.00016631537731254066,5.38931481659114e-5,1.9051744261462743e-5,7.982648327592725e-6,3.3439477152343967e-6,9.459941085447094e-7,1.775576860816222e-7,6.141129474915089e-8,2.1984435494536937e-8,4.087011270022322e-9,9.179382768032903e-10],"3":[2.2631239431739045,2.045535375215208,0.7843162704273219,0.5460838267295551,0.6522050094768528,0.27841741583480845,0.10003235058897317,0.04176266463424028,0.011753212315954019,0.005006054140516951,0.0017980445330341068,0.0006134200403578293,0.00013330023595389392,4.2234871424409306e-5,1.1523181952778885e-5,3.458586595184272e-6,1.725216333762919e-6,7.341737177979952e-7,1.502638894655391e-7,4.7373398927195634e-8,1.8125931792237126e-8,3.4734290512396784e-9,7.969653683292068e-10],"1":[2.5190094683113053,0.6516690640631039,0.14352885169027263,0.010098452141015034,0.002381111578380154,0.000514461184124794,0.00019233621905480832,2.0739190399420093e-5,2.895562120675991e-6,1.0157329618414964e-6,2.623460442666767e-7,8.064457679650722e-8,2.988225090649014e-8,5.464459405277437e-9,9.694274445169647e-10]}