{"4":[2.8913320462074434,1.879191893659922,1.3046725889079016,0.9488749296067127,0.7353215199942876,0.352993476418995,0.17409250949429006,0.08341226624542938,0.02887971023433403,0.01943674471986007,0.01704454293785781,0.014307595190442347,0.006237920519008868,0.002029478021105889,0.0007726558574402597,0.00026286103594197626,9.720201051549526e-5,4.063511742996217e-5,1.257423569071875e-5,2.7434090497813896e-6,6.992892149296766e-7,2.3821054787972457e-7,7.462525764265913e-8,1.2341100667153283e-8,3.0873419225102707e-9,9.517131272097145e-10],"2":[2.578616132636317,1.919991450130206,0.9767287716479757,0.7350929344563809,0.6907445388325902,0.30649820911361264,0.1406472692553434,0.06328409288079813,0.019821730330584864,0.011281913893601633,0.009356286661178402,0.009481188511114432,0.004731780307697,0.001663703625557747,0.00048701061852390794,0.00019410226848051235,6.43384408821249e-5,3.0203808166095127e-5,1.050108593957534e-5,2.101849542885348e-6,5.051943043951428e-7,1.6828042187504577e-7,5.4390993844351e-8,9.72350162581957e-9,2.4814492261216095e-9,6.97508408166114e-10],"3":[3.2745730785084795,1.853886366730058,1.8293545645108484,1.2972968390711084,0.7780270292469958,0.3688596624764867,0.1950919427061348,0.1035451317619049,0.042114778075249194,0.02998550292489057,0.026113046940929426,0.019285836464468034,0.007573879645236758,0.002329213088730992,0.001167015350148289,0.0003194950525372925,0.00013177868728402663,4.44650893423402e-5,1.4035068251102566e-5,3.2106126796217736e-6,8.892259018653921e-7,3.077945174286192e-7,9.432499246887792e-8,1.5589490281620673e-8,3.5668785933483363e-9,1.2369447248503396e-9,3.65909375821378e-10],"1":[2.621710886386694,0.9809414922831117,0.1909613645940132,0.023552153727041676,0.008486286748684999,0.0015394517711583336,0.0004753904093471548,9.094589937633743e-5,1.8241214329000054e-5,2.1298316423550446e-6,3.314872736121152e-7,1.1160945546004989e-7,4.146902385568652e-8,6.633545410120817e-9,1.5827662654290633e-9,3.746921681092118e-10]}