{"4":[3.5381341442939416,1.8278172293563641,2.2365517625773794,1.5657813135323257,0.7285440824491946,0.28134875126831516,0.12695313939440736,0.06895285182491101,0.05853598107046177,0.04019656840830703,0.02330346572466716,0.016062291571819442,0.007041466186181848,0.0022037777254857965,0.0013473876964519922,0.0003412276001046717,0.0001384557494842295,3.9885490805747866e-5,1.251589764455144e-5,2.719163375153074e-6,5.89129609272887e-7,2.0151217597689984e-7,7.931764433205121e-8,1.6580850679037872e-8,3.2727293487516735e-9,1.2816975838872404e-9,3.686947822302005e-10],"2":[2.3525406656457313,2.0226073955791306,0.8205890416202021,0.620712842832796,0.6900261821133652,0.28839549719508134,0.11786221069102303,0.04973164964376716,0.014016988922261097,0.006579219886737734,0.003962161178315622,0.004519715298711043,0.003229217979708244,0.0012880948954041994,0.00033646794328467413,0.0001254101567310002,3.730814830461115e-5,1.677506116650801e-5,8.168096228211059e-6,1.6082678587422797e-6,3.756211780709044e-7,1.265121293847267e-7,4.0648051025009946e-8,7.953564300166074e-9,2.040381406588345e-9,4.960366054725756e-10],"3":[2.2809082613582077,2.091835308719169,0.8223157553814889,0.6103334955321236,0.7162291316088878,0.28647652526252076,0.1006402452364584,0.04179003952421808,0.01180663659185336,0.005126578336598296,0.0020260444461673295,0.0012135057493526278,0.0011240023630841851,0.0008986165785861163,0.0002818246699253321,9.602078964163147e-5,2.5015904140494085e-5,6.869498359565831e-6,4.3933346142128606e-6,1.2573806897874975e-6,3.0232354710979106e-7,1.1112806802314487e-7,3.439571480185778e-8,7.046566390317936e-9,1.8518113122462942e-9,4.05456233426558e-10],"1":[2.6217109020753306,0.9809414843745249,0.1909613624146299,0.023552152713868194,0.008486286274607976,0.0015394516397955076,0.00047539037228547145,9.09459311761919e-5,1.824137014697979e-5,2.1312839092295512e-6,3.3317042063034207e-7,1.1765511792450313e-7,5.742814286743551e-8,6.693437381871421e-9,1.583125012334884e-9,3.746955400165723e-10]}