{"4":[2.8444023451233242,1.6787605659378078,1.078449020884458,0.6164166912471603,0.4823701257901926,0.3029585943561601,0.16546413986616468,0.07819448411567204,0.02376930910250412,0.008090421695207121,0.0028314190122378214,0.0009371699221401578,0.0003483372367590033,0.00012231241717025414,5.313264793179676e-5,1.5348142486289514e-5,6.383468748165581e-6,1.462472079438134e-6,3.272850101817449e-7,1.201848701606278e-7,3.457585882037835e-8,7.246094202984445e-9,1.353697830567144e-9,3.915946124740755e-10],"2":[2.495392157529023,1.6782049460926136,0.7594257372610503,0.30773487627475965,0.09744824226421875,0.0501096848641642,0.04593946653581143,0.04373924280162371,0.01679434285813184,0.006404622081322974,0.0023225362309878005,0.0007540847901480011,0.00024173034846760753,8.186731236186198e-5,3.590906748693922e-5,1.2441776014199655e-5,4.71435255118734e-6,1.2215327303109437e-6,2.3515442220390837e-7,8.520784819431561e-8,2.7752268928863452e-8,5.334801452548486e-9,1.119479393130858e-9,3.0897936815500853e-10],"3":[3.264562203150218,1.7185686678668382,1.6385572040597707,1.1280476956539212,0.7081289346445905,0.3553155836127342,0.18822394836807646,0.09258536418830642,0.031645931338475645,0.009762073418709329,0.003337837200518449,0.0011457241821346568,0.0004785494938035486,0.00017615934015663084,6.196173062026005e-5,1.8086851138380237e-5,7.304229480665494e-6,1.6128394749289672e-6,4.078937562417981e-7,1.5330717447227342e-7,4.0477235384924387e-8,9.500352606963505e-9,1.578108001563216e-9,4.6519531760306415e-10],"1":[2.582162208569469,0.9191822976856946,0.17876922164065526,0.020614782945693348,0.007330996687640242,0.0014243706271244423,0.0004252793554123263,7.728748468428798e-5,1.6700372725036703e-5,2.0017701115939854e-6,4.004904349103686e-7,1.2264232585070373e-7,3.111630522609475e-8,6.544682839951644e-9,1.4968716347525187e-9,4.5776979445448496e-10]}