{"4":[2.655667003043743,1.7372295366252892,0.9361838434176647,0.5390398284595647,0.44990427784551734,0.2752267272372483,0.14665528304127765,0.06773040254909504,0.019971573339990396,0.007078015474824633,0.002521589623612757,0.0008217759289459229,0.0002818601441578737,9.69113926756331e-5,4.3356962743270985e-5,1.3665228059183096e-5,5.385846401529579e-6,1.3250053302766366e-6,2.6804074694500985e-7,9.712242846831765e-8,3.026342677485242e-8,6.016777605336235e-9,1.2023507859692e-9,3.378973016037454e-10],"2":[2.766451475410757,1.668246789828906,0.9892174760169598,0.5233988143547789,0.3966489830358589,0.2714074078669913,0.15528796316219085,0.07408205783212914,0.022337042581850222,0.007727297346951394,0.0027237319690197022,0.0008942971204418986,0.0003242665769362305,0.00011289010299086074,4.9959140235440136e-5,1.4749089634074853e-5,6.0431129750511734e-6,1.4164762444018226e-6,3.0650016500988865e-7,1.1228837384289879e-7,3.313289453924755e-8,6.806771066570388e-9,1.3049187137363737e-9,3.7436480844397686e-10],"3":[3.2002681198201843,1.4751754934451031,1.210158097245655,0.7059305419016819,0.5060113066805011,0.3140232694893893,0.18105375263319176,0.09159915826742006,0.031577614316866384,0.009758279917685776,0.0033561341886189614,0.0011390474011253298,0.000477838711751897,0.00017549297008065287,6.175643644943329e-5,1.81070925708303e-5,7.255306816954296e-6,1.604352045004308e-6,4.0915859179150005e-7,1.536638505937745e-7,4.059301163616805e-8,9.551878590381075e-9,1.6053773529217668e-9,4.826048516582022e-10],"1":[2.5402439917072894,0.8056414659506427,0.16138942614017682,0.015992279367401174,0.005382527695745581,0.0011956122183717109,0.0003480701396049506,5.3709594694408644e-5,1.3556271767752176e-5,1.7799072736619706e-6,4.6426412064028535e-7,1.1825140166751373e-7,1.8319353992113187e-8,5.752901573298225e-9,1.312336012342762e-9,4.130049157365073e-10]}