{"4":[2.7009980064043693,1.8968441201434096,1.0889485032282697,0.8090682140806738,0.7030257434830349,0.32333208477759884,0.15342906012890284,0.0707353563699414,0.02307055729303096,0.01424304721265227,0.012299190017434323,0.011415597544867486,0.005335405050092944,0.0018150194505290296,0.0005876885700597884,0.00022381812027768265,7.698132441721927e-5,3.497787906870639e-5,1.1339478398298763e-5,2.3566087656965494e-6,5.772985672761102e-7,1.9422369079813315e-7,6.214926852891641e-8,1.0693232459139675e-8,2.7172271455398347e-9,7.969866721165965e-10],"2":[2.823116487881077,1.8839814584212053,1.222130159457418,0.8952472472065148,0.7225699885891206,0.34253832093178205,0.16677508956912673,0.07878094227361235,0.02669741336829332,0.01751902804477519,0.015330625604279351,0.013281795670265752,0.005924612128776576,0.00195581027222502,0.000703301159549212,0.0002498126153400911,8.989681807332137e-5,3.8864596283871996e-5,1.2143428737261751e-5,2.6093786328736657e-6,6.549065274023249e-7,2.222957738335658e-7,7.01900107001171e-8,1.1736362773091535e-8,2.9574844639391354e-9,8.96316126564505e-10],"3":[3.2715171554481786,1.8541459491527463,1.8248790474954288,1.2943151262697044,0.7781184579044969,0.36922361292182637,0.19520590831656912,0.10348520442531166,0.04200337116716968,0.02990498406583117,0.026049383496427818,0.019254534889459437,0.007566306830350736,0.002327733046863229,0.0011640195752503123,0.00031913921584527044,0.00013158812623378647,4.447795995843334e-5,1.4034588145542776e-5,3.209899550182422e-6,8.886965070652672e-7,3.07507659568818e-7,9.421904004113784e-8,1.55656363481958e-8,3.565318172330233e-9,1.2348337307291399e-9,3.6528714636384013e-10],"1":[2.6217108621726735,0.9809414891535384,0.19096136389813012,0.023552153318022705,0.008486286496273369,0.001539451712117858,0.00047539039500805384,9.094589487690189e-5,1.824120127709721e-5,2.129713760291506e-6,3.313789288303648e-7,1.1336027906422976e-7,3.102319785585921e-8,6.542356224501534e-9,1.5821876358007313e-9,3.7467924086490984e-10]}