{"kgrid":[1,1,1],"a":10.742857142857144,"temperature":0.0,"Ecut":50.0,"lattice":[[0.0,5.371428571428572,5.371428571428572],[5.371428571428572,0.0,5.371428571428572],[5.371428571428572,5.371428571428572,0.0]],"n_electr":8,"n_bands":4,"α":[0.8,0.8,0.8,0.8,0.8,0.8,0.8,0.8,0.8,0.8,0.8,0.8],"energies":[-7.361055585777586,-7.368094847703414,-7.368691423571099,-7.368698315469425,-7.368699230948719,-7.368700309291347,-7.368700317869603,-7.368700323175597,-7.368700324181562,-7.368700324244622,-7.368700324246472,-7.368700324247126],"residuals":[[4.819399490258643e-8,5.150859272014127e-8,3.623282174302813e-8,1.0179901811508666e-8,1.4112544319452771e-7,1.4874172403919074e-8,1.5459248646451025e-8]],"smearing":"DFTK.Smearing.None()","ndiag":[1,1,1,1,1,1,1,1,1,1,1,1],"fft_size":[54,54,54],"eigenvalues":[[-0.1730976679445812,0.2370368348792118,0.2370368405587771,0.23703684112160867,0.30345455929661513,0.3226335624718268,0.32263356338475563]],"n_kirred":1}