{"kgrid":[1,1,1],"a":10.742857142857144,"temperature":0.0,"Ecut":50.0,"lattice":[[0.0,5.371428571428572,5.371428571428572],[5.371428571428572,0.0,5.371428571428572],[5.371428571428572,5.371428571428572,0.0]],"n_electr":8,"n_bands":4,"α":[0.8,0.8,0.8,0.8,0.8,0.8,0.8,0.8,0.8,0.8,0.8,0.8],"energies":[-7.360683403605771,-7.368086103186982,-7.36869020512983,-7.368694625170603,-7.368698728269737,-7.368700152832677,-7.368700290830379,-7.368700323683628,-7.368700324204788,-7.36870032423183,-7.3687003242469,-7.368700324247133],"residuals":[[9.895129409757533e-9,1.6058544398183424e-8,1.6990099674236556e-8,1.2053904998778573e-8,4.2779296617691893e-7,1.0874626097621275e-8,1.4642836710611571e-8]],"smearing":"DFTK.Smearing.None()","ndiag":[1,1,1,1,1,1,1,1,1,1,1,1],"fft_size":[54,54,54],"eigenvalues":[[-0.17309767020736053,0.23703683187061653,0.2370368367305211,0.23703683814723733,0.3034545593578355,0.32263356259851644,0.3226335659580846]],"n_kirred":1}