{"kgrid":[1,1,1],"a":10.742857142857144,"temperature":0.0,"Ecut":50.0,"lattice":[[0.0,5.371428571428572,5.371428571428572],[5.371428571428572,0.0,5.371428571428572],[5.371428571428572,5.371428571428572,0.0]],"n_electr":8,"n_bands":4,"α":[0.8,0.8,0.8,0.8,0.8,0.8,0.8,0.8,0.8,0.8,0.8,0.8],"energies":[-7.360686547660995,-7.36809429350649,-7.3686854657878325,-7.368682439769906,-7.368698796699183,-7.368700227022174,-7.368700282684712,-7.368700322267037,-7.368700324212599,-7.368700324236554,-7.368700324246267,-7.368700324247146],"residuals":[[5.3858707713677134e-8,2.9354236921712724e-8,3.1746236867875e-8,2.533641961214974e-8,3.326470200751882e-7,1.922082451594087e-8,2.246503783277712e-8]],"smearing":"DFTK.Smearing.None()","ndiag":[1,1,1,1,1,1,1,1,1,1,1,1],"fft_size":[54,54,54],"eigenvalues":[[-0.1730976704250323,0.23703683174401335,0.2370368347867812,0.2370368355312321,0.30345456117043457,0.3226335661332764,0.3226335667702017]],"n_kirred":1}