{"4":[2.656876204384286,1.680158955361115,0.8623653940250285,0.42127992551143423,0.28512299593337354,0.21332806091977136,0.1357017698462184,0.06640289076435239,0.01959691826240276,0.006791481009774795,0.002471944741857803,0.0007872017828285632,0.00026232590345821877,8.874631226702517e-5,3.992403620154051e-5,1.2478286190497446e-5,5.055430958167509e-6,1.2695518666600892e-6,2.692324670327266e-7,1.008169362028177e-7,3.0207564388924735e-8,6.102391212674608e-9,1.291215727327735e-9,3.7520115880721575e-10],"2":[2.6671620518333574,1.6553258734929444,0.8518808293708198,0.3843547430460377,0.21894017735243435,0.17660496893281635,0.12725598052976053,0.06622608592128704,0.019854569012809162,0.006869225889538814,0.0024991679417388315,0.0007958866419808467,0.0002675328519681154,9.0855110822554e-5,4.0852428964159916e-5,1.2641728207277496e-5,5.1444736510489965e-6,1.2824965449489494e-6,2.746819216608306e-7,1.0297475495647778e-7,3.061457415673118e-8,6.216291752029111e-9,1.3084984388730684e-9,3.8216218733082867e-10],"3":[3.2793122150869625,1.5152084435653532,1.3117367870572518,0.8435160539123359,0.5810302722261761,0.3183173783155402,0.17881216938003727,0.08945340280878677,0.03125972843514287,0.009319836006741114,0.003293647280490877,0.001097220366046313,0.0004474984057821802,0.0001730156358817868,5.79379415073211e-5,1.7646295933384165e-5,6.763751129061265e-6,1.534959106861253e-6,4.021698819769618e-7,1.517956057655684e-7,4.002995729380058e-8,9.835800120276813e-9,1.67363057533807e-9,5.596687498349602e-10],"1":[2.5512257297344996,0.7779421351296653,0.15988264325182297,0.01505768755647286,0.004914668438557668,0.0011448579299323414,0.0003410571753830259,4.9894056010995816e-5,1.3559487587822155e-5,1.8666054546585096e-6,4.747900068906382e-7,1.3664739544847213e-7,4.876592571872354e-8,7.195483472627241e-9,1.3041651950665569e-9,4.1731336596860004e-10]}