{"4":[2.2896526379654603,2.0878879449400682,0.8180392115053796,0.6239117107332691,0.7160652524003898,0.2809463541886874,0.09650876229430633,0.040478776049927924,0.011715441442105717,0.005253432162577807,0.0024030211423940176,0.0021857397641408083,0.0021819781069505498,0.0011107899817889534,0.00030760856859980565,0.00010301721979301932,2.6726454242824603e-5,6.529101233791389e-6,3.2504394327475715e-6,1.1529157677315124e-6,3.2437029715575713e-7,1.3418766918271896e-7,3.953079132373916e-8,8.411570344464333e-9,2.1936778983718054e-9,4.5406340638863804e-10],"2":[2.71080060336195,1.9055377869867862,1.072273741036154,0.8253619478377221,0.7104592994520619,0.3222456406780573,0.15700459893651283,0.07752776478846886,0.03470797239673602,0.038672229418444865,0.02809875795220349,0.016563325414873396,0.006301763411447534,0.0020226822682656398,0.000632055313312191,0.0002316210090601506,8.174360881925995e-5,3.661520187897963e-5,1.2117171433454224e-5,2.608973708112347e-6,6.691378811138634e-7,2.2764279132067606e-7,7.125275193086947e-8,1.2480182410490993e-8,3.35161790705697e-9,9.80274433816604e-10],"3":[3.4612360718565016,1.8776870999839743,2.117999344088381,1.528852523269956,0.784828818144641,0.3372025194785996,0.19647744781710258,0.15138806216910727,0.09854293591522575,0.08850367190948884,0.047848240838081715,0.024905335274086532,0.008904351427808484,0.002640709504319607,0.0014193240587938138,0.0003620207896979026,0.00015584977888177083,4.7042321464000345e-5,1.4865162124285448e-5,3.429381066063834e-6,9.439465441826695e-7,3.391799665739218e-7,1.1102918131925229e-7,1.8979273379407317e-8,4.432660513295913e-9,1.7302245708038305e-9,4.830991900564156e-10],"1":[2.6416111243164986,0.9947660847177521,0.19494221654233534,0.02424849915035486,0.00883989664314949,0.0016234098895609686,0.0005008976093000631,9.98129008865449e-5,2.022442751219049e-5,2.3630906475726188e-6,3.2742259413592157e-7,1.0807737666630418e-7,5.277766288828635e-8,7.612161448760627e-9,1.5870269886581785e-9,4.101563779812415e-10]}