{"4":[2.721512101082281,1.9043945595859042,1.083169784966075,0.8328742006279158,0.7123422944813447,0.3240358405152575,0.15836042274030154,0.07850005651878227,0.03539219417698531,0.039567923103482894,0.02850673180848007,0.01670860377534439,0.006354171663173458,0.0020361621064175586,0.0006422646983040061,0.0002341658130940098,8.301417876856553e-5,3.703185161121292e-5,1.219808769537029e-5,2.633839658837706e-6,6.764544713307377e-7,2.3015701746033202e-7,7.204325818786545e-8,1.2574463005445893e-8,3.379274558394471e-9,9.923680028419187e-10],"2":[2.7386860194416855,1.9027237638261123,1.1010145148640964,0.8451487418286928,0.7154822127721759,0.32694718190701905,0.16055189077853116,0.08008238744629055,0.03650368535541411,0.04101145941989198,0.029157231461346376,0.016942857313268663,0.006438455762578758,0.002057668045328515,0.0006589040476543239,0.00023820151796687635,8.506213172838011e-5,3.768576971136796e-5,1.2327596647041183e-5,2.6737102181895227e-6,6.882986245910436e-7,2.3423501916107583e-7,7.331721307896429e-8,1.2727076291128728e-8,3.423710504889605e-9,1.0118267832153922e-9,3.030677916137745e-10],"3":[3.337767108061057,1.8838162297578989,1.919035125980267,1.3999860897684118,0.8026913928388058,0.37004750896729804,0.21288019456156057,0.1408862412824446,0.08285318928397384,0.0866951045962794,0.04789497128695305,0.024454296786427313,0.008726207596485524,0.0026098928077796205,0.0013020164057489928,0.0003465624156878962,0.00014977741510059737,4.823742077171956e-5,1.5294352454566885e-5,3.571195727211597e-6,1.0157902254193318e-6,3.526739825101165e-7,1.0982882673854601e-7,1.812515379700326e-8,4.4816548646613835e-9,1.6319803857918178e-9,4.78571809414587e-10],"1":[2.6416110868657756,0.9947660595027025,0.1949422192581309,0.024248500671020096,0.008839897411149456,0.0016234101330262804,0.0005008976273632806,9.981290025917858e-5,2.0224462826834893e-5,2.3634181083289793e-6,3.280389051579414e-7,1.0762436837705998e-7,5.7321958957165576e-8,7.629418172078491e-9,1.5870811467563554e-9,4.1014404708885027e-10]}