{"4":[3.236961520988463,1.8876056670683763,1.7639642536406475,1.2970376907307095,0.8041300669401413,0.3809890644813159,0.21333983439539686,0.13130260299575663,0.07374430311231882,0.08111921484044489,0.045731082719719734,0.02351370051258257,0.008478657098074164,0.002557062200255433,0.001198881941209669,0.0003323084202421024,0.00014198718899910217,4.824999590483762e-5,1.5228712193626997e-5,3.54707098373061e-6,1.0012046840524615e-6,3.437569446387029e-7,1.0597042258352998e-7,1.7309357374357845e-8,4.423521540717366e-9,1.5386116153554819e-9,4.618924494188822e-10],"2":[2.619892336860147,1.9189550727308489,0.9869270771670492,0.7658228403348166,0.6969972459232435,0.3081171152440154,0.14589630123291056,0.06972313687368205,0.029183937240451662,0.03122716569388283,0.02453885659532673,0.015348451126669892,0.005865230504383769,0.0019057845661081764,0.00055084926124614,0.00020914042490233483,7.11330992896245e-5,3.279590426571778e-5,1.1421368546114135e-5,2.3990490645697558e-6,6.093638710987336e-7,2.0733329230894695e-7,6.470660101736146e-8,1.1707351698795284e-8,3.1205696939441057e-9,8.809213440733365e-10],"3":[2.964268737002813,1.8929517279884691,1.3738279725565705,1.0316391937413192,0.7646700115824214,0.3647910842044682,0.18970672625012672,0.10296687214049484,0.052444458961835694,0.06032905508424093,0.03734570043715738,0.02010949988365707,0.00750897333426649,0.0023231321197939277,0.0009000506408125314,0.0002861724879061613,0.00011268105720170728,4.4581489676829154e-5,1.3959749114647292e-5,3.169790475167466e-6,8.496886420468155e-7,2.900049666202726e-7,8.996620739603662e-8,1.4844838988503374e-8,3.982033126057652e-9,1.259984759127922e-9,3.831839245228731e-10],"1":[2.641610992852137,0.9947660461583759,0.19494221821862132,0.024248500285050736,0.00883989724052189,0.001623410101664239,0.0005008976311292692,9.981288459844442e-5,2.0224389196577484e-5,2.362714616984914e-6,3.267501431254067e-7,1.1384409135746946e-7,2.9493432631034457e-8,7.373233375201051e-9,1.5858624859654777e-9,4.101253459946723e-10]}