{"4":[2.2015357240474946,1.8599320835713973,0.6177088798553496,0.25660846839056867,0.11993875233757394,0.0652638705078629,0.051645661530488884,0.035825363220591044,0.011371062796676552,0.004915475777312809,0.0017695753524349228,0.000589343212656562,0.0001239349633257855,3.826729976487719e-5,1.0470406186669147e-5,2.8280705188698504e-6,1.087097758769081e-6,5.867675013687876e-7,1.4200926511510116e-7,5.165935103993025e-8,1.8550673634552268e-8,3.5620767879512574e-9,8.458729385665819e-10],"2":[2.659368088688893,1.719879764531638,0.8940116174328121,0.49365731764528775,0.3923335577604457,0.25391222409576614,0.14266164689812383,0.06659414081089417,0.019438172103301298,0.006742069356607534,0.0024538432306866484,0.0007824008723635988,0.0002590461376531416,8.745547424247013e-5,3.933404753415718e-5,1.2377992706072281e-5,5.000447169837211e-6,1.2612844813965233e-6,2.6537804387453167e-7,9.911872836510324e-8,2.990012029520797e-8,6.023014087220232e-9,1.2761584514889834e-9,3.695849180504447e-10],"3":[3.3737368071295535,1.35843494708038,1.1137452210340988,0.6805239113367876,0.49937971695527494,0.27750792952427317,0.15298546062739138,0.07779654932526622,0.03163205535848373,0.009483821664794943,0.0034048221736334536,0.0011341079108289649,0.00047894239341512773,0.00018942518544515314,5.7078890995631514e-5,1.8168720693259133e-5,6.457993712153728e-6,1.4654275523920375e-6,3.707423719159771e-7,1.4012592720742177e-7,3.931772748967604e-8,1.0361558900826066e-8,1.7185681542274354e-9,5.809366235956883e-10],"1":[2.5419383137676776,0.7084391328028102,0.15202881200773632,0.012461883332432944,0.0036180738709317437,0.0008912375154124232,0.0002856575261088833,3.473730853384506e-5,9.561175642760377e-6,1.6795575917798541e-6,4.561527726078418e-7,1.205035921080758e-7,2.145034207245284e-8,6.413321144225116e-9,1.1753287350601317e-9,3.690807435010252e-10]}