{"4":[3.170134523467915,1.51237918699526,1.1855433843229972,0.6826831508479023,0.4944006644813253,0.3079341896578117,0.1803293653667311,0.0896268353521015,0.029667551486059023,0.009027738419319477,0.003191370122944932,0.0010573417759445166,0.0004196112749048056,0.00015926050424845085,5.7406920290280294e-5,1.704319079759083e-5,6.801617243875691e-6,1.5363524471762366e-6,3.9995993677715206e-7,1.4994138757116518e-7,3.9342446710605876e-8,9.333452513290214e-9,1.6377893692917722e-9,5.40659337481205e-10],"2":[2.5688313561346394,1.750815274338207,0.8372001909483441,0.4709447617302537,0.3916711861135516,0.24537309336859814,0.13437270236444648,0.06202835708781301,0.017914640569429312,0.006342663789592017,0.0023173023777028822,0.0007376668707740303,0.00023249832122775485,7.682698548590242e-5,3.415602281232813e-5,1.1457635251861726e-5,4.523052065184159e-6,1.1883193624991174e-6,2.3966533551578747e-7,8.94103511757714e-8,2.7942884971910304e-8,5.486228945627929e-9,1.2017024601100705e-9,3.390109694276475e-10],"3":[2.883285754306633,1.551303982518283,0.9482685334432456,0.3929025379560878,0.19998864771522784,0.1686443611408604,0.13432079821258086,0.075885655764371,0.024104784632621775,0.007937638528109423,0.002843572344937868,0.0009219952269177265,0.00033780840715294194,0.00012101441698565468,5.1150700784146095e-5,1.4775591120715697e-5,6.204540214795176e-6,1.432402583786219e-6,3.4303996741773544e-7,1.2831855059254606e-7,3.531599317229221e-8,7.702457132758454e-9,1.4876468124226648e-9,4.6287701116467633e-10],"1":[2.5448648701953935,0.7351077915356746,0.15495792367379244,0.013472864932222012,0.004139332334546404,0.0010062632054866562,0.0003096292852991807,4.047157949977141e-5,1.1422253472428236e-5,1.7608847399543916e-6,4.712978848702522e-7,1.2523805456058833e-7,2.5932974296195483e-8,6.712196366275589e-9,1.2325985841327432e-9,3.8913043502799826e-10]}