{"kgrid":[1,1,1],"a":11.369785714285715,"temperature":0.0,"Ecut":50.0,"lattice":[[0.0,5.684892857142858,5.684892857142858],[5.684892857142858,0.0,5.684892857142858],[5.684892857142858,5.684892857142858,0.0]],"n_electr":8,"n_bands":4,"α":[0.6,0.6,0.6,0.6,0.6,0.6,0.6,0.6,0.6,0.6,0.6,0.6,0.6,0.6,0.6,0.6,0.6,0.6,0.6],"energies":[-7.382315772242897,-7.386061039595463,-7.379671397235211,-7.3870817893948475,-7.387080094333897,-7.386996169175243,-7.387156586300707,-7.3871600052359305,-7.38715837138793,-7.387164259758512,-7.3871655969960734,-7.387165654574459,-7.387165666034407,-7.387165670912541,-7.387165671103488,-7.3871656710967715,-7.387165671122464,-7.387165671127046,-7.387165671127287],"residuals":[[3.784027583400115e-8,4.069490466522448e-8,1.883738128086809e-8,6.317194744615077e-9,2.9659271846842735e-9,1.4466813378622538e-8,2.094469051883924e-8]],"smearing":"DFTK.Smearing.None()","ndiag":[1,1,1,1,1,1,1,1,1,1,1,1,1,1,1,1,1,1,1],"fft_size":[54,54,54],"eigenvalues":[[-0.19887882366627996,0.1750967473968096,0.17509674954869428,0.17509675036196098,0.1806543634161069,0.25758217715766285,0.25758218032627306]],"n_kirred":1}