{"kgrid":[1,1,1],"a":11.369785714285715,"temperature":0.0,"Ecut":50.0,"lattice":[[0.0,5.684892857142858,5.684892857142858],[5.684892857142858,0.0,5.684892857142858],[5.684892857142858,5.684892857142858,0.0]],"n_electr":8,"n_bands":4,"α":[0.6,0.6,0.6,0.6,0.6,0.6,0.6,0.6,0.6,0.6,0.6,0.6,0.6,0.6,0.6,0.6,0.6,0.6],"energies":[-7.382063809236885,-7.385843046534966,-7.370687985704114,-7.387122568755537,-7.386665665991735,-7.38687794772066,-7.387145860939849,-7.3871565527293,-7.387158499306739,-7.387165343593502,-7.387165592447101,-7.387165665921762,-7.387165669414777,-7.387165671071854,-7.387165671121873,-7.387165671125798,-7.387165671126976,-7.387165671127239],"residuals":[[2.926900355939021e-8,3.15252877875425e-8,4.590163840325422e-8,4.189284423604872e-8,4.841139389389677e-8,6.551321883218825e-8,3.9986943395455196e-8]],"smearing":"DFTK.Smearing.None()","ndiag":[1,1,1,1,1,1,1,1,1,1,1,1,1,1,1,1,1,1],"fft_size":[54,54,54],"eigenvalues":[[-0.1988788264627107,0.17509674047285073,0.1750967459172872,0.17509675254955212,0.18065436113235056,0.2575821768826143,0.25758217842229914]],"n_kirred":1}