{"kgrid":[1,1,1],"a":11.369785714285715,"temperature":0.0,"Ecut":50.0,"lattice":[[0.0,5.684892857142858,5.684892857142858],[5.684892857142858,0.0,5.684892857142858],[5.684892857142858,5.684892857142858,0.0]],"n_electr":8,"n_bands":4,"α":[0.6,0.6,0.6,0.6,0.6,0.6,0.6,0.6,0.6,0.6,0.6,0.6,0.6,0.6,0.6,0.6,0.6,0.6],"energies":[-7.381935439845792,-7.385355316601771,-7.360091221553073,-7.386931300349032,-7.38710441530041,-7.386085590566639,-7.387143056444101,-7.387164599186668,-7.38716425905311,-7.387165140239057,-7.387165648981447,-7.387165653448646,-7.387165670538758,-7.3871656710308935,-7.387165671053591,-7.387165671124495,-7.387165671126735,-7.387165671127161],"residuals":[[1.9814512261971722e-8,3.839528936052893e-8,5.340088210140419e-8,3.196160219975338e-8,5.922553823252768e-8,1.9900864769029994e-8,3.1752141622550026e-8]],"smearing":"DFTK.Smearing.None()","ndiag":[1,1,1,1,1,1,1,1,1,1,1,1,1,1,1,1,1,1],"fft_size":[54,54,54],"eigenvalues":[[-0.19887883137720536,0.17509673652500596,0.1750967413993274,0.17509674521407978,0.18065435474674796,0.2575821693432936,0.25758217357996394]],"n_kirred":1}