{"4":[3.3795845256589385,1.487633513253494,0.9618714017259771,0.4394910294819331,0.3321396365443622,0.21409512023826588,0.14661852894619465,0.07262399096010122,0.025072472489851862,0.007013676720844989,0.002908492380876937,0.0008256002464332468,0.0002292437136105023,9.471029152369389e-5,2.5982102544133747e-5,1.091221971469698e-5,3.599019736634653e-6,1.1512217985116799e-6,3.341022087387029e-7,1.1324169427336638e-7,2.974429139381648e-8,9.74185065442767e-9,2.045344811069465e-9,8.245826686495969e-10],"2":[2.61678744800197,1.7382310029260595,0.6772905809449365,0.35040489541798076,0.2178808459698143,0.15465973689869547,0.10629535740875022,0.052184580797804817,0.014892705213766599,0.0049663955827882085,0.0020171409782725,0.000559908768618348,0.00014785652883704444,3.760609334875458e-5,1.3421792021511312e-5,4.263016722724353e-6,1.6749043893138723e-6,6.481637811319969e-7,1.8016705636642287e-7,7.117141676764895e-8,2.070649288783424e-8,5.2301291430011936e-9,1.4109836395204601e-9,4.0142184039562846e-10],"3":[2.938518800636173,1.7226260778915639,0.9035002417394918,0.5466073992290013,0.40824903246451666,0.24543663991294967,0.14414450457963165,0.06479919301670276,0.01873098184102017,0.005754862165305345,0.002366854306097303,0.0006664739590299554,0.00018649010127829872,5.739952994169055e-5,1.89995511930382e-5,6.496094449535639e-6,2.5473792988652357e-6,8.875335535744045e-7,2.5371491568226895e-7,9.154614622087867e-8,2.4976164423991604e-8,7.1364495578100826e-9,1.7804726479686247e-9,5.681706654226477e-10],"1":[2.6795406295497126,0.7260111159041555,0.16459027022385625,0.013298923256037898,0.0033700787891823964,0.0006525605822227923,0.0002716598537984894,4.287602019510313e-5,5.5262784285813145e-6,2.157426797496622e-6,4.3508031059533183e-7,1.5576515462513037e-7,2.638783167031458e-8,5.365869787817735e-9,1.7930142063338153e-9,2.7489438150009534e-10]}