{"4":[3.019576529858759,1.721807502518819,0.975253225910096,0.6147509285777188,0.45771593363276875,0.26209767642154086,0.15228194656337876,0.06781310672985423,0.01982952212258939,0.005988132355262691,0.0024612595710891113,0.0006975062647969927,0.00019608332852148513,6.356373347064854e-5,2.0364360458699337e-5,7.177665164921437e-6,2.7595303443010575e-6,9.460795050007451e-7,2.724005762304525e-7,9.671139374927338e-8,2.6123699420462552e-8,7.668142429228158e-9,1.8587207485922246e-9,6.135902395653349e-10],"2":[2.778084383931153,1.8038187172996603,0.8363491167739088,0.6051343295317108,0.48957389568186926,0.2516681764420848,0.13176138783198219,0.05807521232237927,0.0163780454095719,0.005253525913493567,0.002145944448821055,0.000599864604890903,0.0001639099559612978,4.449113951254704e-5,1.565373945132594e-5,5.07751923500521e-6,2.025529865294044e-6,7.46786973505554e-7,2.0918085467749544e-7,7.89588695187142e-8,2.238146211377999e-8,5.936323882204916e-9,1.56373996744794e-9,4.6565565963802806e-10],"3":[3.3563589728808547,1.741314291366996,1.3349849583801836,0.9928310297579102,0.6327703115354898,0.2906268895226507,0.1683253306753303,0.07558206314833733,0.024182835503345768,0.006845597533110742,0.0028068637073516787,0.0008041791659437183,0.00022695231244967233,8.821483795556673e-5,2.510526487187511e-5,1.0104976740676065e-5,3.4579399403448673e-6,1.133252989573111e-6,3.285720076104233e-7,1.1208211923430161e-7,2.9717003568992104e-8,9.465219856588886e-9,2.0459438384736713e-9,7.891140982851374e-10],"1":[2.7465758622709964,1.0175455187840476,0.203981533727942,0.025314487079984144,0.009643999938405977,0.002035063267008329,0.0005742997192230566,0.00013512446875198938,3.400121140527691e-5,4.434821957714686e-6,5.138790312911124e-7,1.4533851225077422e-7,5.416456347853476e-8,1.7979395358137417e-8,2.3147527709606684e-9,7.301671426168726e-10]}