{"4":[2.4671432495911,1.9404778532945968,0.7038193648438228,0.6046277626751718,0.5827759700395099,0.24642413926785153,0.10683696339595888,0.04510823085437831,0.011982676513599515,0.004550051727504662,0.0018221305854396494,0.000514830070354775,0.00011803701018492886,2.8182409251326894e-5,9.499124739474121e-6,3.0200295583597664e-6,1.0472921180728826e-6,4.435976575939012e-7,1.2228905316071958e-7,5.2331817997237935e-8,1.7250646417243278e-8,4.13944906010322e-9,1.0910952194100218e-9,2.7374767302790975e-10],"2":[3.3690865695462215,1.4950506258356502,0.9673208563166038,0.44716254749355794,0.3365544024052066,0.21647270293600002,0.14817454732672794,0.07300036500921886,0.02497925448034853,0.0069930571767412054,0.002897992840633519,0.0008228659651043871,0.00022876494800316954,9.393199916786914e-5,2.5851700967701283e-5,1.0807060981309859e-5,3.5821167484035817e-6,1.148625935682992e-6,3.336988718885485e-7,1.1323131858050838e-7,2.974764288075497e-8,9.717163638665052e-9,2.0507755494483368e-9,8.209932397754374e-10],"3":[2.99715268840007,1.6503065695633423,0.8828883397074895,0.42378275362498724,0.27257468589975314,0.1982043292502508,0.13901209694372962,0.06668908948761008,0.019842468422605168,0.005989417411097283,0.0024699278017263166,0.0006970906597387496,0.00019569377838857645,6.38486510211986e-5,2.0384908220657935e-5,7.196905974595948e-6,2.7682120305627753e-6,9.46049108372765e-7,2.729296828301474e-7,9.707304874476893e-8,2.612038827473854e-8,7.688436177956078e-9,1.8687438843706605e-9,6.160006120971505e-10],"1":[2.686899357402184,0.8130273850828061,0.1740346572638685,0.016838297594712615,0.005406340431602304,0.0012952191801592701,0.0004227047027426989,6.739880881192952e-5,2.167203887474788e-5,3.65656854858189e-6,5.470120928910285e-7,2.1767816178051074e-7,4.111469059299952e-8,1.2551408006787826e-8,2.1916106212534867e-9,4.815750339286368e-10]}