{"4":[2.4775126012781477,1.9935171532529468,0.7476937595570212,0.7277978035635584,0.7403775920260839,0.3412758392281187,0.2563223654007443,0.3492751659854444,0.7392687805733922,0.942307931159312,0.3310447711088654,0.16405927867472178,0.0536969653825246,0.014866451869860043,0.003058796695094522,0.00091191491485414,0.000287613364400262,9.844414690961701e-5,3.5124253646198396e-5,1.176477597301637e-5,4.126203193252562e-6,1.533399908330768e-6,5.064687123298276e-7,1.2360659636008723e-7,2.9266752886410712e-8,6.928220111917247e-9,2.3470887980771997e-9,9.903887433450796e-10],"2":[3.479866562663396,2.278897473688005,2.532065470934858,3.21779953161419,2.600569264514928,2.2245321864599554,4.706772249157202,5.79039545059977,3.676635528324863,2.161289336651839,0.5574358955007759,0.24889125614655078,0.09233848746787619,0.025319336255948618,0.008273029683536614,0.0020116786217370753,0.0009559548516616036,0.0002975936892213244,0.00010862635999579865,3.208074933033426e-5,9.688456318166387e-6,3.1816858165968615e-6,1.094591838052789e-6,2.030211199206479e-7,6.868098862983376e-8,2.3729888179850855e-8,6.701059557931535e-9,1.6735335433760826e-9,1.072551715735342e-9,1.3591864788451413e-9,5.503336283738622e-10],"3":[3.069149100013622,2.074349149446612,1.4874582450148213,1.919896444817347,1.8569498287321005,1.3214286753759592,2.157078718353172,3.4131316752163996,3.29349250461109,1.880425799805046,0.46977643291267535,0.2112908286607441,0.07872227643068767,0.021983339091069608,0.006438843997792395,0.0015044762208400678,0.0006693610207078557,0.00022043523733191603,8.159787097894021e-5,2.666804019207495e-5,8.365044274870654e-6,2.6704756609358133e-6,9.286641381827532e-7,1.7458729095191404e-7,5.609935573260249e-8,1.7780121451281122e-8,5.602867470123977e-9,1.4342398413674399e-9,5.88020254568319e-10],"1":[2.7887444561542614,1.0828063252106725,0.21760583366184005,0.028642305153712373,0.011194425346715591,0.0022505120345426505,0.0006303110658913662,0.00016013682219377938,3.681246185210673e-5,4.668993601428678e-6,4.806866899189951e-7,7.477115857871477e-8,3.5635628550469914e-8,1.497452281132316e-8,1.7530049998418766e-9,5.555743025933823e-10]}