{"4":[3.0662820110427873,2.073084884423492,1.4814923643832825,1.91125430446667,1.8504306151551928,1.3149943237243156,2.1429755960831667,3.394937687487584,3.286119341636733,1.8769990740255447,0.469021823102457,0.2109805464935583,0.07859832566789501,0.021953128536128956,0.006421882476305848,0.0015009895006610225,0.0006671088608708283,0.000219867461872693,8.13696566374798e-5,2.660953579525153e-5,8.3487997488897e-6,2.665101309609697e-6,9.26765841116534e-7,1.7432090517199043e-7,5.596474331395058e-8,1.7726559282086346e-8,5.58157230465926e-9,1.4106151106974828e-9,5.16751540893505e-10],"2":[2.8027095302880625,1.9875374605761695,1.0402526562091678,1.2272957283855244,1.2627720170652654,0.777482416844488,1.0557832531210662,1.800338489744096,2.4202637747364113,1.5513130740831813,0.40103814760132817,0.18454777630655972,0.06673584259973354,0.019100652100712937,0.004814547486624097,0.001213553411608487,0.0004696777371277342,0.0001668448879405735,6.041015308544165e-5,2.071869822703182e-5,6.74581469316607e-6,2.1774319451502474e-6,7.380167432616779e-7,1.505985575386342e-7,4.334935730700889e-8,1.296892602483498e-8,4.286131049784964e-9,1.2178098134771405e-9,6.36276694762332e-10],"3":[3.3962356673346807,2.236137722459743,2.292391528385919,2.9538516434046227,2.4869883653405735,2.0482330220964866,4.075542954995796,5.358082577934628,3.7456544707353574,2.163922329754232,0.5450855610421188,0.2430144933781255,0.09025925143665764,0.024833259593072508,0.008012093830096595,0.0019106607069401817,0.0009051602195414719,0.00028237877974977187,0.00010427503039741599,3.154728944978423e-5,9.645914046130941e-6,3.1428679883962233e-6,1.0836703630553935e-6,1.998092035967715e-7,6.768719512680285e-8,2.2762680659191514e-8,6.593394960681688e-9,1.5164535227156059e-9,4.475275816952651e-10],"1":[2.7887444722245114,1.0828063886447328,0.21760584892450063,0.028642311303490552,0.011194427504555913,0.0022505127022058925,0.0006303111763617176,0.00016013684222683232,3.681245609581149e-5,4.668908833414089e-6,4.80327428739225e-7,7.381319719039173e-8,3.0288038764389834e-8,1.4230505116305273e-8,1.7516389509955816e-9,5.561124467483866e-10]}