{"4":[3.492245677821026,2.285199412934855,2.5686706615580883,3.2566251445389556,2.615612108786313,2.2502883088525785,4.808350333062085,5.851678995383567,3.655699773570997,2.1552665755821185,0.5587476325186308,0.24962697965779776,0.09261510686194377,0.025382038333445052,0.008306204387637442,0.0020264416833503055,0.0009631316013081837,0.0002998422045913558,0.0001092138514569073,3.2129523644215754e-5,9.679741635192188e-6,3.182640989324694e-6,1.094614631848483e-6,2.0328012341404736e-7,6.86865850219579e-8,2.382536269322526e-8,6.642204720739062e-9,1.5095348521634795e-9,5.153047741782912e-10],"2":[2.680184365532357,1.9737520427690776,0.9046566401025127,1.0009053331691227,1.0350242945690655,0.5852321266454553,0.6970839759136443,1.181356855004649,1.8917238961574911,1.3896647634055401,0.37357365911961604,0.1751707532122318,0.061692849743356176,0.017766291071915793,0.004121223405816655,0.0011044612263594556,0.00039343532232677777,0.00014207872445101124,5.1238084672488753e-5,1.7811808757254627e-5,5.967837380303588e-6,1.973193320902508e-6,6.512610750552532e-7,1.4082456248947982e-7,3.788401292206443e-8,1.075369930416949e-8,3.5980419220567833e-9,1.0113472104480521e-9,3.776132562011312e-10],"3":[2.98683673721709,2.0403415921316976,1.3256019973045121,1.6796686343928602,1.6675137689259145,1.1395051736684634,1.7701484943121408,2.891728954158471,3.063206399543876,1.780031866500772,0.4479697125444367,0.20243207003185246,0.0750617198009434,0.02109967187975445,0.0059402630150834105,0.001406720629953622,0.0006047508019608428,0.00020399990645600404,7.497689095158606e-5,2.4918797110363285e-5,7.881675811043179e-6,2.5141960390845806e-6,8.719707736321959e-7,1.6691142480956003e-7,5.217403027965551e-8,1.62997738144295e-8,5.180263839083478e-9,1.2820489999929206e-9,3.07505299968031e-10],"1":[2.788744408857698,1.082806292522985,0.21760583250986928,0.028642307409432757,0.011194426671951434,0.0022505121619827437,0.0006303110852280498,0.0001601368158069239,3.681245348169393e-5,4.668893589053815e-6,4.802650864035271e-7,7.371171204699865e-8,2.9255936426759224e-8,1.3732427887555558e-8,1.7480482302698316e-9,5.536804965309468e-10]}