{"kgrid":[1,1,1],"a":10.464285714285715,"temperature":0.0,"Ecut":50.0,"lattice":[[0.0,5.232142857142858,5.232142857142858],[5.232142857142858,0.0,5.232142857142858],[5.232142857142858,5.232142857142858,0.0]],"n_electr":8,"n_bands":4,"α":[0.8,0.8,0.8,0.8,0.8,0.8,0.8,0.8,0.8,0.8,0.8],"energies":[-7.340585075735508,-7.3498801793533115,-7.350681441760683,-7.3506901790314565,-7.35069099383224,-7.350691460004794,-7.350691463278465,-7.350691475883584,-7.350691476333225,-7.3506914763810745,-7.3506914763815505],"residuals":[[1.848068116716604e-8,2.2640735825833975e-8,5.923080846554929e-9,7.558256965052444e-9,6.6314744719057546e-6,5.544738222135592e-6,1.6867953917010096e-5]],"smearing":"DFTK.Smearing.None()","ndiag":[1,1,1,1,1,1,1,1,1,1,1],"fft_size":[50,50,50],"eigenvalues":[[-0.16023672556169014,0.26877578449953526,0.26877579557569675,0.2687758059019235,0.3555356638800246,0.3555356682385206,0.3555356769001742]],"n_kirred":1}