{"kgrid":[1,1,1],"a":10.464285714285715,"temperature":0.0,"Ecut":50.0,"lattice":[[0.0,5.232142857142858,5.232142857142858],[5.232142857142858,0.0,5.232142857142858],[5.232142857142858,5.232142857142858,0.0]],"n_electr":8,"n_bands":4,"α":[0.8,0.8,0.8,0.8,0.8,0.8,0.8,0.8,0.8,0.8,0.8],"energies":[-7.340791695480885,-7.349943302414587,-7.350680441915692,-7.350682975758665,-7.350686400150181,-7.350691318022167,-7.350691472548238,-7.350691476310944,-7.350691476341499,-7.350691476381357,-7.350691476381728],"residuals":[[3.1813019180837323e-8,4.4602478301214384e-8,3.244553237361965e-8,2.919356194990716e-8,6.062332337568527e-6,1.0247519285034114e-5,3.2742557707939535e-5]],"smearing":"DFTK.Smearing.None()","ndiag":[1,1,1,1,1,1,1,1,1,1,1],"fft_size":[50,50,50],"eigenvalues":[[-0.16023671945834106,0.2687757987020273,0.2687757994328458,0.26877580188216543,0.3555356744073572,0.3555356762782189,0.3555356785692757]],"n_kirred":1}