{"kgrid":[1,1,1],"a":10.464285714285715,"temperature":0.0,"Ecut":50.0,"lattice":[[0.0,5.232142857142858,5.232142857142858],[5.232142857142858,0.0,5.232142857142858],[5.232142857142858,5.232142857142858,0.0]],"n_electr":8,"n_bands":4,"α":[0.8,0.8,0.8,0.8,0.8,0.8,0.8,0.8,0.8,0.8,0.8,0.8,0.8],"energies":[-7.34008611186216,-7.34970786790824,-7.350667178745378,-7.3506698879710015,-7.350683972041111,-7.350689845467064,-7.3506914589653665,-7.350691475322458,-7.350691476253918,-7.350691476355452,-7.350691476380431,-7.35069147638146,-7.350691476381742],"residuals":[[2.911442666588018e-8,3.12739946450443e-8,1.0584473171798037e-8,6.238578990735072e-9,6.166704356319844e-8,1.529175430951159e-7,4.715410727329714e-8]],"smearing":"DFTK.Smearing.None()","ndiag":[1,1,1,1,1,1,1,1,1,1,1,1,1],"fft_size":[50,50,50],"eigenvalues":[[-0.16023671677384974,0.268775803531059,0.2687758045835107,0.26877580496495485,0.35553567589162843,0.3555356767042892,0.35553567729743535]],"n_kirred":1}