{"4":[3.0447270754981597,1.8374879761839806,1.5544569725441086,1.0520463909294528,0.7501434052182576,0.3904622043023908,0.19555476023045665,0.09268416510553279,0.02955579863591804,0.010075978544542993,0.0033601697593394274,0.0013434324334483543,0.0008682579138910513,0.0006239062827552365,0.0005750466878698682,0.00024465535783755156,9.795297477538634e-5,3.8920269640268663e-5,1.1916473665221218e-5,2.602360231469337e-6,6.494048279524897e-7,2.2189803338217794e-7,6.916626988708107e-8,1.1662539236769593e-8,2.44683498177551e-9,7.419046544971238e-10],"2":[2.573529491205701,1.908401973933188,1.0263463196521865,0.7241330176631727,0.6915865507430722,0.3205009467587902,0.14830585112233424,0.06554407272128858,0.01923415993198072,0.00719996106741889,0.0025273927737295364,0.0009103772318685763,0.0004069079358785926,0.0003117680479842143,0.0002539692128101168,0.0001586946566752703,5.884848769334042e-5,2.8739170858525408e-5,9.619105410044458e-6,1.8579177681735186e-6,4.0439026619035964e-7,1.250381704161181e-7,4.494747438334632e-8,7.832657837243936e-9,1.7346026904620695e-9,4.849882824673206e-10],"3":[3.1003681960038127,1.8305565677902997,1.6269464064295556,1.0999291715103878,0.7558349389081546,0.39379382122330375,0.19873326280010084,0.09509393794975586,0.03083594778948841,0.010364517363772488,0.0034450931183306163,0.001395119396334241,0.0009278137971783728,0.0006563793791865522,0.0006148891793814352,0.0002519815049619332,0.00010194209960985612,3.915793297561117e-5,1.2085367071989695e-5,2.657762372102374e-6,6.742924387173999e-7,2.3133123072880193e-7,7.138039940701112e-8,1.210229076036126e-8,2.515876053036653e-9,7.727031123309476e-10],"1":[2.583539727362629,0.9535820593080034,0.18506963577759641,0.022303028049165494,0.007843462652308668,0.0014067205424548362,0.00042474692811678854,7.621986814850013e-5,1.4828372369779594e-5,1.7864800736666569e-6,3.504209642634433e-7,1.0282821792978186e-7,3.94901699381623e-8,5.19484515239552e-9,1.354042215484369e-9,2.935825794770792e-10]}