{"4":[2.6160945457801494,1.6067787867037293,0.8672741052765095,0.3300172735795764,0.09529509685515845,0.045877558110555376,0.03472676108143372,0.03554672200419796,0.01803861457759019,0.007444971261776819,0.0026509915785958775,0.0009100057430134099,0.0003365921151395643,0.00011480010512848832,5.004433811417591e-5,1.5786482049739065e-5,6.185812503823194e-6,1.4476959681782734e-6,2.736240777299086e-7,9.097434625594665e-8,3.0277924358496706e-8,6.2204241515017696e-9,1.1392107410049258e-9,3.1248101311431747e-10],"2":[2.6154824735373055,1.607038046180064,0.866945805656124,0.3299128958262339,0.09520696299894343,0.04573782774517608,0.03452272203472415,0.03535745182495742,0.018000618354413092,0.007438611549988527,0.0026497542935619975,0.0009095862552598274,0.000336337471180096,0.00011472427532848752,5.000940603938304e-5,1.57818546598852e-5,6.1820964815654274e-6,1.4472309556399137e-6,2.734539793770923e-7,9.090871650772225e-8,3.0263388202771226e-8,6.2165405140550835e-9,1.1385822682760625e-9,3.1229385624898474e-10],"3":[3.1607734598103985,1.290516314658064,0.9200377654283803,0.3413874185694116,0.13475166233121022,0.09276149499676443,0.08008309524458682,0.06334952784133965,0.030629665847214178,0.010468310211607098,0.003506993267329531,0.001244824459313029,0.0005626294066430392,0.00018682302284224678,6.403273670593702e-5,1.8815163240785322e-5,7.921631491225775e-6,1.705695530410776e-6,4.098707322950614e-7,1.5017068244185753e-7,4.114157082216343e-8,9.620185430564154e-9,1.6538963262830602e-9,4.6462927207267115e-10],"1":[2.481738567563432,0.6327378617370106,0.13866299667313434,0.009352383607741285,0.0020434966395391054,0.00045600117080818876,0.00015998327089503767,1.5522036432366894e-5,3.3511696881938324e-6,9.051897070673294e-7,3.331414515097721e-7,8.646245004503742e-8,3.1049968958332646e-8,1.4528245814265132e-8,2.838626452379976e-9,4.823520838604644e-10]}