{"4":[2.2035529787368304,1.8299103185812007,0.6570817144253309,0.2604113392463027,0.08411683047055153,0.025554874015503423,0.009881251405326304,0.006915137988143693,0.005841814977645596,0.004311710485625072,0.0018892102305428193,0.0006568730866921653,0.00016304679139384902,5.582482156647959e-5,1.8639617424154605e-5,8.335014604650889e-6,3.6250079148074034e-6,9.55070026064953e-7,1.6368748605380588e-7,4.5253579538006004e-8,1.850326417116317e-8,3.793706452916262e-9,7.644911240257705e-10],"2":[3.0287899685773185,1.3791667945890553,0.9678262709981724,0.3557537914273587,0.1258540261406754,0.08024913962388597,0.06903511205031651,0.05900386889891981,0.027876301357109324,0.009916715322637316,0.003332945223015613,0.0011775630075369114,0.0005101943529642817,0.0001695197291777139,6.458835713449568e-5,1.8485223236586002e-5,7.984227861742456e-6,1.6918670773068093e-6,3.9189365719068885e-7,1.4073822933412584e-7,3.955928130109243e-8,8.886923095403345e-9,1.5399895971209378e-9,4.3223241503072823e-10],"3":[2.9687673067209466,1.4180189701711865,0.9737522634247212,0.35699393767723125,0.1211584231996955,0.07482611092798216,0.06393647586193492,0.056231739699758365,0.026470670122991688,0.009616313465681302,0.0032458771688491333,0.001143229293029517,0.0004855266334913201,0.0001614685854774837,6.390311772768292e-5,1.8205217093557323e-5,7.878550927117979e-6,1.6706500491841336e-6,3.7832917307817854e-7,1.3464423514986623e-7,3.854900330218725e-8,8.5251758016559e-9,1.4850427806153505e-9,4.1587391183430824e-10],"1":[2.4817388088465946,0.6327375902735907,0.13866300998534797,0.009352376953871616,0.0020435559469308296,0.0004559679359654057,0.0001615837179088851,3.0201073595461574e-5,5.609365462677193e-6,8.693965954857601e-7,2.750641371890875e-7,6.208079498053978e-8,8.818494804549625e-9,2.5378596533649534e-9,1.2539680421545029e-9,4.01538649308986e-10]}