{"4":[2.7096651253543156,1.879449450872072,1.1555314506904746,0.8024684331013009,0.70201347688398,0.3416435592243733,0.1631382900649303,0.07340186620071251,0.021918561999468303,0.008026402447776566,0.002778430874341743,0.001025815028370756,0.0005263883673054227,0.0004045860605117834,0.00033813905866173784,0.0001885686999605227,7.024220908877156e-5,3.302350622489605e-5,1.0358108437929363e-5,2.099094190841353e-6,4.7347031335171454e-7,1.5344650573774282e-7,5.243759351817216e-8,8.899408032290377e-9,1.9387282907442773e-9,5.545898335530921e-10],"2":[2.709012555714017,1.8795567249281602,1.1548562046616195,0.8020613368051995,0.7019400256855771,0.34153383442284996,0.1630665511204378,0.07336299475749174,0.021904986148240047,0.008022271571421687,0.0027772220322842913,0.0010252291675937354,0.0005257813054740109,0.000404139509972022,0.0003377109139707685,0.00018843630098038902,7.018728425217098e-5,3.3005289462053224e-5,1.0354660401246263e-5,2.0979491648453235e-6,4.731269638558848e-7,1.533072142683202e-7,5.240179255160656e-8,8.894141397877761e-9,1.9377095292006723e-9,5.542572332439405e-10],"3":[3.283310655314992,1.8048295546243267,1.8728162934745027,1.2668565482652192,0.7584768216904728,0.38507978860791675,0.1982900586001746,0.0980841881625463,0.03454346993391753,0.011151975698386638,0.0036981965338570744,0.0015568784176466424,0.0011235755618600192,0.000752251625713836,0.0007420021212480992,0.0002729081622421758,0.00011218039716584226,3.8326693831941505e-5,1.2256913017336945e-5,2.744579228052954e-6,7.273457795399028e-7,2.5399893163412334e-7,7.699882499771379e-8,1.3463597590901662e-8,2.691968354048773e-9,8.704655279577277e-10],"1":[2.583539799161696,0.9535820860657008,0.18506963809653829,0.022303028674357583,0.0078434627885027,0.001406720362393511,0.0004247469313052142,7.62198672312471e-5,1.4828353082578536e-5,1.7863027601593023e-6,3.5056562016732526e-7,1.0296369595546133e-7,3.1362699551407326e-8,5.157901677390145e-9,1.3537753066211379e-9,2.935918774847832e-10]}