{"4":[2.293298532380038,2.06481368180268,0.8376857760858931,0.5945027929844219,0.7065733319255371,0.2963971316943155,0.11512188620886597,0.048240210529624385,0.013547003779829692,0.00570005355339604,0.002036224599079609,0.0006931195063709634,0.00018254809883634787,9.568872950960406e-5,7.854165566992595e-5,7.077990009048848e-5,2.7803449068745678e-5,1.3016602035241979e-5,6.913417354451847e-6,1.2996782747608192e-6,2.596150582062838e-7,6.95129986351322e-8,2.8239293438351243e-8,5.5936172937315855e-9,1.362167574845031e-9,3.403577012833402e-10],"2":[3.1428404726488983,1.8249954752122863,1.6829914255408522,1.1374141615073265,0.758870707746534,0.3947221387808297,0.2003485508019095,0.09659019928522311,0.031784089446961684,0.010570496002340425,0.0035074354991663824,0.0014338112463935365,0.0009733126357005147,0.0006801324743175449,0.0006449774868019941,0.0002572563979411156,0.00010475046474372531,3.918903656916817e-5,1.2183914057448169e-5,2.6922845697912476e-6,6.912970388925789e-7,2.3788602315875827e-7,7.29258968184087e-8,1.2430188331735132e-8,2.563925183985642e-9,7.958831865470721e-10],"3":[3.0791136012937366,1.833249839864999,1.5991285155223554,1.0814703935353034,0.7538711920077996,0.3927856935009031,0.1976478192982001,0.09422679119241044,0.030351021638493757,0.010256743626196985,0.003413091209995527,0.0013755087820414465,0.0009050606788892518,0.0006441634265650934,0.0005997257940065545,0.0002492404818530242,0.00010045682197765498,3.909332364789075e-5,1.2025766073832809e-5,2.637888025760004e-6,6.650939571140815e-7,2.2783288865122886e-7,7.055917418958676e-8,1.193562610885473e-8,2.4903071559774406e-9,7.610389590340393e-10],"1":[2.5835398281768516,0.9535821004079283,0.18506965326351105,0.022303033454605468,0.007843464482508907,0.001406721540030666,0.0004247471462273368,7.622050784441219e-5,1.4830704207857184e-5,1.8071987283691713e-6,3.8088238439126863e-7,1.9895043283034658e-7,5.0682284191536286e-8,5.222787328003446e-9,1.3545201606096926e-9,2.938222232495984e-10]}