{"4":[2.936324804169679,1.4384049653037365,0.9732808300826543,0.3566612136208239,0.11854559866504179,0.07191823917762383,0.0611462519855217,0.05458304703317099,0.025690475374102163,0.00944261070026559,0.003196842193480655,0.0011237170374799493,0.0004720050875239828,0.00015708151307329885,6.32979643997294e-5,1.8027908041129544e-5,7.791235651496228e-6,1.6564222845534537e-6,3.7008198990176123e-7,1.310492322260488e-7,3.7939837137613656e-8,8.322905664592118e-9,1.454476231003626e-9,4.066798105417564e-10],"2":[2.4829185523577526,1.6632495281767536,0.7979400197347764,0.3116142396300677,0.08908034550908095,0.03759277700694614,0.02538345694485276,0.026913157778612484,0.015043376905345188,0.006603903867572536,0.0024115863217596786,0.0008253250632726628,0.0002827748006020176,9.843067254491228e-5,4.20092913988876e-5,1.468708613091777e-5,5.396254952823125e-6,1.331345166191013e-6,2.3521910349725825e-7,7.529495429977713e-8,2.6709008762549855e-8,5.407077993485032e-9,1.016260428514028e-9,2.77570504176681e-10],"3":[2.9888032404460803,1.4052026696359252,0.9727788846021501,0.3568608852288024,0.12274323196307738,0.07661618219716833,0.06563133027811735,0.0571896011965505,0.026945024083879658,0.009719645377669804,0.003275470199739512,0.0011549466169882593,0.00049381250870892,0.0001641646088671132,6.419471515868125e-5,1.830577460549606e-5,7.922037648050448e-6,1.678507597148156e-6,3.8312095642189253e-7,1.367654403726989e-7,3.890303887749694e-8,8.647572931737607e-9,1.5035845503826398e-9,4.2142691195380924e-10],"1":[2.481738853972877,0.6327380546524374,0.13866307534755687,0.009352357073457662,0.002043470196907816,0.0004559663036617628,0.00015988846866582518,1.4705682635087368e-5,1.6782812652040657e-6,4.386266279198904e-7,1.288887947111464e-7,5.50251993707901e-8,7.622440043657385e-9,1.4368840071437317e-9,3.94950560095549e-10]}