{"kgrid":[1,1,1],"a":10.278571428571428,"temperature":0.0,"Ecut":50.0,"lattice":[[0.0,5.139285714285714,5.139285714285714],[5.139285714285714,0.0,5.139285714285714],[5.139285714285714,5.139285714285714,0.0]],"n_electr":8,"n_bands":4,"α":[0.8,0.8,0.8,0.8,0.8,0.8,0.8,0.8,0.8,0.8,0.8,0.8],"energies":[-7.323089459117603,-7.333576806644045,-7.334416965104644,-7.33442251595882,-7.334425217285322,-7.33442969728477,-7.334429735708699,-7.33442974084244,-7.334429740866703,-7.334429740874574,-7.334429740875896,-7.334429740875899],"residuals":[[3.2320029440829576e-9,2.4338515207948523e-9,1.300334625300698e-9,9.686461304368807e-10,1.5404892351417605e-8,1.1878315988508349e-8,1.0436328813480019e-8]],"smearing":"DFTK.Smearing.None()","ndiag":[1,1,1,1,1,1,1,1,1,1,1,1],"fft_size":[50,50,50],"eigenvalues":[[-0.15108028319698635,0.29159703894900124,0.2915970392637049,0.2915970398780178,0.37905413301885005,0.3790541333768706,0.3790541335785046]],"n_kirred":1}