{"kgrid":[1,1,1],"a":10.278571428571428,"temperature":0.0,"Ecut":50.0,"lattice":[[0.0,5.139285714285714,5.139285714285714],[5.139285714285714,0.0,5.139285714285714],[5.139285714285714,5.139285714285714,0.0]],"n_electr":8,"n_bands":4,"α":[0.8,0.8,0.8,0.8,0.8,0.8,0.8,0.8,0.8,0.8,0.8,0.8],"energies":[-7.322633697035721,-7.3334687260108655,-7.33440490195896,-7.334381304039537,-7.3344255770929205,-7.334429664564279,-7.334429736390899,-7.334429740794416,-7.3344297408551515,-7.334429740874823,-7.334429740875893,-7.334429740875894],"residuals":[[3.1077660569921258e-9,1.6032201006021966e-9,9.029150558495358e-10,2.7304309761029498e-9,1.4757463413685604e-8,1.4917695322708813e-8,1.4598921509279207e-8]],"smearing":"DFTK.Smearing.None()","ndiag":[1,1,1,1,1,1,1,1,1,1,1,1],"fft_size":[50,50,50],"eigenvalues":[[-0.1510802833737078,0.2915970390566543,0.2915970392467418,0.29159703965226397,0.3790541320193145,0.37905413247317865,0.3790541329440795]],"n_kirred":1}