{"kgrid":[1,1,1],"a":10.278571428571428,"temperature":0.0,"Ecut":50.0,"lattice":[[0.0,5.139285714285714,5.139285714285714],[5.139285714285714,0.0,5.139285714285714],[5.139285714285714,5.139285714285714,0.0]],"n_electr":8,"n_bands":4,"α":[0.8,0.8,0.8,0.8,0.8,0.8,0.8,0.8,0.8,0.8,0.8],"energies":[-7.323027458649184,-7.333598532996044,-7.334415844169704,-7.33441890636313,-7.334425355371241,-7.334429621450483,-7.334429736140358,-7.334429740741339,-7.334429740840697,-7.334429740875191,-7.3344297408758745],"residuals":[[3.440395828262076e-8,2.1883013458865497e-8,2.6574766326396784e-8,2.3679425259020167e-8,4.505281440593298e-7,4.0990994779882144e-7,1.8151403899121055e-7]],"smearing":"DFTK.Smearing.None()","ndiag":[1,1,1,1,1,1,1,1,1,1,1],"fft_size":[50,50,50],"eigenvalues":[[-0.15108028533986523,0.2915970308298003,0.29159703507436624,0.2915970396412217,0.3790541281552015,0.3790541336958499,0.379054136741398]],"n_kirred":1}