{"4":[2.728532048226655,1.5289905674689923,0.9585460057693734,0.35108980882993995,0.0960819275908179,0.04059253201978204,0.018278799311276267,0.007087785366906477,0.0038554328923983664,0.0028632627213503376,0.001935955826631399,0.0008184313067912095,0.00034751252003265416,0.00011537498500586712,4.897157764997863e-5,1.4588497342986627e-5,6.044640640132591e-6,1.3585318612201941e-6,2.6209307432435043e-7,8.444894019355011e-8,2.794993110420505e-8,6.085480377351308e-9,1.124717155534066e-9,2.9808025753377123e-10],"2":[2.280088924953963,1.7537167841853167,0.7349644635965605,0.285043968437227,0.08237950640331469,0.026932353075164395,0.010130157732510794,0.003884032835287184,0.0017670119424976053,0.000992544675019622,0.0009249557627901286,0.0005233564830422709,0.00018267813410074402,6.893382751729171e-5,2.6566039831791524e-5,1.1300756992332245e-5,3.943041019044216e-6,9.832321076399354e-7,1.568533998560157e-7,3.845971469359471e-8,1.4850589512577296e-8,3.6096702695039416e-9,6.721957228785332e-10],"3":[3.1812256031240205,1.2400974375229017,0.9055021255286325,0.33613999233552944,0.11254701610723318,0.0545711055677455,0.02836859618552842,0.009967409606427032,0.006361155317782414,0.004896571366696129,0.0026699354829824475,0.0010411017044655718,0.0005017393262535733,0.00016310104349268804,5.483188525813061e-5,1.565364725842534e-5,6.7457436347160945e-6,1.488506847780604e-6,3.409906429886622e-7,1.2372032113958105e-7,3.50165455092516e-8,8.375612841166404e-9,1.5928237270325261e-9,4.4882751781017783e-10],"1":[2.4465897680022377,0.6170688606831828,0.1319991539167693,0.008795967449165706,0.00186467105237619,0.0004570184816889146,0.00013865764424857597,1.156778312592907e-5,1.5719856993802425e-6,4.2748580199846384e-7,1.0609762930742168e-7,1.3524758172049475e-8,2.5206926712879934e-9,9.326928494978622e-10]}