{"4":[3.374266955686631,1.1100118527142175,0.6807681757479789,0.221094718292272,0.07473291835187541,0.0379488896355784,0.027739177530526543,0.011432261373013959,0.007506152626620932,0.005141998249674242,0.00275043146101249,0.0010681141349090035,0.0005476216484731188,0.000182093867181609,4.9005718231774174e-5,1.4634547498934971e-5,5.563889712734036e-6,1.2819099741601669e-6,2.5784125610260675e-7,8.174320321632815e-8,2.8125023373299817e-8,8.419553654068929e-9,1.7187538074776708e-9,4.971866801355256e-10],"2":[2.134106235801221,1.899865201145513,0.6878957962282521,0.25163544264891685,0.0853640002166431,0.022543574892650412,0.006505255131676542,0.002729297165478214,0.0010748191627946424,0.0003104790954376001,0.00010739419905860403,2.8451085844837348e-5,1.0347802478112355e-5,7.947877004866334e-6,7.625785878476437e-6,2.196965027122105e-6,3.8268776870825687e-7,1.6174622183204748e-7,8.433968213193209e-8,1.9500781517928477e-8,6.9863123694472205e-9,2.3412643350052036e-9,4.894486978381551e-10],"3":[2.269826718820911,1.7609499774176929,0.7295929666883552,0.2829943758262215,0.08232464302196785,0.0267164381166689,0.00996880921347784,0.0038110310611251066,0.0017205980914325942,0.0009509577274038738,0.0008923600050838319,0.0005139918872324817,0.00017836672029908107,6.743390139817568e-5,2.5827855116991094e-5,1.1110039364814058e-5,3.895651946828935e-6,9.70043403810402e-7,1.5474024940461186e-7,3.746011298154066e-8,1.4445922608983536e-8,3.549128111689997e-9,6.625304155721498e-10],"1":[2.4465897462815036,0.6170688645633539,0.13199915511721116,0.008795967601165558,0.0018646711192228465,0.0004570185118308897,0.00013865764866359496,1.156778588801031e-5,1.5719909834342583e-6,4.274695748073048e-7,1.0617661008257082e-7,1.460015145811697e-8,5.465552006872416e-9,1.2560463024172896e-9,3.9663748951224527e-10]}