{"4":[2.8247218992071255,1.8468463273717615,1.3427019647038083,0.8758442273570226,0.7244869675762322,0.38362305143044356,0.18346152452505976,0.0838222482950098,0.02653094196066322,0.010073702354101273,0.0032950827393581727,0.0012606449865266382,0.0006631282956902077,0.0004158385211825241,0.00034646862061567366,0.00018838288363754173,7.049741944066754e-5,3.2076849637709197e-5,1.003742041363237e-5,2.065512162006274e-6,4.617321507629332e-7,1.5095786088240104e-7,5.152057485199265e-8,9.444369687866912e-9,2.024867108081104e-9,5.744075074162768e-10],"2":[2.3683489660588393,1.9874760706341814,0.9190491422276577,0.6209844071548104,0.703565285428703,0.31554372013709553,0.13239057728066578,0.05580762823957094,0.01613041671890889,0.006630773184609568,0.002312567826755186,0.000837121702300937,0.00028522570295432735,0.00017055510161876445,0.00011922544362258036,9.255415313794153e-5,3.8095984593362137e-5,1.9378391170570463e-5,7.694807599399523e-6,1.360444149440419e-6,2.6422377558138086e-7,6.33048773392933e-8,2.7066463081504995e-8,5.561296491814325e-9,1.2432785620044316e-9,3.098250135805795e-10],"3":[3.3021622320963737,1.7712001293706634,1.9431593041163346,1.2793990072491745,0.7584446880812038,0.40552834831786694,0.2051293366311427,0.10153139303620534,0.03791308293310405,0.013028750711936056,0.004093899596252378,0.0016948861172916105,0.0011229081572548742,0.0006365858402257263,0.0006174541625448938,0.00024418906284329764,9.612872452583481e-5,3.293930565983799e-5,1.0948542929185843e-5,2.40823703744218e-6,6.154035805849911e-7,2.1689989519781852e-7,6.662962170085172e-8,1.3090535745135053e-8,2.7831429713110115e-9,8.832586563717908e-10],"1":[2.547340569009959,0.9252305769458158,0.17734939141649003,0.02110088668901042,0.007199307303875789,0.0012867732618575517,0.0003716398813713827,6.208647467136061e-5,1.1984561977357113e-5,1.5094815576486096e-6,3.836416446699645e-7,8.351971330182504e-8,1.7140459192640257e-8,4.074385653874701e-9,1.3602585648332567e-9,2.281288778129183e-10]}