{"4":[3.507373687906428,1.731093690654322,2.225942017434334,1.4934193820892152,0.7098360829380277,0.32294815015704187,0.1449612339121696,0.05558242245451115,0.02795594277196332,0.01148916178221743,0.00416783262783723,0.0018411842961666685,0.0013348871029024675,0.000706595086046394,0.0007082757590438425,0.00025832672703084196,9.809715105969815e-5,2.8575747861160542e-5,9.607486289001017e-6,2.061730784512348e-6,4.253069368793875e-7,1.5102719122790753e-7,5.57427759234372e-8,1.3475440578947595e-8,2.8866772028458927e-9,1.0063998637047424e-9,1.8800468932431134e-10],"2":[2.2234032364395815,2.142873641912465,0.8883347925864672,0.593313088256142,0.7525827721855073,0.30555103485499757,0.09899733940095695,0.040646879719715284,0.012523392501746267,0.0054546693031612345,0.0018264402647242088,0.0006698838112776635,0.0001517018305796131,5.004148459104069e-5,1.2928182979973654e-5,3.092085886856079e-6,1.336987761572644e-6,2.027724130663811e-6,5.82165374105313e-7,2.004842498932342e-7,1.3327336798830694e-7,2.803430263422521e-8,7.640138146060231e-9,2.1850833117630413e-9,7.608580261066244e-10],"3":[2.358114782394929,1.9946836727069632,0.9121448472510693,0.6163445289408472,0.7045074991620692,0.3148063787863587,0.1311739257911368,0.055151603391108465,0.015897611173650118,0.0065591211789861525,0.002289207038449975,0.000827458238690485,0.000276893439960122,0.00016402252094216413,0.0001143959687463909,8.94353628425269e-5,3.7037303572762344e-5,1.8890098265707647e-5,7.6088811560506025e-6,1.3431975315854621e-6,2.596408137308319e-7,6.124729616109797e-8,2.6302864602845932e-8,5.4606275538048766e-9,1.227461363552354e-9,3.0462032717651814e-10],"1":[2.5473405512663643,0.925230584361121,0.17734939343702436,0.02110088703745044,0.007199307378921972,0.0012867732784326484,0.00037163988786925885,6.208647447943463e-5,1.19845564379441e-5,1.5094388924315022e-6,3.837519796880425e-7,8.332216324666292e-8,8.855407169852084e-9,2.0817663114064075e-9,8.934727867603593e-10]}