{"4":[3.104427524900607,1.2934770398045066,0.9541086958729603,0.3524225833112143,0.11282668181501566,0.05333322845972075,0.02678821127541803,0.009525938319656797,0.005923333933972766,0.004581699889972992,0.002565049833673092,0.0010110984218445048,0.0004774744239067574,0.0001551101208465301,5.564160455582262e-5,1.570362700375889e-5,6.892780579724163e-6,1.4962280732915537e-6,3.375218668748327e-7,1.2031435205518116e-7,3.449906012404136e-8,8.05943566987035e-9,1.5222640024148176e-9,4.2553237537908437e-10],"2":[2.13572377095884,1.8974622875541174,0.6866700749585847,0.2518241658522334,0.08514146240805283,0.02268792224634099,0.006621558530837586,0.0027451749814030877,0.001080993059279263,0.00032088144279185995,0.0001267352632332198,6.930980047461645e-5,5.916502105861424e-5,3.382346915617135e-5,1.0147925133436492e-5,2.6362081622255306e-6,1.1139553980120885e-6,6.312081893343349e-7,1.2171083295091026e-7,2.1414856389380553e-8,7.406018752948258e-9,2.3834723189295297e-9,4.956677503560177e-10],"3":[2.8689995869578193,1.44903753707665,0.9944776987470656,0.36143916776007456,0.10353915648845281,0.0459132370319985,0.02146538206476114,0.008062038780168741,0.0046064376824943055,0.0035233636473195264,0.0021935828746370636,0.0008988500613108993,0.00039776937981126346,0.00013005839409467368,5.331487353751426e-5,1.51834427894711e-5,6.594500478845753e-6,1.4317555465074605e-6,2.9647152359238506e-7,9.968957234307695e-8,3.100098693296302e-8,6.8795206971456525e-9,1.2802236071814055e-9,3.4710473744923803e-10],"1":[2.4465897166306028,0.6170689418185193,0.13199918250090872,0.008795968514972736,0.0018646716985764842,0.000457018865604407,0.0001386585693183183,1.1573982954180157e-5,1.5852787699231622e-6,4.471162234391578e-7,2.3050113162437682e-7,5.229533249915903e-8,6.699014341596882e-9,1.2671908124488965e-9,3.9788326084875557e-10]}