{"4":[3.220630800555157,1.7859369869074906,1.8356243560604373,1.2018054643040321,0.763474285733298,0.41625525686066417,0.20921319093065702,0.1024172959478506,0.03645065498338161,0.012672188387682783,0.003977309577611327,0.0016274660671836611,0.0010436930479501545,0.00060373875809613,0.000573093406482744,0.00023671731418267543,9.323919454211716e-5,3.3796043306538897e-5,1.104039979532321e-5,2.412496620195609e-6,6.081121989785236e-7,2.1127415933258948e-7,6.531630981037554e-8,1.2571277234944337e-8,2.6860550956580365e-9,8.329183333539721e-10],"2":[2.225002160939326,2.1402352958971527,0.8856455377167127,0.5907418251612606,0.7498078460002046,0.3059325009431814,0.1002294491861838,0.04113428146174051,0.012531535871297697,0.005473842295032675,0.0018472868224750244,0.0006725621946891218,0.0001534872727973981,5.1996789376067226e-5,1.5571360931974555e-5,1.0113554264429024e-5,1.1152826955314828e-5,3.6183112301535205e-6,2.059741282621911e-6,8.839485515215024e-7,1.7213063530900952e-7,2.948419847778891e-8,8.276377479567159e-9,2.3950103327468398e-9,8.088557745819758e-10],"3":[2.971729465561804,1.82558955885819,1.519179566214647,0.9864687006632156,0.7460849573712457,0.40663278612832804,0.19802275576602166,0.09288532217897903,0.030372855606774374,0.011170613315111839,0.0035713942088362103,0.0014033914523363241,0.0008021767808360021,0.000490513247363107,0.0004315663120991133,0.00020898257830535182,8.003154411670556e-5,3.381748297495199e-5,1.0590304877717056e-5,2.2461879842074687e-6,5.264848462955382e-7,1.7734595464952702e-7,5.7737962510585596e-8,1.0686211236167849e-8,2.296943665052299e-9,6.716468692216511e-10],"1":[2.547340500557279,0.9252305562889973,0.17734939239543487,0.02110088664534753,0.007199307404195522,0.0012867734907322894,0.0003716398778906328,6.208648339180327e-5,1.1984615936391818e-5,1.5098955556848793e-6,3.826178071830105e-7,8.805905586522889e-8,3.3490713498041486e-8,4.1767413703891875e-9,1.3618434826384035e-9,2.2818521831478946e-10]}