{"kgrid":[1,1,1],"a":11.403,"temperature":0.0,"Ecut":50.0,"lattice":[[0.0,5.7015,5.7015],[5.7015,0.0,5.7015],[5.7015,5.7015,0.0]],"n_electr":8,"n_bands":4,"α":[0.6,0.6,0.6,0.6,0.6,0.6,0.6,0.6,0.6,0.6,0.6,0.6,0.6,0.6,0.6,0.6,0.6,0.6,0.6,0.6,0.6,0.6,0.6,0.6,0.6],"energies":[-7.382511618327213,-7.384652521749219,-7.34076547773249,-7.381740133252343,-7.357817180641437,-7.385720996025306,-7.386084344624132,-7.386893926325609,-7.386738159472116,-7.387396211139855,-7.387445317784094,-7.38744338106063,-7.387457851018693,-7.3874585655813485,-7.387459136695025,-7.387459655028286,-7.387459803965952,-7.387459807216819,-7.387459829864557,-7.387459830487257,-7.387459830868066,-7.387459830911994,-7.387459830903785,-7.387459830933219,-7.387459830933717],"residuals":[[1.769283060410003e-8,5.4941651825950755e-8,2.688736887684574e-8,3.973105569307538e-8,5.3686562650168834e-8,2.1752106948547023e-8,3.248322223980485e-8]],"smearing":"DFTK.Smearing.None()","ndiag":[1,1,1,1,1,1,1,1,1,1,1,1,1,1,1,1,1,1,1,1,1,1,1,1,1],"fft_size":[54,54,54],"eigenvalues":[[-0.20014081611646967,0.17213963995134787,0.17213964452496988,0.17213964947664284,0.17481255994880507,0.25444199453301486,0.25444199700607395]],"n_kirred":1}