{"kgrid":[1,1,1],"a":11.403,"temperature":0.0,"Ecut":50.0,"lattice":[[0.0,5.7015,5.7015],[5.7015,0.0,5.7015],[5.7015,5.7015,0.0]],"n_electr":8,"n_bands":4,"α":[0.6,0.6,0.6,0.6,0.6,0.6,0.6,0.6,0.6,0.6,0.6,0.6,0.6,0.6,0.6,0.6,0.6,0.6,0.6,0.6,0.6,0.6,0.6,0.6,0.6,0.6,0.6,0.6],"energies":[-7.382300904516128,-7.3717464181859444,-7.330633960708494,-7.309636610611081,-7.368563174942269,-7.356318336033121,-7.375279472963962,-7.382154550467207,-7.382254088524872,-7.384095783928297,-7.38715766787106,-7.3872619160285256,-7.387403768830002,-7.387368472997502,-7.387378410201766,-7.387421652570918,-7.387455414025283,-7.38745733508206,-7.3874594302767775,-7.387459818579842,-7.387459817081874,-7.38745982907907,-7.387459830527453,-7.387459830738262,-7.387459830903948,-7.387459830930298,-7.387459830932642,-7.387459830933539],"residuals":[[6.905054378709153e-8,8.929447142267258e-8,4.693608765472416e-8,4.942605110588428e-8,1.0867678326682526e-6,3.383616396144915e-8,4.744139188856107e-8]],"smearing":"DFTK.Smearing.None()","ndiag":[1,1,1,1,1,1,1,1,1,1,1,1,1,1,1,1,1,1,1,1,1,1,1,1,1,1,1,1],"fft_size":[54,54,54],"eigenvalues":[[-0.2001408136871577,0.1721396441725105,0.17213964619110977,0.17213965034794487,0.1748125624873677,0.254441996370806,0.2544420006505438]],"n_kirred":1}