{"kgrid":[1,1,1],"a":11.403,"temperature":0.0,"Ecut":50.0,"lattice":[[0.0,5.7015,5.7015],[5.7015,0.0,5.7015],[5.7015,5.7015,0.0]],"n_electr":8,"n_bands":4,"α":[0.6,0.6,0.6,0.6,0.6,0.6,0.6,0.6,0.6,0.6,0.6,0.6,0.6,0.6,0.6,0.6,0.6,0.6,0.6,0.6,0.6,0.6,0.6],"energies":[-7.382529089988909,-7.386322601693095,-7.3636711926946505,-7.387362116198263,-7.385334919155331,-7.38573805567714,-7.38740238430689,-7.387033840695976,-7.3874162775697245,-7.3874533235658175,-7.387459198929063,-7.387459437676865,-7.38745939507149,-7.387459804700887,-7.387459826152403,-7.387459827477812,-7.3874598303283046,-7.387459830861035,-7.387459830916217,-7.387459830930212,-7.387459830931482,-7.387459830933593,-7.38745983093375],"residuals":[[1.9873356741793656e-8,2.9987520099639526e-8,1.3597479363081857e-8,6.156560361155161e-9,3.104987324202304e-9,2.269033084643377e-9,5.285061629003228e-9]],"smearing":"DFTK.Smearing.None()","ndiag":[1,1,1,1,1,1,1,1,1,1,1,1,1,1,1,1,1,1,1,1,1,1,1],"fft_size":[54,54,54],"eigenvalues":[[-0.2001408156467115,0.1721396443152197,0.1721396459685821,0.1721396460032117,0.174812561388329,0.2544419949937837,0.25444199649396115]],"n_kirred":1}