{"4":[2.546954567843666,1.9815153224093367,0.7866857340501098,0.8162275326258024,0.8453060542228263,0.4355644140401852,0.4365858894705919,0.7307266145834157,1.6287080602300918,2.099884235135965,0.7038925706132589,0.3454304721941172,0.11675717382867641,0.03293569464026876,0.006937192622121802,0.0019771872485353473,0.0006459396586440039,0.0002278079930579104,7.836654214995713e-5,2.744065480586136e-5,9.657105449559237e-6,3.4006343043338327e-6,1.1291549725075312e-6,2.6713772571937174e-7,6.602777258234579e-8,1.6993995078668494e-8,5.878834793678786e-9,2.1577015406211137e-9,1.8195201541438082e-9,1.877697108220947e-9,6.216858363770231e-10],"2":[3.3548152748212865,2.234014265780585,2.203767647500828,2.996304990012345,2.709073001326484,2.343271315465754,5.020587911174808,7.966666876135469,6.976606441923786,4.34761258052952,1.1012287464524784,0.49373113597487456,0.1841917074461519,0.05052263907094238,0.015779864793092836,0.0036854417227251417,0.0017126513018992646,0.0005358304103639302,0.0001993398083594058,6.291513409512231e-5,1.9434786110719814e-5,6.269629265022274e-6,2.1775799288303233e-6,4.081001522242819e-7,1.3831388605828218e-7,4.589252319740865e-8,1.3588573954253777e-8,3.379249211533628e-9,1.837914335347165e-9,2.4757096808037294e-9,1.0863253916041872e-9,2.5922756235689413e-10],"3":[3.22982751557427,2.165721435644724,1.868573692254733,2.55650058934465,2.4351972510084527,1.9874925166352402,3.9202387812450104,6.617115228560957,6.587941582272479,4.140030109102089,1.0448289124436696,0.4697040198383894,0.1756553673783075,0.04841694825809707,0.01470557018695734,0.0033786619889819916,0.0015473962488505503,0.0004899976543721417,0.00018224135378469076,5.938530069733923e-5,1.856284056482614e-5,5.932571275300137e-6,2.0738726196440437e-6,3.8941122458399744e-7,1.3003564579077524e-7,4.222513162463642e-8,1.3087833236810441e-8,3.781458278454784e-9,3.241124105632233e-9,3.4831259135383142e-9,1.0685756172341816e-9,2.5554428009037875e-10],"1":[2.797156379258092,1.0871799515193643,0.21866685809556355,0.028867801943226374,0.011311311406177508,0.0022867897798043413,0.0006342970406871213,0.0001632204266337316,3.7752776619458596e-5,4.843742435031742e-6,4.923920120285256e-7,7.861969198058947e-8,3.6927512087120735e-8,1.5432528611749103e-8,1.7761415043856323e-9,5.873283996263537e-10]}