{"4":[3.2898912922046617,1.7514144720663933,1.2573213604965137,0.9233809391480947,0.6106646986123284,0.2906136846770921,0.16775589860901133,0.07419901375083555,0.023056913840513633,0.006599879167225628,0.002724212141396351,0.000777461649870094,0.00021719946819833606,8.017099104329468e-5,2.2757991131863945e-5,8.968765455495265e-6,3.1200755361405556e-6,1.066461200875192e-6,3.136470191608816e-7,1.0694314003768366e-7,2.8361680865023513e-8,9.08558376729096e-9,2.0302698095276807e-9,7.528807638298256e-10],"2":[2.7819933517461073,1.7260930680620865,0.7695855790427518,0.4247229034482584,0.2975190069472341,0.1989911966368023,0.124493938995986,0.05801801016947493,0.016598734868177784,0.00526276386038704,0.0021723823069798114,0.0006017271615197979,0.00016425837514952028,4.51438176206799e-5,1.539356581223013e-5,5.0219828224913055e-6,1.9548414704616175e-6,7.247977400592125e-7,2.0949885928495213e-7,7.875490782631483e-8,2.2042194559449527e-8,6.0731040507834584e-9,1.607258760805531e-9,4.824178973161128e-10],"3":[3.0801620784252526,1.6365950743385904,0.9223559661921077,0.4520865381669972,0.3058956861708932,0.2134913617955533,0.14622010653242118,0.06890667141850698,0.020789007809324033,0.006146611774007663,0.0025516576807931984,0.0007205145077777086,0.00020062313543925352,6.804265454707211e-5,2.044581091225794e-5,7.506744783100374e-6,2.765714030463674e-6,9.61498648783812e-7,2.8370024062810855e-7,9.914699007305614e-8,2.6403160091599946e-8,8.151870767440706e-9,1.9421873488209536e-9,6.614158229769275e-10],"1":[2.7140032995681715,0.9170030155897987,0.18761603984794747,0.020908465175314778,0.007507708551321029,0.001710399108153996,0.0005030373345731613,0.00010039582601334876,2.968064234100348e-5,4.21625628967236e-6,5.514970784807078e-7,1.9981060201295963e-7,5.0786491884988815e-8,1.570830426619863e-8,2.504239976950451e-9,7.004464769099332e-10]}