{"4":[2.5203499488334558,1.8709882995663893,0.6909821350550526,0.5400407348420675,0.501424720167744,0.2357474695961308,0.11055448987822998,0.04765081047898541,0.013004142887912061,0.004656810577725093,0.0018721617830167476,0.0005237697517981472,0.00012747081964941285,3.0259747597736463e-5,1.0462143252412342e-5,3.3118420556837144e-6,1.1817484709075047e-6,4.828897128470825e-7,1.3708631528037054e-7,5.74608594947512e-8,1.799867658768013e-8,4.449297121288197e-9,1.198295098961118e-9,3.1988984121055957e-10],"2":[3.2618786468980923,1.5765576839867883,0.9951164694237438,0.5039466702814283,0.368181264631677,0.2336295317322292,0.15631193795468332,0.07332585400127697,0.02336446320128663,0.006646120196620961,0.0027623890257453747,0.0007830384895174926,0.00021697088847060975,8.202600763491389e-5,2.2932098229390256e-5,9.163915192425411e-6,3.1682151120395947e-6,1.0722811171338192e-6,3.1655826239329573e-7,1.0796977213800337e-7,2.8412795523196835e-8,9.198654019882329e-9,2.051841615362742e-9,7.654924573051458e-10],"3":[3.143963843349252,1.6052437298244642,0.9372911395168175,0.43936673951608174,0.29465958130497477,0.20820154890562048,0.14755259185680294,0.07057935515865679,0.02176445822637303,0.006339905446139477,0.0026337682948860456,0.0007452303120047082,0.00020730049431448013,7.33953058015401e-5,2.1417494938934463e-5,8.118105103114575e-6,2.925404500990624e-6,1.0066016091717563e-6,2.975874525567239e-7,1.0295680793998142e-7,2.725496699491185e-8,8.579182536028391e-9,1.995225756310551e-9,7.016375357051374e-10],"1":[2.693293164114083,0.8027437704826309,0.17328328942672716,0.01645569998033162,0.005165643076886785,0.0012389881569989003,0.0004148329747407305,6.480640819913147e-5,2.066642209737646e-5,3.718991408520246e-6,5.532500707596655e-7,2.2048688825174624e-7,4.103432939988465e-8,1.2482722763996081e-8,2.2656781418898347e-9,5.095156150923269e-10]}