{"4":[2.535220881069771,1.902761279251879,0.7192699098631704,0.6050267365179759,0.5573800756302925,0.24473538041761939,0.11152935459498536,0.04775144139303574,0.013016736588217413,0.004659838212827338,0.0018717558551493993,0.0005249999180515936,0.00012775819187604278,3.0281902397415165e-5,1.0469117900166539e-5,3.3170554054112585e-6,1.1836985886616646e-6,4.839279093930841e-7,1.373987608837794e-7,5.7433509640194757e-8,1.8021106571778186e-8,4.45263176349226e-9,1.1985891376356328e-9,3.2007965923527207e-10],"2":[3.575631323275567,1.4100625250683114,0.9140898590897205,0.43152087213083484,0.40006904245896346,0.20789137494838525,0.09951694408460127,0.04191984541110034,0.020403516054356575,0.006416448600855248,0.0029457180991209406,0.0008522220436073146,0.0002264953260987436,0.00010121861552450436,2.6361072397263325e-5,1.2008024295881053e-5,3.670950615681212e-6,1.14011947149485e-6,3.167920305808151e-7,1.0228965038319545e-7,2.645234768955821e-8,8.863851806452249e-9,1.4452445492549792e-9,6.099383525196546e-10],"3":[2.370760140286674,1.8284866443541323,0.571394013423488,0.33398333465135205,0.27933903384278863,0.17352358564700385,0.09254534975213367,0.04170740359978848,0.01098584146606905,0.004387937842143907,0.001783112876331424,0.0004920585951068695,0.00010539439638620038,2.5501316557239293e-5,8.320980423911024e-6,2.6858410001879293e-6,8.607940442291563e-7,3.497346731322813e-7,9.21718470334242e-8,4.010424373505026e-8,1.4827876321252923e-8,3.813450317771922e-9,9.989402583522876e-10],"1":[2.693521207178867,0.8047913394424345,0.17351258487818955,0.01653508728528407,0.00520959656402605,0.0012497395204275226,0.00041684599597022415,6.537026386959274e-5,2.0907335250836676e-5,3.7310298977263814e-6,5.5371386329528e-7,2.1994259777856886e-7,4.5926104542720284e-8,1.4558653984735792e-8,2.2858707831309124e-9,5.137049533463095e-10]}