{"4":[3.329163804697313,2.219888328390734,2.132348546420752,2.9060120501744193,2.656787383569432,2.2708655267275044,4.7798164059688615,7.689530676960173,6.918408304733353,4.313920150492448,1.0905082046175236,0.4891080659973609,0.18257235384383103,0.05012741113863814,0.015581129948501977,0.0036230532241386146,0.0016802766640635753,0.0005265035455032014,0.00019602538034643095,6.22921996764955e-5,1.9294209382843043e-5,6.211164226118543e-6,2.1602116912070325e-6,4.047010217842467e-7,1.3685506513361782e-7,4.5130911027662287e-8,1.3382059381643841e-8,3.1021341490871396e-9,9.045684238753859e-10],"2":[2.8374174957573723,1.9995389997601227,1.082050856104579,1.3402871788251054,1.4167734661939024,0.935706728163494,1.4184676289499538,2.657361604498894,4.150267571187104,3.1405190650088177,0.8371047254570411,0.3865353966884318,0.14068586505822409,0.03995502080520199,0.01015173072973915,0.00248099405502159,0.0009741833845690854,0.00033977517367297434,0.00012042264455876427,4.250902922936039e-5,1.39839504325833e-5,4.477618879069552e-6,1.546709828080547e-6,3.158907812919757e-7,9.24888625610469e-8,2.7943810994157747e-8,9.143780974247244e-9,2.4212921783787605e-9,9.057606509187643e-10],"3":[3.1570443254623006,2.127303533102334,1.6891944920633715,2.303289241418053,2.2554995357456296,1.778193977414129,3.352030732369159,5.83178326795373,6.2564422906179615,3.9803939318931034,1.0081103834922973,0.4542805822176855,0.16993064984550582,0.04699788390140184,0.013964226511676819,0.0031986937122852597,0.001443217444862976,0.00046274690667477,0.000171292848554996,5.6796803719963876e-5,1.7869145714923784e-5,5.687085878507305e-6,1.994042568991831e-6,3.7651968332418937e-7,1.2391350285283356e-7,3.9711327744416936e-8,1.2299026401690797e-8,3.0272666622214916e-9,1.1399705436287854e-9,1.4715180564354533e-9,9.133688255323175e-10],"1":[2.79715634377269,1.0871799560846982,0.21866687354318812,0.028867811419916973,0.011311314795172733,0.002286790996027105,0.000634297148817783,0.00016322041954522826,3.7752771478198376e-5,4.843648901015227e-6,4.919868142587093e-7,7.77990398571269e-8,3.031980178480806e-8,1.3893206039394249e-8,1.7509310522688257e-9,5.63388830245382e-10]}