{"4":[2.547868889246234,1.9813990289627121,0.7873506671505475,0.8174479375296273,0.8467233946156293,0.4367736099113427,0.43884444403643524,0.7353655145850779,1.637519632775677,2.10503719498668,0.7043223896244418,0.3455256491247465,0.11683139841885817,0.03296425740655319,0.006946780337343998,0.0019789101509181607,0.0006468245754172801,0.00022818112112820565,7.850173726194668e-5,2.7498305013316484e-5,9.676146261575464e-6,3.405188338315938e-6,1.1305613714826825e-6,2.6742437836720635e-7,6.643182842944833e-8,1.8051970257461645e-8,9.459026464882999e-9,9.322695186697937e-9,7.039593314065215e-9,2.6582383839558374e-9,6.431760492826437e-10],"2":[3.7121434585307695,2.428676399416735,3.3392224372892403,4.235195907516425,3.2143641231134485,3.327902687368185,10.174234315945613,12.280508516084787,5.042936532476465,2.6448781763167784,0.9364813802972011,0.4710555269968539,0.19291016776922454,0.05353752923086822,0.01719431764176091,0.004494731334185646,0.002079940640643272,0.0006666179501930266,0.00023393883204277235,6.459776503864336e-5,1.7730481736859128e-5,5.8002485853651766e-6,1.926444152980477e-6,3.7265559427601755e-7,1.0064545315768766e-7,4.371408230335693e-8,1.4297228040724289e-8,8.345994156811179e-9,1.1349686174275642e-8,3.2547899097470646e-9,8.525404625588812e-10],"3":[2.438743025691172,2.005540868996694,0.7287560505078274,0.6877346134505734,0.6965866594970509,0.3028364740798601,0.18897383619958305,0.22498529542153023,0.5258499970471303,1.1363506106790973,0.6184394390148537,0.332380763109949,0.10560668683165605,0.02812860296836665,0.005735506924398441,0.0017182510122741644,0.0005415437174794129,0.00017992159558813926,6.111797403824644e-5,1.9035707069656023e-5,6.337889749561541e-6,2.485448792167204e-6,9.297908069345604e-7,2.4264856639055896e-7,5.573841054345376e-8,1.2329703889178875e-8,4.622358005529779e-9,3.772235603713591e-9,3.5892573644178574e-9,1.7714224733272977e-9,5.30644538117729e-10],"1":[2.7971564098718917,1.0871799327605594,0.21866686234341015,0.02886780626914515,0.011311312930016647,0.0022867904421280645,0.0006342970779278257,0.00016322041048805576,3.7752774289783006e-5,4.843704244827772e-6,4.922239223860638e-7,7.818784578685018e-8,3.4522469012573784e-8,1.520355301301164e-8,1.7612265113156067e-9,5.711455877165284e-10]}