{"kgrid":[1,1,1],"a":10.092857142857143,"temperature":0.0,"Ecut":50.0,"lattice":[[0.0,5.046428571428572,5.046428571428572],[5.046428571428572,0.0,5.046428571428572],[5.046428571428572,5.046428571428572,0.0]],"n_electr":8,"n_bands":4,"α":[0.8,0.8,0.8,0.8,0.8,0.8,0.8,0.8,0.8,0.8,0.8],"energies":[-7.300915589351355,-7.313192013363063,-7.314228487521089,-7.314232489043803,-7.314241609927448,-7.31424548758162,-7.314245586640175,-7.314245593968035,-7.314245593998079,-7.314245594013049,-7.3142455940132916],"residuals":[[1.3578509891825152e-8,1.7674629432537506e-8,1.992480195023856e-8,1.5656413591672764e-8,1.96255010980898e-8,3.1295288915831216e-8,1.5877906729343597e-8]],"smearing":"DFTK.Smearing.None()","ndiag":[1,1,1,1,1,1,1,1,1,1,1],"fft_size":[48,48,48],"eigenvalues":[[-0.14139745911574417,0.3158708371562065,0.3158708385841794,0.31587084070854665,0.40396080373335685,0.4039608049007493,0.40396080624332426]],"n_kirred":1}