{"kgrid":[1,1,1],"a":10.092857142857143,"temperature":0.0,"Ecut":50.0,"lattice":[[0.0,5.046428571428572,5.046428571428572],[5.046428571428572,0.0,5.046428571428572],[5.046428571428572,5.046428571428572,0.0]],"n_electr":8,"n_bands":4,"α":[0.8,0.8,0.8,0.8,0.8,0.8,0.8,0.8,0.8,0.8,0.8],"energies":[-7.301189599271902,-7.313214159215839,-7.314232090362699,-7.314242321798336,-7.314243612596325,-7.314245515727939,-7.3142455853682105,-7.314245593886744,-7.314245594002682,-7.314245594012566,-7.314245594013271],"residuals":[[2.8747262269466764e-8,1.826599243829217e-8,3.1472593288281476e-8,3.743612006082472e-8,5.614564357186516e-8,4.4928705574846275e-8,6.087035160858291e-8]],"smearing":"DFTK.Smearing.None()","ndiag":[1,1,1,1,1,1,1,1,1,1,1],"fft_size":[48,48,48],"eigenvalues":[[-0.14139746367230857,0.3158708290184536,0.3158708302294421,0.31587083249641446,0.4039608016750525,0.4039608032239729,0.4039608035400815]],"n_kirred":1}