{"kgrid":[1,1,1],"a":10.092857142857143,"temperature":0.0,"Ecut":50.0,"lattice":[[0.0,5.046428571428572,5.046428571428572],[5.046428571428572,0.0,5.046428571428572],[5.046428571428572,5.046428571428572,0.0]],"n_electr":8,"n_bands":4,"α":[0.8,0.8,0.8,0.8,0.8,0.8,0.8,0.8,0.8,0.8,0.8],"energies":[-7.300563204336764,-7.313101953826715,-7.314228502097961,-7.314241592480936,-7.314244176540266,-7.314245556593869,-7.314245560036278,-7.3142455939088125,-7.31424559397723,-7.3142455940126005,-7.3142455940132844],"residuals":[[3.797437219340052e-8,3.60377065605169e-8,3.56740586552043e-8,2.632385643447636e-8,3.242605209246316e-8,3.960612931609804e-8,4.2267985981388774e-8]],"smearing":"DFTK.Smearing.None()","ndiag":[1,1,1,1,1,1,1,1,1,1,1],"fft_size":[48,48,48],"eigenvalues":[[-0.14139745360836248,0.3158708404210333,0.3158708467319431,0.31587084737692184,0.4039608107887713,0.40396081090656794,0.4039608129811666]],"n_kirred":1}