{"4":[2.8901190848406015,1.826317449423619,1.4779518152393225,0.9223560072664456,0.7393725764277342,0.4162275145852601,0.19701683878003687,0.09195770109751636,0.032350610885431716,0.015029899301594145,0.006721871497676936,0.006022931793310308,0.0036534518638560625,0.0013257778824293613,0.0005665980470241057,0.00021183904330748297,6.791775449931052e-5,2.9192480645972483e-5,9.587629552482709e-6,1.9998976504245345e-6,4.5011826258998037e-7,1.48108471827344e-7,5.094153373503932e-8,1.0494979263919724e-8,2.4690526338408107e-9,6.810545996618724e-10],"2":[2.2163960153816737,2.135827009543332,0.9009014305147823,0.5648495206156418,0.7448764145859346,0.3228919149389114,0.11017382538143518,0.043415890395701914,0.012400957172129821,0.005601331089991454,0.001987136111496246,0.0008708642767477773,0.00040895049427012233,0.0003643052112865538,0.00017287760244263418,7.104379760072431e-5,2.0690464749615836e-5,7.869553497331724e-6,5.053754214248364e-6,1.0234497834226386e-6,1.7849642923794133e-7,3.485367821039405e-8,1.4846197526447267e-8,3.9461019761020305e-9,1.0935406421587932e-9,2.1345391946656093e-10],"3":[3.2733215271193603,1.765316617264156,1.9501558958206051,1.2495191031672783,0.763797291559712,0.43409173141858215,0.2168238213571582,0.10976092662806984,0.044352962201719394,0.01973073596090621,0.009258176622824564,0.008813685017530002,0.0047804237564438015,0.00145881268496977,0.0007902507121519877,0.0002430363967047328,8.511780426159103e-5,2.9494168049413234e-5,1.0150004179934122e-5,2.1972597194514357e-6,5.457572858211573e-7,1.911941296644057e-7,6.065652951034983e-8,1.3467838422958084e-8,3.191789994348776e-9,9.410177562173259e-10],"1":[2.5131980033683803,0.8962560359227543,0.16878259532167197,0.019898472854043125,0.0065731398452281,0.0011835057326305164,0.00031781854598176667,4.965459843567336e-5,9.663684815412362e-6,1.3257476975066364e-6,3.8566249834890625e-7,1.2602279556697208e-7,2.8618748848970097e-8,3.3737662541800725e-9,1.1676415063258902e-9,1.678848477646825e-10]}