{"4":[2.7934656664767408,1.4784576325591672,1.0217698091909888,0.37668907182338124,0.10821963586331439,0.054423069099886624,0.03542243912139436,0.025366525078205797,0.01385799714502208,0.0067291192608927184,0.0022719384109358407,0.0007854438239903079,0.0003325250780425578,0.00010825634057233727,4.4778122839374256e-5,1.2921019538020738e-5,5.609752941090389e-6,1.2747689003956763e-6,2.4715322829902894e-7,7.851450829909508e-8,2.6114057521426196e-8,6.129661292771431e-9,1.2668962014313395e-9,3.6562399738369835e-10],"2":[2.128595999582677,1.8931961398980517,0.7133331023747698,0.2568974767771836,0.08257115559901523,0.02326991574938576,0.007311611650686694,0.0033527843736352834,0.0017410101192521026,0.0013219353028955819,0.0009060101799992181,0.0004119893413464261,0.00011006719457563844,3.951381469911753e-5,1.1767167755207231e-5,4.953785427345645e-6,2.601338163488389e-6,6.806012043906762e-7,1.1590533719761164e-7,1.8646719652334842e-8,4.701539713000656e-9,1.7545181376734605e-9,4.511275435141686e-10],"3":[3.1576977410881604,1.2482496244166865,0.9616254176666802,0.37977625052705505,0.13312973573305256,0.07733640204299846,0.054383117595090714,0.03349343314448385,0.0192345518404886,0.008497600339900503,0.002720090329902361,0.0009114194881276383,0.0004254771537603837,0.00014054569118393187,4.903852762313879e-5,1.3483150501617062e-5,5.957565757679466e-6,1.3541081798966593e-6,2.9455871125368234e-7,1.0442901840234182e-7,3.071694978817892e-8,7.760128013473195e-9,1.676519216851031e-9,5.051894651444538e-10],"1":[2.4134341899794594,0.6015083071775418,0.12431556924197289,0.008267795019663543,0.0017022988351161363,0.0004615512163347511,0.00011576728214028332,9.107960924603475e-6,1.4321333306921255e-6,3.862774920779765e-7,1.1382979358024353e-7,4.016702787232176e-8,5.830142263673376e-9,9.381042115314761e-10]}