{"4":[2.2218644443849307,2.1269800879623175,0.8978742838442527,0.5635761161888558,0.7409725773025245,0.3236417427970542,0.11259901534088962,0.04440247921541486,0.012582094352592162,0.005695550301269073,0.002049803216457238,0.0009370800004077295,0.0004875077128819855,0.0004182416066407681,0.00018250589519854817,7.401401027320381e-5,2.210865830589184e-5,9.112345568113807e-6,5.378437508219123e-6,1.0410737944424276e-6,1.833854084946433e-7,3.6102758768992504e-8,1.5547789753879172e-8,4.0628170416984635e-9,1.1082373225412502e-9,2.1879798740232423e-10],"2":[2.6115796775445737,1.8762214593604556,1.1740338272358664,0.7410831799744407,0.706433526208721,0.3656908255905003,0.16562831720032625,0.07246620409824699,0.023611514532706837,0.011150905506881923,0.00487911480430906,0.003936970932235087,0.0026022336121391616,0.0011216288837635363,0.00040684333979931065,0.00017729980858229092,5.368283185506975e-5,2.500923979827695e-5,8.553690371935247e-6,1.6453502097452002e-6,3.446596703231793e-7,1.0268860713230851e-7,3.912837240166956e-8,7.969347220579723e-9,1.86327028591869e-9,4.832401625321726e-10],"3":[3.4299578718177752,1.736098156195098,2.153781483014346,1.4083952995629152,0.7381466067512107,0.391172725357139,0.1952538879446024,0.09943736733970558,0.047174846229869255,0.021692321943224395,0.010208440497859473,0.00942440338192858,0.005046695999313993,0.0014638886022001693,0.0008723778793416493,0.0002512341229302481,8.856395617506229e-5,2.769820682952574e-5,9.65035393035404e-6,2.0750855400390303e-6,4.987535831006691e-7,1.8367642980813418e-7,5.8604989869167964e-8,1.4003456065686577e-8,3.371358365481808e-9,1.0353432225069945e-9,2.1205016907374764e-10],"1":[2.513197928992493,0.8962560259502675,0.16878259773042567,0.01989847608903806,0.0065731408614307955,0.0011835057062367306,0.00031781861198407847,4.9654459741479725e-5,9.663163465524332e-6,1.3228390643863234e-6,3.9256986258838503e-7,6.473265661241649e-8,1.400981197853563e-8,3.3047373839377596e-9,1.1661277701297854e-9,1.6773606114586922e-10]}