{"4":[2.1341318948225503,1.8850504991812698,0.7127942155801977,0.2584147597774943,0.08237502938367602,0.02361280399094537,0.007626699863638647,0.0036139033719149428,0.001986841403851054,0.00156012959092703,0.0009771727280507149,0.00042216458717579474,0.0001133509123102053,4.130644270724867e-5,1.2736094822154395e-5,5.6447850251203176e-6,2.765043820013332e-6,6.949707577305392e-7,1.1707698311103918e-7,1.9406552120516777e-8,5.170857919226504e-9,1.9156246504862245e-9,4.74535214002674e-10],"2":[2.5232729186541185,1.6125619185345001,0.9084168034557927,0.33887644983188125,0.09127139947190763,0.038952416403485915,0.02263515265374931,0.017289034972302775,0.00961970712221615,0.005034753579086482,0.0018689085920028008,0.0006629467077394708,0.00025476982511121423,8.70341703482141e-5,3.5606902935813627e-5,1.1994884549304221e-5,4.588379170759413e-6,1.1227161286044998e-6,1.9026118231477723e-7,5.3822639771469435e-8,1.9984542734790785e-8,4.690555293821526e-9,9.431657327198947e-10],"3":[3.305654184132211,1.1500814631965095,0.8224078686089601,0.3341157089408027,0.13514093371791974,0.0871350094053097,0.06311251238030861,0.03313886724328989,0.01937010005474005,0.008618433323943533,0.002849392537467407,0.0009442734207061144,0.0004566836195276681,0.0001536354305597059,4.675965871772941e-5,1.3195945275390923e-5,5.440109388862591e-6,1.281750291350741e-6,2.7469188121813166e-7,9.962150225899353e-8,2.970311838731729e-8,8.007791387018849e-9,1.7986696574219463e-9,5.522400232627056e-10],"1":[2.413434086168312,0.6015082774915799,0.12431555500871515,0.008267794756487033,0.0017022986955095147,0.00046155101128477854,0.00011576727064171392,9.107964552348242e-6,1.4321468946063611e-6,3.8622799395664633e-7,1.1440913240729953e-7,4.0240196833013974e-8,5.830598223770529e-9,9.380877030740262e-10]}