{"4":[2.6534739743897853,1.5514947433771418,0.9721269912791894,0.35889141731574414,0.09858189040909907,0.04597835923233755,0.02854360094979436,0.02126140659566762,0.011613217967060545,0.005860755010698002,0.0020707537692498923,0.0007237834729893834,0.0002927654016948437,9.680193364930335e-5,4.041213872199823e-5,1.2468427948883117e-5,5.107907835829596e-6,1.2037368827780059e-6,2.1786281687098364e-7,6.560489182850145e-8,2.3143382507208587e-8,5.383484511234393e-9,1.095680126496757e-9,3.0887406557407984e-10],"2":[2.4865105325828925,1.6295123825041633,0.8890268906947992,0.3327626562646528,0.08956814858552911,0.037166005359380784,0.02107727564282881,0.016149037738007542,0.009071347636345836,0.004803554784003487,0.0018093243169579794,0.0006453413105486056,0.000243846916637193,8.436157960094023e-5,3.416503085878994e-5,1.184495854926309e-5,4.442543774120597e-6,1.096759017363937e-6,1.8272053613437373e-7,5.060929106467475e-8,1.9025395876413526e-8,4.4978385710359315e-9,9.021038106973022e-10],"3":[3.157969327307633,1.2480669291505768,0.9614427542557958,0.3797333334736796,0.13314244929758146,0.07735356877455872,0.05439793521808316,0.03349662196992492,0.01923732870395677,0.008498457210560396,0.0027203804568765853,0.0009114923401705412,0.000425539103867356,0.00014056989318324677,4.9036766502693236e-5,1.3483001453661879e-5,5.9570484279540305e-6,1.3540680851170814e-6,2.94560260726362e-7,1.0443710374639886e-7,3.0717814268709375e-8,7.760991027398566e-9,1.6767799003137439e-9,5.052827531193936e-10],"1":[2.4134341962796,0.6015082570312511,0.12431555059573463,0.008267794846239305,0.0017022987223167614,0.00046155108535211105,0.00011576720196131196,9.107633196058995e-6,1.4313535830943868e-6,3.8771678464159867e-7,9.072454699468952e-8,1.4767657064792503e-8,5.404719852844092e-9,9.35963810918016e-10]}