{"4":[2.744940034410542,1.849017383306292,1.3121791394121314,0.8214360720108442,0.7192491679807024,0.39004683876578383,0.18098077391799175,0.08166894369509431,0.027659686810586163,0.01302414821367317,0.005756278632154765,0.004907247775934701,0.0031223609667918773,0.0012325351980354638,0.00048113984223827457,0.0001955285771639779,6.0334519881123227e-5,2.738531103649666e-5,9.075651259413763e-6,1.8275291474284602e-6,3.9508038536222166e-7,1.2479461619023707e-7,4.5055117857616184e-8,9.173500373287707e-9,2.148769334631463e-9,5.769623366319342e-10],"2":[2.5742284806965245,1.886012136659668,1.138431065880381,0.7205257182024788,0.7044983147758699,0.3594312554732603,0.16136785192639125,0.07000554782570244,0.022537724945780553,0.010631259861814853,0.004634604989268724,0.0036767952253539977,0.0024527866166537504,0.00108568116471985,0.00038700594590950925,0.00017142505369667417,5.188008929331296e-5,2.4235192729528464e-5,8.398791330494802e-6,1.5923298325259473e-6,3.3090137708275565e-7,9.653870329227895e-8,3.74033543803021e-8,7.638648016883931e-9,1.7864990470620508e-9,4.5576412693972376e-10],"3":[3.273608908310012,1.765265336104811,1.950523053429125,1.2497961703587517,0.7637760201300221,0.434051772364073,0.21681157676762122,0.10976048617161267,0.044360653523503726,0.01973403198402981,0.009260039363652951,0.008815426093276835,0.004781092145584686,0.001458858453717019,0.0007904108549403304,0.00024305411973065937,8.51269068238371e-5,2.9491941262938915e-5,1.014965178777609e-5,2.1971990634394326e-6,5.457595144743779e-7,1.912064587792193e-7,6.065852613101822e-8,1.3469555051399868e-8,3.1925572537389245e-9,9.421754063454308e-10],"1":[2.513198007471854,0.8962560249944764,0.1687825972007681,0.019898474937845603,0.006573140721656818,0.0011835058474582397,0.00031781859899535444,4.9654451915489096e-5,9.66315940638046e-6,1.3228260021158194e-6,3.926092689749649e-7,6.455904086291204e-8,1.1821774272132337e-8,3.2687891951321695e-9,1.165334220412642e-9,1.677103567110536e-10]}