{"kgrid":[1,1,1],"a":10.371428571428572,"temperature":0.0,"Ecut":50.0,"lattice":[[0.0,5.185714285714286,5.185714285714286],[5.185714285714286,0.0,5.185714285714286],[5.185714285714286,5.185714285714286,0.0]],"n_electr":8,"n_bands":4,"α":[0.8,0.8,0.8,0.8,0.8,0.8,0.8,0.8,0.8,0.8,0.8,0.8],"energies":[-7.33192930670781,-7.3420752004352705,-7.3430058304400525,-7.343012627471561,-7.343019389006504,-7.343021255984798,-7.343021528874755,-7.343021552036266,-7.343021552411356,-7.34302155244816,-7.343021552457462,-7.34302155245784],"residuals":[[2.8514351126848546e-8,3.793862913482688e-8,8.79151774534785e-10,3.3578273106597026e-9,2.615564372658335e-9,9.519305922984731e-9,3.239067393153637e-8]],"smearing":"DFTK.Smearing.None()","ndiag":[1,1,1,1,1,1,1,1,1,1,1,1],"fft_size":[50,50,50],"eigenvalues":[[-0.1557208276211177,0.2800117535739794,0.28001175462678346,0.28001175548512097,0.3671282091786406,0.36712821004404633,0.3671282104983624]],"n_kirred":1}