{"kgrid":[1,1,1],"a":10.371428571428572,"temperature":0.0,"Ecut":50.0,"lattice":[[0.0,5.185714285714286,5.185714285714286],[5.185714285714286,0.0,5.185714285714286],[5.185714285714286,5.185714285714286,0.0]],"n_electr":8,"n_bands":4,"α":[0.8,0.8,0.8,0.8,0.8,0.8,0.8,0.8,0.8,0.8,0.8,0.8],"energies":[-7.3319530436910485,-7.3420615395628,-7.342999097429496,-7.342994359047809,-7.343018421822405,-7.343020616516188,-7.343021542417348,-7.343021551571807,-7.343021552341002,-7.343021552446896,-7.343021552457584,-7.343021552457776],"residuals":[[3.7025006612789596e-8,3.100136774653247e-8,2.375393470603497e-8,4.507400721784086e-8,1.6330469187451462e-7,1.8124691067933694e-7,9.253753368933838e-8]],"smearing":"DFTK.Smearing.None()","ndiag":[1,1,1,1,1,1,1,1,1,1,1,1],"fft_size":[50,50,50],"eigenvalues":[[-0.15572082012020813,0.28001175968484915,0.28001176098759256,0.28001176702493863,0.36712821292258163,0.3671282163485567,0.36712821754166236]],"n_kirred":1}