{"kgrid":[1,1,1],"a":10.371428571428572,"temperature":0.0,"Ecut":50.0,"lattice":[[0.0,5.185714285714286,5.185714285714286],[5.185714285714286,0.0,5.185714285714286],[5.185714285714286,5.185714285714286,0.0]],"n_electr":8,"n_bands":4,"α":[0.8,0.8,0.8,0.8,0.8,0.8,0.8,0.8,0.8,0.8,0.8],"energies":[-7.332049473664867,-7.342114075724719,-7.343003184544788,-7.342993461085621,-7.343014874366805,-7.343021341151417,-7.3430215496369975,-7.343021552156899,-7.343021552429077,-7.3430215524568645,-7.3430215524578255],"residuals":[[4.0201944730862e-8,4.137842910586012e-8,4.329007353968932e-8,6.313563852861949e-8,2.2576215416623716e-6,1.9528844278656706e-6,2.199454317965865e-6]],"smearing":"DFTK.Smearing.None()","ndiag":[1,1,1,1,1,1,1,1,1,1,1],"fft_size":[50,50,50],"eigenvalues":[[-0.15572082579105598,0.28001175435728715,0.2800117586200946,0.28001176313595855,0.36712820722760076,0.367128208634244,0.3671282109294124]],"n_kirred":1}