{"4":[2.4532449330068147,1.666586691453666,0.8033673511178896,0.31102299983962334,0.08556150866179482,0.0312844242961716,0.013836245866191903,0.0080727886993869,0.00618468299931251,0.004388830363684553,0.0020431776536016886,0.0007430395863816843,0.00026098265839000933,9.21818832379861e-5,3.849844132858815e-5,1.3829433970383623e-5,4.948519526957042e-6,1.224071980474527e-6,2.0775438457859517e-7,6.213151556832526e-8,2.289493860484328e-8,4.790485863491436e-9,8.82318120140615e-10],"2":[3.2790434734840255,1.1861405846643456,0.8122496999732787,0.2909257318116037,0.10699600706857677,0.059265340570596854,0.03940472686849293,0.023719069655384905,0.019509149684948053,0.009185221658741948,0.0033208766556871282,0.0011923426788832143,0.0005735639908178888,0.0001872281966025083,5.668366802913456e-5,1.6809303543348722e-5,6.7978531838458995e-6,1.5308847081952644e-6,3.578011411998727e-7,1.3286667608152627e-7,3.7580373409072225e-8,9.29354089604105e-9,1.680425338044037e-9,4.6174965236151077e-10],"3":[2.4275280411917204,1.6784383772137033,0.7898794567246483,0.3070205317482427,0.08498572995778997,0.030547005808034544,0.013287982733430626,0.007603122693185849,0.0057952164375671515,0.004196611967708708,0.0019922834257227067,0.0007279950150576531,0.00025116806891159433,8.928069814320217e-5,3.697064348623906e-5,1.3603981726528977e-5,4.817235252183035e-6,1.1990877284958766e-6,2.0149978610757926e-7,5.946138607516723e-8,2.215677239158162e-8,4.6508481541185895e-9,8.590424849923944e-10],"1":[2.463886465782632,0.6239295473441719,0.1345556075637214,0.00902720191927089,0.0019514617245971983,0.00045476260050014277,0.00014800635264208278,1.289472836305833e-5,1.6563522985454383e-6,4.549123711732816e-7,1.6715449531645978e-7,5.5142620260904826e-8,7.209036895994655e-9,1.4812351927971346e-9,4.4547015569052896e-10]}