{"4":[2.182941793669726,1.844073779264,0.6676249362760713,0.25918538981688355,0.08377460669080834,0.024752879323200108,0.008269824824129968,0.003376687589069192,0.0017870358062612196,0.001452187086861264,0.0012219074291202488,0.000558324768636583,0.00014724614857311965,5.158023445117527e-5,1.6733777725596344e-5,7.541145315398852e-6,3.335092097185128e-6,8.610368839264958e-7,1.4500977508758178e-7,3.4002397750120076e-8,1.3815594303845193e-8,3.2287623749258084e-9,6.361057633159352e-10],"2":[3.18241563433281,1.2524972004639876,0.8998614804737617,0.32932318870444893,0.11364676196879092,0.05841789445446598,0.03566523276681724,0.022187035787654536,0.018349403977268502,0.00893070991078467,0.00322265258658532,0.001157102999561682,0.0005408768447597456,0.0001763509467003158,5.924722510985936e-5,1.7116736523255498e-5,7.241212614623295e-6,1.5879570561432912e-6,3.720536466511684e-7,1.3604440726385562e-7,3.776626702882118e-8,8.919267916853174e-9,1.6004764122619088e-9,4.3879570360640593e-10],"3":[2.7652063860268314,1.5204840204459489,0.9519265787720727,0.3491271664548522,0.09813663257940318,0.04279916697570354,0.022051871252483566,0.014284905096526983,0.011184945537798203,0.006617603734767313,0.0026187995431846767,0.000937178122577227,0.00038259559390690944,0.00012689290464672283,5.4189851589119106e-5,1.5847476302079625e-5,6.591765676131302e-6,1.4632814109654466e-6,2.924530106422199e-7,9.78911599399991e-8,3.112940950764987e-8,6.6317213311706966e-9,1.1935561337290837e-9,3.163291227023951e-10],"1":[2.463886469735042,0.6239292326134857,0.13455551895680604,0.0090271985924298,0.0019514598353327034,0.0004547616590078821,0.0001480072211407984,1.2901631676189283e-5,1.6706047696301518e-6,4.861356859847851e-7,2.503215685598647e-7,5.685648073583071e-8,7.774253377647347e-9,1.990226587941727e-9,9.019762119086286e-10]}