{"4":[2.2723637212175682,2.0812297876038035,0.849341779630613,0.5848694923557876,0.7167017736466286,0.30406768172002396,0.1145253747904823,0.04706192929671778,0.013191949321915693,0.005644937784885936,0.0019976878511219535,0.0007107323736085187,0.00019947099971273278,0.00012549762791066394,0.00010325628046888338,7.484190995480244e-5,2.6121376800182628e-5,1.1876833519798829e-5,6.451402740210694e-6,1.201124752273657e-6,2.2400125812380128e-7,4.9592434530439194e-8,2.105596444245379e-8,4.704051085563984e-9,1.1617240715486932e-9,2.8738483759656634e-10],"2":[3.3050903465183823,1.7823057739555448,1.9249827930140881,1.285930698954906,0.7571455810231531,0.3888779417859498,0.19792236298119653,0.09903186520937954,0.03653773267794914,0.012317776966700266,0.0040442010063818585,0.0019851250817991568,0.0017348840918013915,0.0010466796000213466,0.0008483390735088992,0.00027267751299981996,0.00010434410497369142,3.5313139568327685e-5,1.1520787664158294e-5,2.5590659507318366e-6,6.641064999974255e-7,2.338615408966432e-7,7.13242208959092e-8,1.3183227189625947e-8,2.6751983722443557e-9,8.629671335531842e-10],"3":[2.86383407436324,1.8482164310659912,1.358324084338488,0.9064918500566627,0.727707403829424,0.37670513124466776,0.18128331698272837,0.08408237246643456,0.026456499991583015,0.009772669933253573,0.00326670329391123,0.0013909928176158081,0.0010037038968627836,0.000750039927882744,0.0005199681452801351,0.00022368426697032495,7.900497201547701e-5,3.4696119215311804e-5,1.0659563410359881e-5,2.220238248680285e-6,5.115082752709204e-7,1.7006642390261968e-7,5.620126365171484e-8,9.812980629195242e-9,2.068689841408036e-9,5.984905917728122e-10],"1":[2.5651545651374317,0.9392032272300848,0.18051816210204397,0.021689858602972147,0.007503659873757938,0.0013405787626066467,0.00039729509099030333,6.851230037694564e-5,1.332104105049771e-5,1.6280423903290979e-6,3.7172795260381097e-7,9.252173022664736e-8,2.5430141525178253e-8,4.667130116815181e-9,1.501360774617308e-9,2.6331159463826515e-10]}