{"4":[3.256487873367518,1.790724710978424,1.85934026910569,1.2393575276614268,0.760908910869532,0.3965264613636992,0.20121667034053578,0.0999607087576611,0.03573456826030365,0.012120466444316292,0.003968961524111883,0.0019209738484049898,0.0016552744493452884,0.0010216455526963002,0.0008136917643700528,0.00026870139863255415,0.00010267031211249349,3.591337618498076e-5,1.1597869228669419e-5,2.5641193987264294e-6,6.608304231130657e-7,2.3068190444126652e-7,7.042911966818456e-8,1.2860884760933067e-8,2.62830995331006e-9,8.343155052288148e-10],"2":[2.2929985234212786,2.057838053762613,0.8536549094931924,0.5907336807791331,0.7108253934851588,0.3047923252035876,0.11876961891361877,0.04909428760478947,0.013765351033248191,0.005805345785117797,0.0020526406984372773,0.0007359717384429264,0.00022654000055254673,0.00016092761640207755,0.00012856054101876215,8.53530331756835e-5,2.9890568112041894e-5,1.4313319512441275e-5,6.933805078415915e-6,1.2546611448768846e-6,2.3813785223861882e-7,5.447725186731801e-8,2.3184527696932916e-8,4.969254633232485e-9,1.1912927325483796e-9,2.9872907562987165e-10],"3":[2.926325390310716,1.8398692699190506,1.4339593690303394,0.9537861182403369,0.7372223068342408,0.3860741373964079,0.18739387671242236,0.08786953277972134,0.02801830305991671,0.01021540701023864,0.0033899084857486376,0.0014754513998280142,0.0011062010538871018,0.0008013846054809163,0.0005673019450700324,0.00023259252393664453,8.352005060304728e-5,3.5574340032904166e-5,1.0922291714467216e-5,2.3061884640614456e-6,5.418159763116853e-7,1.8214794483622378e-7,5.909449911121047e-8,1.0335926934225376e-8,2.1740807250294462e-9,6.364788961960302e-10],"1":[2.565154578155088,0.9392032518625599,0.18051816704533283,0.021689858949229885,0.00750365981532295,0.0013405788359613468,0.0003972950795718198,6.85123008429038e-5,1.3321045078736583e-5,1.6280820652293953e-6,3.716528453366167e-7,9.267981576234255e-8,2.84642586698071e-8,4.685804846457971e-9,1.5016225676304732e-9,2.6330965722095224e-10]}