{"4":[2.542932000302312,1.910722689215693,1.0266692093954994,0.707107563682278,0.6953891468558929,0.3252720095722753,0.14695034013443684,0.06459117207891651,0.0192094221930326,0.007449297029533207,0.00259154038968147,0.0009991142719854114,0.0005342160981589709,0.0004558119326150354,0.0002975499658116599,0.00016326651843378862,5.559958489294396e-5,2.6758771144991894e-5,9.086438521663534e-6,1.702757849201557e-6,3.578452628595811e-7,1.0525305463530178e-7,3.9573051123828474e-8,7.168447889066517e-9,1.536993902588038e-9,4.192669827508541e-10],"2":[3.4079613085230367,1.7636142032518767,2.06721536291475,1.3888017833635977,0.7401460278377527,0.3599238875347854,0.18062874916123564,0.09008177227410016,0.03701397439824065,0.012569058826150824,0.004190680300299383,0.0021211624576714157,0.0019023078034418348,0.0010928074572302423,0.0009189859934229174,0.0002800014454640588,0.000106394948303789,3.3398004663253535e-5,1.1076655999779138e-5,2.472395620254039e-6,6.339309389712701e-7,2.3073947191235846e-7,7.183476365323735e-8,1.3795268896765587e-8,2.752823224407283e-9,9.226680614975146e-10],"3":[2.5169377360049703,1.9193581363456935,1.0049690381119991,0.6938157039722925,0.695063604480494,0.32199113669501617,0.14423829142732827,0.06311635258932255,0.01868395834309847,0.007275250702862252,0.002536133522102253,0.0009713683987195958,0.0005012393560202555,0.00043003765109253793,0.00028155910449666996,0.00015698442156804936,5.363966965260238e-5,2.588559629582208e-5,8.940554138256573e-6,1.659299747432611e-6,3.462070534401952e-7,1.0012225189764228e-7,3.8142841680768935e-8,6.9615944977253546e-9,1.4984510480665936e-9,4.0600975339745525e-10],"1":[2.5651545272265124,0.9392031657282387,0.18051814836178498,0.02168985644155966,0.007503659344186634,0.0013405783506855113,0.0003972950457542898,6.851260860305059e-5,1.3322172199313742e-5,1.6373129083011319e-6,3.6888240573013975e-7,1.817067194380337e-7,4.3205354651412735e-8,4.732077421708148e-9,1.5023064595035695e-9,2.634802948812986e-10]}