{"4":[3.13673014515909,1.2841821364358557,0.929311552872198,0.3401895085793264,0.11398065965214793,0.05724441642982353,0.03407863267914431,0.02141196986446178,0.017634518075396486,0.00874660426011208,0.003167795920913458,0.001137915507543375,0.0005246995424621894,0.0001710929087579088,5.9933743173575336e-5,1.714569992293231e-5,7.348647752301834e-6,1.5952218029767394e-6,3.70480609655599e-7,1.342762718934875e-7,3.7464024145929806e-8,8.710350826625044e-9,1.5605251213351528e-9,4.269976782981332e-10],"2":[2.2037389436916297,1.8224653134313484,0.6752543637966573,0.2644759148452444,0.08333510833246105,0.02531648857692582,0.008819739137696299,0.0037356171550646353,0.002168926319714622,0.0018711998523750092,0.0013775154269313665,0.0005830136010462654,0.00015815502264476087,5.62486351411263e-5,1.944410602207021e-5,8.89607555542227e-6,3.5726902368621553e-6,9.031287422357981e-7,1.5029748918604056e-7,3.6523235361191804e-8,1.4722914627960218e-8,3.384372477451121e-9,6.589968526178361e-10],"3":[2.82483971908962,1.48717610582368,0.9693479282263613,0.3534065351666311,0.10136350401741209,0.04533010711623794,0.02389650515129333,0.01550567491613119,0.01221810064394102,0.007017944145301544,0.002718539013118484,0.0009740910137670855,0.00040628063664703557,0.0001339586037663084,5.6329394049093826e-5,1.61709998785083e-5,6.858443296569488e-6,1.4982363945219582e-6,3.0886713364970616e-7,1.0495361774373077e-7,3.2489175513547434e-8,6.996140370763503e-9,1.2561831792819086e-9,3.3500293820678446e-10],"1":[2.463886512264871,0.623929534025087,0.13455560270959985,0.009027202763385608,0.0019514619122571039,0.0004547627224110142,0.00014800626712647456,1.2893868700204044e-5,1.6545255697540214e-6,4.5895089344286697e-7,1.1479349534142713e-7,3.592499011097966e-8,7.104744643820643e-9,1.4757700333392422e-9,4.423689902721596e-10]}