{"kgrid":[1,1,1],"a":11.349857142857143,"temperature":0.0,"Ecut":50.0,"lattice":[[0.0,5.6749285714285715,5.6749285714285715],[5.6749285714285715,0.0,5.6749285714285715],[5.6749285714285715,5.6749285714285715,0.0]],"n_electr":8,"n_bands":4,"α":[0.6,0.6,0.6,0.6,0.6,0.6,0.6,0.6,0.6,0.6,0.6,0.6,0.6,0.6,0.6,0.6,0.6],"energies":[-7.381518865958169,-7.385757553470101,-7.384910286040709,-7.386742907623603,-7.38692236976313,-7.386918935343926,-7.386938049185747,-7.386959919262895,-7.386960720518586,-7.38696072767144,-7.386960696292827,-7.386960804017927,-7.386960805947509,-7.386960806269469,-7.386960806315861,-7.386960806325487,-7.386960806326],"residuals":[[3.7483741108026334e-8,1.9126411811223502e-8,3.698814629904053e-8,1.5970526958609923e-8,6.527409437516674e-9,6.6541990012776484e-9,5.650970830586502e-9]],"smearing":"DFTK.Smearing.None()","ndiag":[1,1,1,1,1,1,1,1,1,1,1,1,1,1,1,1,1],"fft_size":[54,54,54],"eigenvalues":[[-0.19811710832488186,0.17688550275490159,0.17688550641993697,0.1768855089191348,0.1841894904346017,0.2594799435469833,0.25947994656369217]],"n_kirred":1}