{"kgrid":[1,1,1],"a":11.349857142857143,"temperature":0.0,"Ecut":50.0,"lattice":[[0.0,5.6749285714285715,5.6749285714285715],[5.6749285714285715,0.0,5.6749285714285715],[5.6749285714285715,5.6749285714285715,0.0]],"n_electr":8,"n_bands":4,"α":[0.6,0.6,0.6,0.6,0.6,0.6,0.6,0.6,0.6,0.6,0.6,0.6,0.6,0.6,0.6,0.6,0.6],"energies":[-7.382178407906469,-7.385897324624591,-7.382241591583479,-7.386892501226523,-7.386895571185857,-7.386900288671333,-7.386956318109844,-7.386959787459485,-7.386960637533624,-7.386960561347873,-7.386960794747245,-7.386960801367007,-7.386960805892198,-7.386960806163147,-7.386960806310167,-7.3869608063260035,-7.386960806326098],"residuals":[[3.233369069653159e-8,2.849826309277088e-8,2.4868135968004093e-8,2.5818093124153877e-8,1.0718555576604274e-8,8.927630841564268e-9,8.627456355967555e-9]],"smearing":"DFTK.Smearing.None()","ndiag":[1,1,1,1,1,1,1,1,1,1,1,1,1,1,1,1,1],"fft_size":[54,54,54],"eigenvalues":[[-0.1981171118972216,0.17688549735657674,0.17688550008427417,0.17688550198959563,0.1841894847802637,0.25947994317258566,0.259479945604514]],"n_kirred":1}