{"kgrid":[1,1,1],"a":11.349857142857143,"temperature":0.0,"Ecut":50.0,"lattice":[[0.0,5.6749285714285715,5.6749285714285715],[5.6749285714285715,0.0,5.6749285714285715],[5.6749285714285715,5.6749285714285715,0.0]],"n_electr":8,"n_bands":4,"α":[0.6,0.6,0.6,0.6,0.6,0.6,0.6,0.6,0.6,0.6,0.6,0.6,0.6,0.6,0.6,0.6,0.6,0.6],"energies":[-7.381794408407269,-7.385703064556259,-7.377509307995947,-7.386923536619707,-7.3868934496404,-7.386887348929459,-7.386945399774653,-7.386959370676365,-7.386960057954382,-7.38696046522506,-7.386960751884772,-7.386960803245122,-7.3869608052822535,-7.386960806287576,-7.386960806313496,-7.38696080632173,-7.386960806326163,-7.386960806326325],"residuals":[[2.1829822073658743e-8,2.4802481618979226e-8,2.8557206666328525e-8,1.525194907635919e-8,1.6566159824076656e-8,1.3259084116063788e-8,1.8776578623986466e-8]],"smearing":"DFTK.Smearing.None()","ndiag":[1,1,1,1,1,1,1,1,1,1,1,1,1,1,1,1,1,1],"fft_size":[54,54,54],"eigenvalues":[[-0.19811711814086228,0.17688549289809646,0.1768854950535844,0.17688549812325696,0.18418947605040145,0.25947993273168835,0.259479935643267]],"n_kirred":1}