{"4":[2.611779738190241,1.7967149377625833,0.7188890342658198,0.4775543870506292,0.4030475845447717,0.22306606134807822,0.11843313864995657,0.052752694855565475,0.014721331953852581,0.004949447131298301,0.001997121083899853,0.000559648626336126,0.00014647359240217218,3.688674103748429e-5,1.3301131172029124e-5,4.232678875032817e-6,1.680440436966105e-6,6.540357675474588e-7,1.7827946244426432e-7,7.081415848329517e-8,2.0788016623401e-8,5.126281920918368e-9,1.3753245215025875e-9,3.8751401686131017e-10],"2":[3.389648290452786,1.6215731221510294,1.2099022207553438,0.8154873177723492,0.5650347332428083,0.2743351613868711,0.16343035182653448,0.07543735795596987,0.025054053008280168,0.007004837072999814,0.0028780211819206714,0.0008237523368742566,0.00023245919323720867,9.49268718798217e-5,2.6790236344651504e-5,1.1057868363427457e-5,3.6933001715184292e-6,1.166389581218392e-6,3.3640129785728645e-7,1.1493147863018118e-7,3.037822474592966e-8,9.728767763397441e-9,2.047156206154255e-9,8.186493922839625e-10],"3":[2.9796678859994628,1.7190122036540574,0.944859424053967,0.5806468934476138,0.43378274411486756,0.2558848660216313,0.15001049359518678,0.06707086659438848,0.01944130990175841,0.005911193381773478,0.002423087566668307,0.0006877858412457121,0.0001937770649591883,6.176193105953282e-5,2.043879470384335e-5,7.099163170759161e-6,2.7922296558888423e-6,9.435833752808759e-7,2.67815204814742e-7,9.616854346648253e-8,2.609006849376784e-8,7.462303725748179e-9,1.8216276433651559e-9,5.936376993217453e-10],"1":[2.705223175256625,0.9256409126857925,0.1885974374282907,0.021248021894102336,0.007686718373034013,0.001728429944969203,0.0005047285627782886,0.00010275444759650332,2.9246895914006757e-5,4.0364739148493846e-6,5.336012231107795e-7,1.9352521918203284e-7,4.618104179803458e-8,1.2425571415675689e-8,2.3088127986424854e-9,6.476075593290978e-10]}