{"4":[2.987235263707461,1.770230650501477,0.9987653234847002,0.6963241072279419,0.5208833995085094,0.27505934307554003,0.1522751501673579,0.0669432498240751,0.019286335466681383,0.00588258805838277,0.002406374166448477,0.0006846909907536829,0.00019290467147655216,6.0853483840008486e-5,2.0257174800868685e-5,7.005827273423643e-6,2.7611924122539374e-6,9.370368997119651e-7,2.652846163417131e-7,9.53003643552027e-8,2.595581712047611e-8,7.386792244876342e-9,1.8054283587385338e-9,5.866562485660187e-10],"2":[2.7006430285064167,1.6973934410851916,0.707706093406323,0.3158190272148441,0.13509165958234484,0.0956445778482725,0.08785176731580473,0.05309340222120613,0.015987106877211985,0.005194191349516566,0.0021254605537268855,0.0005916332902185996,0.00016111078113221344,4.346568709189946e-5,1.5579217305639328e-5,5.027271525450037e-6,2.041031057469786e-6,7.481716656361082e-7,2.0607777690112588e-7,7.906970090089118e-8,2.238066374410571e-8,5.7982614836244384e-9,1.5357671473539788e-9,4.520936628585943e-10],"3":[3.3211799752930498,1.4875201404811347,0.9294590008770849,0.375718799094338,0.2503128378527962,0.18240506907155113,0.13996050177222316,0.0727112744300853,0.02466867666014875,0.006935338811706723,0.002863573101317017,0.0008161866050738521,0.00022929931015618258,9.31023819222624e-5,2.6291355938493685e-5,1.0785350364215558e-5,3.64918241502076e-6,1.1520654143050912e-6,3.346184555121003e-7,1.1464759782279481e-7,3.015430944843409e-8,9.647385318327158e-9,2.062267717251063e-9,8.076114051760678e-10],"1":[2.6766517212463077,0.7548786496595075,0.16767843518954503,0.014560605940732668,0.004132069379202501,0.0009546193582545591,0.00035337753918292106,5.211260542583833e-5,1.3558743636115439e-5,3.1662930225094386e-6,5.22001991787296e-7,2.0756280178603912e-7,5.7843770185527735e-8,1.3004479155519859e-8,2.001124969669909e-9,3.62703874724998e-10]}