{"4":[3.1973104618173123,1.59056115423844,0.989886146698246,0.5017217190577925,0.36026320955272473,0.23604129050111608,0.157750463885081,0.07381224517699556,0.022971269246807,0.0066064930969541346,0.002715066393383297,0.0007758637401343721,0.00021957039491341356,8.20893888451992e-5,2.4431466019442613e-5,9.425608232227986e-6,3.3959802331700503e-6,1.097422985072667e-6,3.183260618700578e-7,1.104735963103394e-7,2.9236476679140112e-8,9.013916957098404e-9,2.024249132327046e-9,7.370418357927429e-10],"2":[2.4938304061867274,1.7645647349198008,0.6227171095353058,0.32397304624304246,0.20235840562071586,0.141552913087957,0.09724893846454676,0.048042437923664416,0.013492405320040856,0.0047669104347648665,0.0019125656371603485,0.000535681930227069,0.00013364104405736376,3.259851534184824e-5,1.1548810201971436e-5,3.6501693768228515e-6,1.3930908417015516e-6,5.694012684874079e-7,1.5546131157541175e-7,6.422448968595876e-8,1.942041751753774e-8,4.650360452583529e-9,1.2461277278103203e-9,3.3572308834611323e-10],"3":[3.19319628923001,1.6218828806088421,1.0286515386072335,0.5747955368957693,0.4213508948814188,0.25583855518485876,0.1619412074972209,0.07400769845661102,0.022803442078279782,0.006575224265897605,0.002698903047573354,0.0007720860086064161,0.00021873072305529214,8.102304288144271e-5,2.4265696866313792e-5,9.303351850059998e-6,3.36937357484509e-6,1.0919277258671218e-6,3.163046322297978e-7,1.0987802605072063e-7,2.912949143075885e-8,8.94314217015532e-9,2.0148906738469434e-9,7.297801102105327e-10],"1":[2.676394718463793,0.751277945120402,0.1672949392085303,0.014411851632614946,0.004045471096367913,0.0009258247211745457,0.00034698637850572115,5.123040114468676e-5,1.2812749338920492e-5,3.117231600092014e-6,5.181960471285648e-7,2.0589934951538496e-7,5.5736081369916414e-8,1.279258981488979e-8,1.987751137156404e-9,3.538202754597094e-10]}