{"4":[3.0163160674665392,2.0471774391554223,1.3811424942819415,1.7211481032900902,1.6559585190916817,1.1154822447122132,1.6892765601537585,2.6003071865561838,2.498838539296358,1.3955676389719465,0.34872041790706443,0.15727859462238886,0.058417889027627984,0.016383929419552974,0.004733412266448624,0.0011284622092184076,0.0004961414479269599,0.00016646888838781868,6.146465215748709e-5,1.9923804475522092e-5,6.244227188891063e-6,1.9978502579059355e-6,6.888507697877752e-7,1.2979690280341133e-7,4.107170060065254e-8,1.2956892558682246e-8,4.246793647711308e-9,1.463078957166577e-9,1.4914184099591213e-9,1.3285481371882236e-9,3.5303608531693687e-10],"2":[2.771023127793016,1.979950491046281,1.0046584343647489,1.1465333410017198,1.1640374871114927,0.685249399644879,0.8665642809653272,1.4196313678494477,1.8657741069559228,1.1674077196631831,0.3015390254176268,0.13916742586575348,0.05006912565652463,0.014371143157563368,0.003573852724333638,0.0009247953922173651,0.00035260420553336747,0.0001269382795341322,4.643143491212138e-5,1.568442601123292e-5,5.09331699743958e-6,1.653400869779023e-6,5.523754663216977e-7,1.1331871738907732e-7,3.2152222726903466e-8,9.519838053707777e-9,3.2008436668983646e-9,1.0293623178765358e-9,8.041338911522492e-10],"3":[3.4325984274278123,2.241796640166349,2.375657433041738,2.956555995253346,2.374085250477697,1.9194369098416546,3.7424058518472174,4.516024640033463,2.8843840924779873,1.6569098126332773,0.42092540347767654,0.18774847796213082,0.06951430889754227,0.01911333192405725,0.006312834576563489,0.0015327356219274387,0.0007369603952246312,0.0002283539642249777,8.331275064153692e-5,2.4567675957359348e-5,7.466463675676172e-6,2.448855475757876e-6,8.398381756601533e-7,1.539014041495469e-7,5.2135550542557346e-8,1.7823818899248293e-8,5.24212223842988e-9,1.7003353798170537e-9,1.9408449940814355e-9,1.540891483466972e-9,4.35481976480975e-10],"1":[2.783722687247537,1.080231495865969,0.2172336742099497,0.028524639722821186,0.01112851133471506,0.0022335809440125758,0.0006272801071493816,0.00015870327759512164,3.621092529068662e-5,4.591697527010774e-6,4.713804859024647e-7,7.460550450701664e-8,3.2261322746749074e-8,1.4494533285214236e-8,1.7718263026974686e-9,5.864891440171533e-10]}