{"4":[3.281722967365196,2.1678853992707166,1.9749684937590986,2.5035812806110305,2.1622167247061017,1.6382092577298033,2.8937202186533892,3.8879830214974818,2.8791427680353685,1.6081194570184878,0.39905908067033546,0.17823037636377326,0.06626278364165114,0.018322929237624543,0.005855448560105374,0.0013866110510855373,0.0006572998684635378,0.00020681568749036233,7.663645114483387e-5,2.3474111550735174e-5,7.233700699782949e-6,2.342564574165528e-6,8.061586536127797e-7,1.4721143481529642e-7,4.942549883842037e-8,1.6232100815465387e-8,4.868005069130998e-9,1.1569443794965258e-9,3.64432271801043e-10],"2":[2.5621755160099995,1.9768793381239562,0.8076634997258312,0.8250981853932499,0.8406244125140897,0.42153485885569414,0.3952749370813417,0.6050581384979702,1.0850509841603702,0.9318372488193714,0.2689693353371703,0.128670065402081,0.04385087552415642,0.012520091243949276,0.002703642369132314,0.0007802197154551954,0.0002572920952432777,9.21183042210301e-5,3.392046585709237e-5,1.164266081560701e-5,3.999661678402097e-6,1.3808385702916465e-6,4.410107907982356e-7,1.0079729711973461e-7,2.5310384795909483e-8,6.610885552238727e-9,2.2289176845379283e-9,6.938988001706206e-10],"3":[3.268173807890252,2.161280279778852,1.941015458384013,2.4626313596542637,2.1401347796463424,1.6121649651277716,2.824633941197483,3.8271321585490714,2.869392832691055,1.600016482667333,0.39676183966481016,0.17726184151195684,0.06592740819760876,0.018239346912094393,0.005807211760071134,0.0013733124931546783,0.0006496431010206436,0.00020484185037533147,7.595646147552305e-5,2.3338837686479667e-5,7.197957485078906e-6,2.328740034130713e-6,8.017121089974619e-7,1.464543266458895e-7,4.909239116515664e-8,1.60883391014444e-8,4.860277249054246e-9,1.207109546681885e-9,5.451157366803038e-10],"1":[2.7837227254049317,1.0802315964109983,0.21723368367978832,0.02852463878204517,0.011128510099385296,0.0022335809599369648,0.0006272801277855467,0.00015870331141535742,3.621097864322318e-5,4.592320538161945e-6,4.740183443005567e-7,8.900008860416898e-8,4.466797972511818e-8,1.5235871319150097e-8,1.773552715099597e-9,5.864963716980396e-10]}