{"4":[2.6530564690123217,1.9715422106455203,0.8828594667442303,0.948934577311975,0.9691315640500991,0.5253134393053364,0.5787416793160114,0.9360644213937275,1.4624591236612117,1.049014950929525,0.2822810859696581,0.1326592141689681,0.046463902953252534,0.013385762660285117,0.003068217804003041,0.0008430715969748262,0.00029585971859920644,0.00010758085943250479,3.949302650259449e-5,1.3521424364996791e-5,4.518731880891825e-6,1.5043784690340692e-6,4.888772788069875e-7,1.0627785013475412e-7,2.8216911065031284e-8,7.899902274916985e-9,2.7033699388426024e-9,9.142744057694089e-10],"2":[3.462271319887575,2.2562723726345175,2.4592864454835226,3.044596719317749,2.408247586465687,1.9728642139132737,3.9317543146376415,4.627737539818751,2.8563844769058364,1.6531463775871025,0.4240428616756487,0.1892728633234909,0.07005004731425539,0.019237323554440928,0.0063847668004267805,0.0015609410438016604,0.0007514136153849877,0.00023252377754641435,8.442227611194217e-5,2.468479886918301e-5,7.468241970276234e-6,2.456453882516557e-6,8.421714681344752e-7,1.5468820302118097e-7,5.231952919271459e-8,1.8009356048312612e-8,5.098610986625755e-9,1.2575522793721311e-9,7.393715752663361e-10],"3":[3.027198851940101,2.0514763169324586,1.402079048742694,1.7512660527413157,1.6788150454564787,1.1367744786900982,1.732744771192587,2.6554538970352595,2.5211814424547767,1.4056043775106666,0.3509146236156722,0.15817304908246058,0.05878491072706415,0.016472529495613383,0.004785032656526233,0.0011386296286022021,0.0005029880385481024,0.00016819141475442272,6.213990862042881e-5,2.0099936084970526e-5,6.293378986166053e-6,2.0138071431601742e-6,6.946403129836383e-7,1.3056196912154777e-7,4.144413338392087e-8,1.3045996243504764e-8,4.134601184609699e-9,1.0624250918356729e-9,4.035565516468599e-10],"1":[2.783722665539309,1.0802313980400362,0.217233654087266,0.028524632349647763,0.011128509310652509,0.0022335802023105674,0.0006272799713731486,0.00015870326601411886,3.621092016894796e-5,4.591640912715298e-6,4.711395777394817e-7,7.431008045121455e-8,2.87617006307381e-8,1.1298457320087886e-8,1.7346953797397656e-9,5.586741148056156e-10]}